respondent_id,interview_date,province,territory,health_zone,health_area,institution_type,faith,assessment,category,chart,value,sort_order
841199154,2026-08-16,North Kivu,Beni,Beni,Kanzuli,Church,ECC,Moderate,High,Preparedness Level,0,1
841548610,2026-08-17,North Kivu,Beni,Beni,Kanzuli,Church,ECC,Low,High,Preparedness Level,0,1
842785213,2026-08-18,North Kivu,Beni,Beni,Kanzuli,Church,ECC,Moderate,High,Preparedness Level,0,1
843341124,2026-08-18,North Kivu,Beni,Beni,Ngongolio,Church,ECC,High,High,Preparedness Level,1,1
843348882,2026-08-18,North Kivu,Beni,Beni,Ngongolio,Church,ECC,High,High,Preparedness Level,1,1
843365757,2026-08-18,North Kivu,Beni,Beni,Tamende,Church,ECC,High,High,Preparedness Level,1,1
843369063,2026-08-18,North Kivu,Beni,Beni,Ngongolio,Church,ECC,High,High,Preparedness Level,1,1
843770142,2026-08-19,North Kivu,Beni,Beni,Boikene,Church,ECC,High,High,Preparedness Level,1,1
843828499,2026-08-18,North Kivu,Beni,Beni,Tamende,Church,ECC,Low,High,Preparedness Level,0,1
843841750,2026-08-19,North Kivu,Beni,Beni,Tamende,Church,Roman Catholic Church,Moderate,High,Preparedness Level,0,1
843887195,2026-08-19,North Kivu,Beni,Beni,Boikene,Denominational school,ECC,Moderate,High,Preparedness Level,0,1
843917903,2026-08-19,North Kivu,Beni,Beni,Boikene,Church,ECC,High,High,Preparedness Level,1,1
843940314,2026-08-19,North Kivu,Beni,Beni,Boikene,Church,ECC,High,High,Preparedness Level,1,1
843992799,2026-08-19,North Kivu,Beni,Beni,Boikene,Church,ECC,High,High,Preparedness Level,1,1
844181691,2026-08-19,North Kivu,Beni,Beni,Boikene,Church,ECC,High,High,Preparedness Level,1,1
845990019,2026-08-21,North Kivu,Beni,Beni,Mabakanga,Faith-based health care facility,ECC,Moderate,High,Preparedness Level,0,1
846487418,2026-08-21,North Kivu,Beni,Beni,Kanzuli,Church,ECC,High,High,Preparedness Level,1,1
846728240,2026-08-22,North Kivu,Beni,Beni,Boikene,Church,ECC,Moderate,High,Preparedness Level,0,1
846742619,2026-08-22,North Kivu,Beni,Beni,Boikene,Church,ECC,Moderate,High,Preparedness Level,0,1
846748689,2026-08-22,North Kivu,Beni,Beni,Boikene,Denominational school,ECC,High,High,Preparedness Level,1,1
847057490,2026-08-22,North Kivu,Beni,Beni,Mandrandele,Church,ECC,High,High,Preparedness Level,1,1
847069287,2026-08-22,North Kivu,Beni,Beni,Mandrandele,Church,ECC,High,High,Preparedness Level,1,1
847082157,2026-08-22,North Kivu,Beni,Beni,Mandrandele,Church,ECC,High,High,Preparedness Level,1,1
847268921,2026-08-23,North Kivu,Beni,Beni,Kasabinyole,Church,ECC,Low,High,Preparedness Level,0,1
847273941,2026-08-23,North Kivu,Beni,Beni,Kasabinyole,Church,ECC,Low,High,Preparedness Level,0,1
847285482,2026-08-23,North Kivu,Beni,Beni,Tuungane,Church,ECC,Low,High,Preparedness Level,0,1
847289604,2026-08-23,North Kivu,Beni,Beni,Tuungane,Denominational school,ECC,Low,High,Preparedness Level,0,1
847293655,2026-08-23,North Kivu,Beni,Beni,Tuungane,Denominational school,ECC,Low,High,Preparedness Level,0,1
847297827,2026-08-23,North Kivu,Beni,Beni,Tuungane,Church,ECC,Low,High,Preparedness Level,0,1
847302416,2026-08-23,North Kivu,Beni,Beni,Tuungane,Church,ECC,Low,High,Preparedness Level,0,1
847307012,2026-08-23,North Kivu,Beni,Beni,Anglicane,Denominational school,ECC,Low,High,Preparedness Level,0,1
847311861,2026-08-23,North Kivu,Beni,Beni,Anglicane,Church,ECC,Low,High,Preparedness Level,0,1
847586408,2026-08-23,North Kivu,Beni,Beni,Kuka,Church,ECC,Moderate,High,Preparedness Level,0,1
847600556,2026-08-23,North Kivu,Beni,Beni,Kuka,Church,ECC,High,High,Preparedness Level,1,1
847610633,2026-08-23,North Kivu,Beni,Beni,Kuka,Church,ECC,High,High,Preparedness Level,1,1
847862794,2026-08-14,North Kivu,Beni,Beni,Malepe,Church,ECC,High,High,Preparedness Level,1,1
849046030,2026-08-25,North Kivu,Beni,Beni,Ngongolio,Church,ECC,High,High,Preparedness Level,1,1
850045824,2026-08-26,North Kivu,Beni,Beni,Mangothe,Church,ECC,Moderate,High,Preparedness Level,0,1
850145543,2026-08-24,North Kivu,Beni,Beni,Malepe,Church,ECC,High,High,Preparedness Level,1,1
850180468,2026-08-26,North Kivu,Beni,Beni,Butanuka,Church,ECC,High,High,Preparedness Level,1,1
850508336,2026-08-26,North Kivu,Beni,Beni,Mabakanga,Faith-based health care facility,ECC,Low,High,Preparedness Level,0,1
850633361,2026-08-26,North Kivu,Beni,Beni,Tamende,Church,ECC,Low,High,Preparedness Level,0,1
850649059,2026-08-26,North Kivu,Beni,Beni,Mabakanga,Church,ECC,Moderate,High,Preparedness Level,0,1
850652676,2026-08-26,North Kivu,Beni,Beni,Gongolio,Church,Roman Catholic Church,Low,High,Preparedness Level,0,1
850657352,2026-08-26,North Kivu,Beni,Beni,Mabakanga,Church,ECC,High,High,Preparedness Level,1,1
850690706,2026-08-26,North Kivu,Beni,Beni,Mandrandele,Church,ECC,High,High,Preparedness Level,1,1
851141363,2026-08-26,North Kivu,Beni,Beni,Boikene,Church,ECC,High,High,Preparedness Level,1,1
851144057,2026-08-27,North Kivu,Beni,Beni,Malepe,Church,ECC,High,High,Preparedness Level,1,1
851154720,2026-08-27,North Kivu,Beni,Beni,Malepe,Church,ECC,High,High,Preparedness Level,1,1
851221822,2026-08-27,North Kivu,Beni,Beni,Malepe,Church,ECC,High,High,Preparedness Level,1,1
851246506,2026-08-27,North Kivu,Beni,Beni,Malepe,Church,ECC,High,High,Preparedness Level,1,1
851251697,2026-08-27,North Kivu,Beni,Beni,Rwangoma,Church,ECC,Moderate,High,Preparedness Level,0,1
851267049,2026-08-27,North Kivu,Beni,Beni,Butanuka,Denominational school,ECC,High,High,Preparedness Level,1,1
851289789,2026-08-27,North Kivu,Beni,Beni,Butanuka,Denominational organization,ECC,High,High,Preparedness Level,1,1
851322369,2026-08-27,North Kivu,Beni,Beni,Rwangoma,Church,ECC,Moderate,High,Preparedness Level,0,1
852140309,2026-08-28,North Kivu,Butembo,Katwa,Mitoya,Denominational school,ECC,Moderate,High,Preparedness Level,0,1
852167593,2026-08-28,North Kivu,Beni,Beni,Kanzuli,Denominational school,ECC,Low,High,Preparedness Level,0,1
852170534,2026-08-28,North Kivu,Butembo,Katwa,Katwa,Denominational school,ECC,High,High,Preparedness Level,1,1
852209874,2026-08-28,North Kivu,Beni,Beni,Kanzuli,Church,ECC,Moderate,High,Preparedness Level,0,1
852221246,2026-08-28,North Kivu,Beni,Beni,Malepe,Church,ECC,Low,High,Preparedness Level,0,1
852223652,2026-08-28,North Kivu,Butembo,Katwa,Mitoya,Church,ECC,High,High,Preparedness Level,1,1
852306872,2026-08-28,North Kivu,Beni,Beni,Kasabinyole,Church,ECC,Low,High,Preparedness Level,0,1
852311269,2026-08-28,North Kivu,Beni,Beni,Gbadolite,Church,ECC,Moderate,High,Preparedness Level,0,1
852311817,2026-08-28,North Kivu,Beni,Beni,Kanzuli,Church,ECC,Low,High,Preparedness Level,0,1
853058765,2026-08-29,North Kivu,Beni,Beni,Kanzuli,Church,ECC,Low,High,Preparedness Level,0,1
853068833,2026-08-29,North Kivu,Beni,Beni,Kanzuli,Church,ECC,Low,High,Preparedness Level,0,1
853700686,2026-08-30,North Kivu,Butembo,Katwa,Katwa,Denominational school,ECC,Low,High,Preparedness Level,0,1
853885257,2026-08-29,North Kivu,Beni,Beni,Beni,Church,ECC,Moderate,High,Preparedness Level,0,1
854183549,2026-08-14,North Kivu,Beni,Beni,Kasabinyole,Church,ECC,High,High,Preparedness Level,1,1
854192402,2026-08-31,North Kivu,Beni,Beni,Mabolio,Church,ECC,Low,High,Preparedness Level,0,1
854226558,2026-08-31,North Kivu,Lubero,Lubero,Rughenda,Church,ECC,Moderate,High,Preparedness Level,0,1
854295690,2026-08-26,North Kivu,Beni,Beni,Malepe,Church,ECC,Moderate,High,Preparedness Level,0,1
854335472,2026-08-31,North Kivu,Butembo,Katwa,Katwa,Church,ECC,Low,High,Preparedness Level,0,1
854361138,2026-08-31,North Kivu,Beni,Beni,Kanzuli,Church,ECC,Moderate,High,Preparedness Level,0,1
854632904,2026-08-31,North Kivu,Butembo,Katwa,Vuhika,Denominational school,ECC,Moderate,High,Preparedness Level,0,1
857307057,2026-08-30,North Kivu,Butembo,Katwa,Masuli,Faith-based health care facility,ECC,High,High,Preparedness Level,1,1
858859254,2026-09-04,North Kivu,Beni,Beni,Mandrandele,Church,ECC,High,High,Preparedness Level,1,1
859495986,2026-08-31,North Kivu,Beni,Beni,Kasabinyole,Church,ECC,High,High,Preparedness Level,1,1
859495990,2026-08-31,North Kivu,Beni,Beni,Butsili,Church,ECC,High,High,Preparedness Level,1,1
859495993,2026-08-31,North Kivu,Beni,Beni,Butsili,Church,ECC,High,High,Preparedness Level,1,1
862786531,2026-09-09,North Kivu,Beni,Beni,Ngilinga Muloku,Church,ECC,High,High,Preparedness Level,1,1
862801808,2026-09-09,North Kivu,Beni,Beni,Kanzuli,Church,ECC,High,High,Preparedness Level,1,1
862818930,2026-09-09,North Kivu,Beni,Beni,Kanzuli,Church,ECC,Moderate,High,Preparedness Level,0,1
862836160,2026-09-09,North Kivu,Beni,Beni,Kanzuli,Denominational school,ECC,Moderate,High,Preparedness Level,0,1
862888563,2026-09-09,North Kivu,Beni,Beni,Kanzuli Nzuki,Denominational school,ECC,High,High,Preparedness Level,1,1
875869474,2026-09-21,North Kivu,Beni,Beni,Kasanga,Faith-based health care facility,ECC,Moderate,High,Preparedness Level,0,1
876079652,2026-09-23,North Kivu,Beni,Beni,Kasanga,Faith-based health care facility,ECC,Low,High,Preparedness Level,0,1
876920737,2026-09-22,Ituri,Djugu,Mangala,Tchele,Church,Roman Catholic Church,Low,High,Preparedness Level,0,1
876996119,2026-09-24,Ituri,Djugu,Mangala,Tchele,Church,Roman Catholic Church,Low,High,Preparedness Level,0,1
877017789,2026-09-24,Ituri,Djugu,Mangala,Tchele,Church,Roman Catholic Church,Low,High,Preparedness Level,0,1
877029755,2026-09-24,Ituri,Djugu,Mangala,Tchele,Church,Roman Catholic Church,Low,High,Preparedness Level,0,1
877043915,2026-09-24,Ituri,Djugu,Mangala,Tchele,Church,Roman Catholic Church,Low,High,Preparedness Level,0,1
878062446,2026-09-25,Ituri,Djugu,Lita,Mutumbi,Church,ECC,High,High,Preparedness Level,1,1
878062450,2026-09-25,Ituri,Djugu,Lita,Mutumbi,Church,ECC,Low,High,Preparedness Level,0,1
878062460,2026-09-25,Ituri,Djugu,Lita,Mutumbi,Church,ECC,Low,High,Preparedness Level,0,1
878062468,2026-09-25,Ituri,Djugu,Lita,Mutumbi,Church,ECC,High,High,Preparedness Level,1,1
878062475,2026-09-25,Ituri,Djugu,Lita,Mutumbi,Church,ECC,Moderate,High,Preparedness Level,0,1
878771972,2026-09-25,Ituri,Djugu,Mangala,Tchele,Church,Roman Catholic Church,Low,High,Preparedness Level,0,1
878771977,2026-09-26,Ituri,Djugu,Mangala,Tchele,Church,ECC,Low,High,Preparedness Level,0,1
878775076,2026-09-26,Ituri,Djugu,Mangala,Tchele,Church,ECC,Low,High,Preparedness Level,0,1
878784129,2026-09-26,Ituri,Djugu,Mangala,Tchele,Church,Roman Catholic Church,Low,High,Preparedness Level,0,1
878790544,2026-09-26,Ituri,Djugu,Mangala,Tchele,Church,Roman Catholic Church,Low,High,Preparedness Level,0,1
878794554,2026-09-26,Ituri,Djugu,Mangala,Tchele,Church,Roman Catholic Church,Low,High,Preparedness Level,0,1
878860056,2026-09-26,Ituri,Djugu,Mangala,Tchele,Church,Roman Catholic Church,Low,High,Preparedness Level,0,1
878863016,2026-09-26,Ituri,Djugu,Mangala,Tchele,Church,ECC,Low,High,Preparedness Level,0,1
878869824,2026-09-26,Ituri,Djugu,Mangala,Tchele,Church,ECC,Low,High,Preparedness Level,0,1
878896880,2026-09-26,Ituri,Djugu,Mangala,Tchele,Church,ECC,Low,High,Preparedness Level,0,1
878997028,2026-09-26,Ituri,Djugu,Lita,Bahwere,Denominational school,ECC,Low,High,Preparedness Level,0,1
878997035,2026-09-26,Ituri,Djugu,Lita,Bahwere,Denominational school,ECC,Low,High,Preparedness Level,0,1
878997051,2026-09-26,Ituri,Djugu,Lita,Bahwere,Church,ECC,Low,High,Preparedness Level,0,1
878997059,2026-09-26,Ituri,Djugu,Lita,Bahwere,Church,ECC,Moderate,High,Preparedness Level,0,1
878997068,2026-09-26,Ituri,Djugu,Lita,Bahwere,Denominational school,ECC,Moderate,High,Preparedness Level,0,1
878997075,2026-09-26,Ituri,Djugu,Lita,Bahwere,Church,Roman Catholic Church,Moderate,High,Preparedness Level,0,1
878997091,2026-09-26,Ituri,Djugu,Lita,Bahwere,Church,ECC,Moderate,High,Preparedness Level,0,1
878997100,2026-09-26,Ituri,Djugu,Lita,Bahwere,Denominational organization,ECC,Moderate,High,Preparedness Level,0,1
878997108,2026-09-26,Ituri,Djugu,Lita,Bahwere,Church,ECC,Low,High,Preparedness Level,0,1
878997115,2026-09-26,Ituri,Djugu,Lita,Bahwere,Church,ECC,Moderate,High,Preparedness Level,0,1
879117541,2026-09-26,Ituri,Djugu,Mangala,Tchele,Church,ECC,Low,High,Preparedness Level,0,1
879122054,2026-09-26,Ituri,Djugu,Mangala,Tchele,Church,ECC,Low,High,Preparedness Level,0,1
879202178,2026-09-25,Ituri,Djugu,Mangala,Tchele,Church,ECC,Low,High,Preparedness Level,0,1
879365390,2026-09-25,Ituri,Djugu,Mangala,Tchele,Church,ECC,Low,High,Preparedness Level,0,1
879365392,2026-09-25,Ituri,Djugu,Mangala,Tchele,Church,ECC,Low,High,Preparedness Level,0,1
879365398,2026-09-25,Ituri,Djugu,Mangala,Tchele,Church,ECC,Low,High,Preparedness Level,0,1
879365403,2026-09-25,Ituri,Djugu,Mangala,Tchele,Church,ECC,Low,High,Preparedness Level,0,1
879365407,2026-09-26,Ituri,Djugu,Mangala,Tchele,Church,ECC,Low,High,Preparedness Level,0,1
879365412,2026-09-26,Ituri,Djugu,Mangala,Tchele,Church,ECC,Low,High,Preparedness Level,0,1
879365414,2026-09-26,Ituri,Djugu,Mangala,Tchele,Church,ECC,Low,High,Preparedness Level,0,1
879365416,2026-09-26,Ituri,Djugu,Mangala,Tchele,Church,ECC,Low,High,Preparedness Level,0,1
879365422,2026-09-26,Ituri,Djugu,Mangala,Tchele,Church,ECC,Low,High,Preparedness Level,0,1
879365427,2026-09-26,Ituri,Djugu,Mangala,Tchele,Church,ECC,Low,High,Preparedness Level,0,1
879365432,2026-09-26,Ituri,Djugu,Mangala,Tchele,Church,ECC,Low,High,Preparedness Level,0,1
879365444,2026-09-26,Ituri,Djugu,Mangala,Tcy,Church,ECC,Low,High,Preparedness Level,0,1
879365450,2026-09-26,Ituri,Djugu,Mangala,Tchele,Church,ECC,Low,High,Preparedness Level,0,1
879365457,2026-09-26,Ituri,Djugu,Mangala,Tchele,Church,ECC,Low,High,Preparedness Level,0,1
879365462,2026-09-26,Ituri,Djugu,Mangala,Tchele,Church,ECC,Low,High,Preparedness Level,0,1
879365465,2026-09-26,Ituri,Djugu,Mangala,Tchele,Church,ECC,Low,High,Preparedness Level,0,1
879365468,2026-09-26,Ituri,Djugu,Mangala,Tchele,Church,ECC,Low,High,Preparedness Level,0,1
879365474,2026-09-26,Ituri,Djugu,Mangala,Tchele,Church,ECC,Low,High,Preparedness Level,0,1
879365478,2026-09-26,Ituri,Djugu,Mangala,Tchele,Church,ECC,Low,High,Preparedness Level,0,1
879552531,2026-09-27,Ituri,Djugu,Mangala,Tchele,Church,ECC,Low,High,Preparedness Level,0,1
879554947,2026-09-27,Ituri,Djugu,Mangala,Tchele,Church,ECC,Low,High,Preparedness Level,0,1
879635788,2026-09-27,Ituri,Djugu,Lita,Mutumbi,Faith-based health care facility,Roman Catholic Church,High,High,Preparedness Level,1,1
879635794,2026-09-27,Ituri,Djugu,Lita,Mutumbi,Church,Roman Catholic Church,Moderate,High,Preparedness Level,0,1
879635804,2026-09-27,Ituri,Djugu,Lita,Mutumbi,Church,ECC,High,High,Preparedness Level,1,1
879635814,2026-09-27,Ituri,Djugu,Lita,Mutumbi,Church,Roman Catholic Church,Moderate,High,Preparedness Level,0,1
879635826,2026-09-27,Ituri,Djugu,Lita,Mutumbi,Denominational school,ECC,Moderate,High,Preparedness Level,0,1
879685393,2026-09-23,Ituri,Djugu,Lita,Katoto,Faith-based health care facility,ECC,Low,High,Preparedness Level,0,1
879685396,2026-09-24,Ituri,Djugu,Lita,Katoto,Church,ECC,High,High,Preparedness Level,1,1
879685410,2026-09-25,Ituri,Djugu,Lita,Katoto,Church,ECC,Low,High,Preparedness Level,0,1
879685425,2026-09-25,Ituri,Djugu,Lita,Katoto,Church,ECC,Moderate,High,Preparedness Level,0,1
879685439,2026-09-25,Ituri,Djugu,Lita,Katoto,Church,ECC,High,High,Preparedness Level,1,1
879685455,2026-09-25,Ituri,Djugu,Lita,Katoto,Church,Roman Catholic Church,Low,High,Preparedness Level,0,1
879685474,2026-09-26,Ituri,Djugu,Lita,Katoto,Church,ECC,High,High,Preparedness Level,1,1
879685485,2026-09-26,Ituri,Djugu,Lita,Katoto,Church,Roman Catholic Church,Moderate,High,Preparedness Level,0,1
879685494,2026-09-26,Ituri,Djugu,Lita,Katoto,Church,Roman Catholic Church,Moderate,High,Preparedness Level,0,1
879685509,2026-09-27,Ituri,Djugu,Lita,Katoto,Church,ECC,Low,High,Preparedness Level,0,1
879685519,2026-09-27,Ituri,Djugu,Lita,Katoto,Church,ECC,Low,High,Preparedness Level,0,1
879685625,2026-09-27,Ituri,Djugu,Lita,Katoto,Church,ECC,Low,High,Preparedness Level,0,1
879685659,2026-09-27,Ituri,Djugu,Lita,Katoto,Church,ECC,Low,High,Preparedness Level,0,1
879685672,2026-09-27,Ituri,Djugu,Lita,Katoto,Church,Roman Catholic Church,Low,High,Preparedness Level,0,1
879685682,2026-09-27,Ituri,Djugu,Lita,Katoto,Church,Roman Catholic Church,High,High,Preparedness Level,1,1
879685686,2026-09-27,Ituri,Djugu,Lita,Katoto,Church,Roman Catholic Church,Low,High,Preparedness Level,0,1
879686019,2026-09-27,Ituri,Djugu,Lita,Katoto,Church,ECC,Low,High,Preparedness Level,0,1
879686043,2026-09-27,Ituri,Djugu,Lita,Katoto,Church,ECC,Moderate,High,Preparedness Level,0,1
879686056,2026-09-27,Ituri,Djugu,Lita,Katoto,Church,ECC,Moderate,High,Preparedness Level,0,1
879686066,2026-09-27,Ituri,Djugu,Lita,Katoto,Church,ECC,Low,High,Preparedness Level,0,1
841199154,2026-08-16,North Kivu,Beni,Beni,Kanzuli,Church,ECC,Moderate,Moderate,Preparedness Level,1,2
841548610,2026-08-17,North Kivu,Beni,Beni,Kanzuli,Church,ECC,Low,Moderate,Preparedness Level,0,2
842785213,2026-08-18,North Kivu,Beni,Beni,Kanzuli,Church,ECC,Moderate,Moderate,Preparedness Level,1,2
843341124,2026-08-18,North Kivu,Beni,Beni,Ngongolio,Church,ECC,High,Moderate,Preparedness Level,0,2
843348882,2026-08-18,North Kivu,Beni,Beni,Ngongolio,Church,ECC,High,Moderate,Preparedness Level,0,2
843365757,2026-08-18,North Kivu,Beni,Beni,Tamende,Church,ECC,High,Moderate,Preparedness Level,0,2
843369063,2026-08-18,North Kivu,Beni,Beni,Ngongolio,Church,ECC,High,Moderate,Preparedness Level,0,2
843770142,2026-08-19,North Kivu,Beni,Beni,Boikene,Church,ECC,High,Moderate,Preparedness Level,0,2
843828499,2026-08-18,North Kivu,Beni,Beni,Tamende,Church,ECC,Low,Moderate,Preparedness Level,0,2
843841750,2026-08-19,North Kivu,Beni,Beni,Tamende,Church,Roman Catholic Church,Moderate,Moderate,Preparedness Level,1,2
843887195,2026-08-19,North Kivu,Beni,Beni,Boikene,Denominational school,ECC,Moderate,Moderate,Preparedness Level,1,2
843917903,2026-08-19,North Kivu,Beni,Beni,Boikene,Church,ECC,High,Moderate,Preparedness Level,0,2
843940314,2026-08-19,North Kivu,Beni,Beni,Boikene,Church,ECC,High,Moderate,Preparedness Level,0,2
843992799,2026-08-19,North Kivu,Beni,Beni,Boikene,Church,ECC,High,Moderate,Preparedness Level,0,2
844181691,2026-08-19,North Kivu,Beni,Beni,Boikene,Church,ECC,High,Moderate,Preparedness Level,0,2
845990019,2026-08-21,North Kivu,Beni,Beni,Mabakanga,Faith-based health care facility,ECC,Moderate,Moderate,Preparedness Level,1,2
846487418,2026-08-21,North Kivu,Beni,Beni,Kanzuli,Church,ECC,High,Moderate,Preparedness Level,0,2
846728240,2026-08-22,North Kivu,Beni,Beni,Boikene,Church,ECC,Moderate,Moderate,Preparedness Level,1,2
846742619,2026-08-22,North Kivu,Beni,Beni,Boikene,Church,ECC,Moderate,Moderate,Preparedness Level,1,2
846748689,2026-08-22,North Kivu,Beni,Beni,Boikene,Denominational school,ECC,High,Moderate,Preparedness Level,0,2
847057490,2026-08-22,North Kivu,Beni,Beni,Mandrandele,Church,ECC,High,Moderate,Preparedness Level,0,2
847069287,2026-08-22,North Kivu,Beni,Beni,Mandrandele,Church,ECC,High,Moderate,Preparedness Level,0,2
847082157,2026-08-22,North Kivu,Beni,Beni,Mandrandele,Church,ECC,High,Moderate,Preparedness Level,0,2
847268921,2026-08-23,North Kivu,Beni,Beni,Kasabinyole,Church,ECC,Low,Moderate,Preparedness Level,0,2
847273941,2026-08-23,North Kivu,Beni,Beni,Kasabinyole,Church,ECC,Low,Moderate,Preparedness Level,0,2
847285482,2026-08-23,North Kivu,Beni,Beni,Tuungane,Church,ECC,Low,Moderate,Preparedness Level,0,2
847289604,2026-08-23,North Kivu,Beni,Beni,Tuungane,Denominational school,ECC,Low,Moderate,Preparedness Level,0,2
847293655,2026-08-23,North Kivu,Beni,Beni,Tuungane,Denominational school,ECC,Low,Moderate,Preparedness Level,0,2
847297827,2026-08-23,North Kivu,Beni,Beni,Tuungane,Church,ECC,Low,Moderate,Preparedness Level,0,2
847302416,2026-08-23,North Kivu,Beni,Beni,Tuungane,Church,ECC,Low,Moderate,Preparedness Level,0,2
847307012,2026-08-23,North Kivu,Beni,Beni,Anglicane,Denominational school,ECC,Low,Moderate,Preparedness Level,0,2
847311861,2026-08-23,North Kivu,Beni,Beni,Anglicane,Church,ECC,Low,Moderate,Preparedness Level,0,2
847586408,2026-08-23,North Kivu,Beni,Beni,Kuka,Church,ECC,Moderate,Moderate,Preparedness Level,1,2
847600556,2026-08-23,North Kivu,Beni,Beni,Kuka,Church,ECC,High,Moderate,Preparedness Level,0,2
847610633,2026-08-23,North Kivu,Beni,Beni,Kuka,Church,ECC,High,Moderate,Preparedness Level,0,2
847862794,2026-08-14,North Kivu,Beni,Beni,Malepe,Church,ECC,High,Moderate,Preparedness Level,0,2
849046030,2026-08-25,North Kivu,Beni,Beni,Ngongolio,Church,ECC,High,Moderate,Preparedness Level,0,2
850045824,2026-08-26,North Kivu,Beni,Beni,Mangothe,Church,ECC,Moderate,Moderate,Preparedness Level,1,2
850145543,2026-08-24,North Kivu,Beni,Beni,Malepe,Church,ECC,High,Moderate,Preparedness Level,0,2
850180468,2026-08-26,North Kivu,Beni,Beni,Butanuka,Church,ECC,High,Moderate,Preparedness Level,0,2
850508336,2026-08-26,North Kivu,Beni,Beni,Mabakanga,Faith-based health care facility,ECC,Low,Moderate,Preparedness Level,0,2
850633361,2026-08-26,North Kivu,Beni,Beni,Tamende,Church,ECC,Low,Moderate,Preparedness Level,0,2
850649059,2026-08-26,North Kivu,Beni,Beni,Mabakanga,Church,ECC,Moderate,Moderate,Preparedness Level,1,2
850652676,2026-08-26,North Kivu,Beni,Beni,Gongolio,Church,Roman Catholic Church,Low,Moderate,Preparedness Level,0,2
850657352,2026-08-26,North Kivu,Beni,Beni,Mabakanga,Church,ECC,High,Moderate,Preparedness Level,0,2
850690706,2026-08-26,North Kivu,Beni,Beni,Mandrandele,Church,ECC,High,Moderate,Preparedness Level,0,2
851141363,2026-08-26,North Kivu,Beni,Beni,Boikene,Church,ECC,High,Moderate,Preparedness Level,0,2
851144057,2026-08-27,North Kivu,Beni,Beni,Malepe,Church,ECC,High,Moderate,Preparedness Level,0,2
851154720,2026-08-27,North Kivu,Beni,Beni,Malepe,Church,ECC,High,Moderate,Preparedness Level,0,2
851221822,2026-08-27,North Kivu,Beni,Beni,Malepe,Church,ECC,High,Moderate,Preparedness Level,0,2
851246506,2026-08-27,North Kivu,Beni,Beni,Malepe,Church,ECC,High,Moderate,Preparedness Level,0,2
851251697,2026-08-27,North Kivu,Beni,Beni,Rwangoma,Church,ECC,Moderate,Moderate,Preparedness Level,1,2
851267049,2026-08-27,North Kivu,Beni,Beni,Butanuka,Denominational school,ECC,High,Moderate,Preparedness Level,0,2
851289789,2026-08-27,North Kivu,Beni,Beni,Butanuka,Denominational organization,ECC,High,Moderate,Preparedness Level,0,2
851322369,2026-08-27,North Kivu,Beni,Beni,Rwangoma,Church,ECC,Moderate,Moderate,Preparedness Level,1,2
852140309,2026-08-28,North Kivu,Butembo,Katwa,Mitoya,Denominational school,ECC,Moderate,Moderate,Preparedness Level,1,2
852167593,2026-08-28,North Kivu,Beni,Beni,Kanzuli,Denominational school,ECC,Low,Moderate,Preparedness Level,0,2
852170534,2026-08-28,North Kivu,Butembo,Katwa,Katwa,Denominational school,ECC,High,Moderate,Preparedness Level,0,2
852209874,2026-08-28,North Kivu,Beni,Beni,Kanzuli,Church,ECC,Moderate,Moderate,Preparedness Level,1,2
852221246,2026-08-28,North Kivu,Beni,Beni,Malepe,Church,ECC,Low,Moderate,Preparedness Level,0,2
852223652,2026-08-28,North Kivu,Butembo,Katwa,Mitoya,Church,ECC,High,Moderate,Preparedness Level,0,2
852306872,2026-08-28,North Kivu,Beni,Beni,Kasabinyole,Church,ECC,Low,Moderate,Preparedness Level,0,2
852311269,2026-08-28,North Kivu,Beni,Beni,Gbadolite,Church,ECC,Moderate,Moderate,Preparedness Level,1,2
852311817,2026-08-28,North Kivu,Beni,Beni,Kanzuli,Church,ECC,Low,Moderate,Preparedness Level,0,2
853058765,2026-08-29,North Kivu,Beni,Beni,Kanzuli,Church,ECC,Low,Moderate,Preparedness Level,0,2
853068833,2026-08-29,North Kivu,Beni,Beni,Kanzuli,Church,ECC,Low,Moderate,Preparedness Level,0,2
853700686,2026-08-30,North Kivu,Butembo,Katwa,Katwa,Denominational school,ECC,Low,Moderate,Preparedness Level,0,2
853885257,2026-08-29,North Kivu,Beni,Beni,Beni,Church,ECC,Moderate,Moderate,Preparedness Level,1,2
854183549,2026-08-14,North Kivu,Beni,Beni,Kasabinyole,Church,ECC,High,Moderate,Preparedness Level,0,2
854192402,2026-08-31,North Kivu,Beni,Beni,Mabolio,Church,ECC,Low,Moderate,Preparedness Level,0,2
854226558,2026-08-31,North Kivu,Lubero,Lubero,Rughenda,Church,ECC,Moderate,Moderate,Preparedness Level,1,2
854295690,2026-08-26,North Kivu,Beni,Beni,Malepe,Church,ECC,Moderate,Moderate,Preparedness Level,1,2
854335472,2026-08-31,North Kivu,Butembo,Katwa,Katwa,Church,ECC,Low,Moderate,Preparedness Level,0,2
854361138,2026-08-31,North Kivu,Beni,Beni,Kanzuli,Church,ECC,Moderate,Moderate,Preparedness Level,1,2
854632904,2026-08-31,North Kivu,Butembo,Katwa,Vuhika,Denominational school,ECC,Moderate,Moderate,Preparedness Level,1,2
857307057,2026-08-30,North Kivu,Butembo,Katwa,Masuli,Faith-based health care facility,ECC,High,Moderate,Preparedness Level,0,2
858859254,2026-09-04,North Kivu,Beni,Beni,Mandrandele,Church,ECC,High,Moderate,Preparedness Level,0,2
859495986,2026-08-31,North Kivu,Beni,Beni,Kasabinyole,Church,ECC,High,Moderate,Preparedness Level,0,2
859495990,2026-08-31,North Kivu,Beni,Beni,Butsili,Church,ECC,High,Moderate,Preparedness Level,0,2
859495993,2026-08-31,North Kivu,Beni,Beni,Butsili,Church,ECC,High,Moderate,Preparedness Level,0,2
862786531,2026-09-09,North Kivu,Beni,Beni,Ngilinga Muloku,Church,ECC,High,Moderate,Preparedness Level,0,2
862801808,2026-09-09,North Kivu,Beni,Beni,Kanzuli,Church,ECC,High,Moderate,Preparedness Level,0,2
862818930,2026-09-09,North Kivu,Beni,Beni,Kanzuli,Church,ECC,Moderate,Moderate,Preparedness Level,1,2
862836160,2026-09-09,North Kivu,Beni,Beni,Kanzuli,Denominational school,ECC,Moderate,Moderate,Preparedness Level,1,2
862888563,2026-09-09,North Kivu,Beni,Beni,Kanzuli Nzuki,Denominational school,ECC,High,Moderate,Preparedness Level,0,2
875869474,2026-09-21,North Kivu,Beni,Beni,Kasanga,Faith-based health care facility,ECC,Moderate,Moderate,Preparedness Level,1,2
876079652,2026-09-23,North Kivu,Beni,Beni,Kasanga,Faith-based health care facility,ECC,Low,Moderate,Preparedness Level,0,2
876920737,2026-09-22,Ituri,Djugu,Mangala,Tchele,Church,Roman Catholic Church,Low,Moderate,Preparedness Level,0,2
876996119,2026-09-24,Ituri,Djugu,Mangala,Tchele,Church,Roman Catholic Church,Low,Moderate,Preparedness Level,0,2
877017789,2026-09-24,Ituri,Djugu,Mangala,Tchele,Church,Roman Catholic Church,Low,Moderate,Preparedness Level,0,2
877029755,2026-09-24,Ituri,Djugu,Mangala,Tchele,Church,Roman Catholic Church,Low,Moderate,Preparedness Level,0,2
877043915,2026-09-24,Ituri,Djugu,Mangala,Tchele,Church,Roman Catholic Church,Low,Moderate,Preparedness Level,0,2
878062446,2026-09-25,Ituri,Djugu,Lita,Mutumbi,Church,ECC,High,Moderate,Preparedness Level,0,2
878062450,2026-09-25,Ituri,Djugu,Lita,Mutumbi,Church,ECC,Low,Moderate,Preparedness Level,0,2
878062460,2026-09-25,Ituri,Djugu,Lita,Mutumbi,Church,ECC,Low,Moderate,Preparedness Level,0,2
878062468,2026-09-25,Ituri,Djugu,Lita,Mutumbi,Church,ECC,High,Moderate,Preparedness Level,0,2
878062475,2026-09-25,Ituri,Djugu,Lita,Mutumbi,Church,ECC,Moderate,Moderate,Preparedness Level,1,2
878771972,2026-09-25,Ituri,Djugu,Mangala,Tchele,Church,Roman Catholic Church,Low,Moderate,Preparedness Level,0,2
878771977,2026-09-26,Ituri,Djugu,Mangala,Tchele,Church,ECC,Low,Moderate,Preparedness Level,0,2
878775076,2026-09-26,Ituri,Djugu,Mangala,Tchele,Church,ECC,Low,Moderate,Preparedness Level,0,2
878784129,2026-09-26,Ituri,Djugu,Mangala,Tchele,Church,Roman Catholic Church,Low,Moderate,Preparedness Level,0,2
878790544,2026-09-26,Ituri,Djugu,Mangala,Tchele,Church,Roman Catholic Church,Low,Moderate,Preparedness Level,0,2
878794554,2026-09-26,Ituri,Djugu,Mangala,Tchele,Church,Roman Catholic Church,Low,Moderate,Preparedness Level,0,2
878860056,2026-09-26,Ituri,Djugu,Mangala,Tchele,Church,Roman Catholic Church,Low,Moderate,Preparedness Level,0,2
878863016,2026-09-26,Ituri,Djugu,Mangala,Tchele,Church,ECC,Low,Moderate,Preparedness Level,0,2
878869824,2026-09-26,Ituri,Djugu,Mangala,Tchele,Church,ECC,Low,Moderate,Preparedness Level,0,2
878896880,2026-09-26,Ituri,Djugu,Mangala,Tchele,Church,ECC,Low,Moderate,Preparedness Level,0,2
878997028,2026-09-26,Ituri,Djugu,Lita,Bahwere,Denominational school,ECC,Low,Moderate,Preparedness Level,0,2
878997035,2026-09-26,Ituri,Djugu,Lita,Bahwere,Denominational school,ECC,Low,Moderate,Preparedness Level,0,2
878997051,2026-09-26,Ituri,Djugu,Lita,Bahwere,Church,ECC,Low,Moderate,Preparedness Level,0,2
878997059,2026-09-26,Ituri,Djugu,Lita,Bahwere,Church,ECC,Moderate,Moderate,Preparedness Level,1,2
878997068,2026-09-26,Ituri,Djugu,Lita,Bahwere,Denominational school,ECC,Moderate,Moderate,Preparedness Level,1,2
878997075,2026-09-26,Ituri,Djugu,Lita,Bahwere,Church,Roman Catholic Church,Moderate,Moderate,Preparedness Level,1,2
878997091,2026-09-26,Ituri,Djugu,Lita,Bahwere,Church,ECC,Moderate,Moderate,Preparedness Level,1,2
878997100,2026-09-26,Ituri,Djugu,Lita,Bahwere,Denominational organization,ECC,Moderate,Moderate,Preparedness Level,1,2
878997108,2026-09-26,Ituri,Djugu,Lita,Bahwere,Church,ECC,Low,Moderate,Preparedness Level,0,2
878997115,2026-09-26,Ituri,Djugu,Lita,Bahwere,Church,ECC,Moderate,Moderate,Preparedness Level,1,2
879117541,2026-09-26,Ituri,Djugu,Mangala,Tchele,Church,ECC,Low,Moderate,Preparedness Level,0,2
879122054,2026-09-26,Ituri,Djugu,Mangala,Tchele,Church,ECC,Low,Moderate,Preparedness Level,0,2
879202178,2026-09-25,Ituri,Djugu,Mangala,Tchele,Church,ECC,Low,Moderate,Preparedness Level,0,2
879365390,2026-09-25,Ituri,Djugu,Mangala,Tchele,Church,ECC,Low,Moderate,Preparedness Level,0,2
879365392,2026-09-25,Ituri,Djugu,Mangala,Tchele,Church,ECC,Low,Moderate,Preparedness Level,0,2
879365398,2026-09-25,Ituri,Djugu,Mangala,Tchele,Church,ECC,Low,Moderate,Preparedness Level,0,2
879365403,2026-09-25,Ituri,Djugu,Mangala,Tchele,Church,ECC,Low,Moderate,Preparedness Level,0,2
879365407,2026-09-26,Ituri,Djugu,Mangala,Tchele,Church,ECC,Low,Moderate,Preparedness Level,0,2
879365412,2026-09-26,Ituri,Djugu,Mangala,Tchele,Church,ECC,Low,Moderate,Preparedness Level,0,2
879365414,2026-09-26,Ituri,Djugu,Mangala,Tchele,Church,ECC,Low,Moderate,Preparedness Level,0,2
879365416,2026-09-26,Ituri,Djugu,Mangala,Tchele,Church,ECC,Low,Moderate,Preparedness Level,0,2
879365422,2026-09-26,Ituri,Djugu,Mangala,Tchele,Church,ECC,Low,Moderate,Preparedness Level,0,2
879365427,2026-09-26,Ituri,Djugu,Mangala,Tchele,Church,ECC,Low,Moderate,Preparedness Level,0,2
879365432,2026-09-26,Ituri,Djugu,Mangala,Tchele,Church,ECC,Low,Moderate,Preparedness Level,0,2
879365444,2026-09-26,Ituri,Djugu,Mangala,Tcy,Church,ECC,Low,Moderate,Preparedness Level,0,2
879365450,2026-09-26,Ituri,Djugu,Mangala,Tchele,Church,ECC,Low,Moderate,Preparedness Level,0,2
879365457,2026-09-26,Ituri,Djugu,Mangala,Tchele,Church,ECC,Low,Moderate,Preparedness Level,0,2
879365462,2026-09-26,Ituri,Djugu,Mangala,Tchele,Church,ECC,Low,Moderate,Preparedness Level,0,2
879365465,2026-09-26,Ituri,Djugu,Mangala,Tchele,Church,ECC,Low,Moderate,Preparedness Level,0,2
879365468,2026-09-26,Ituri,Djugu,Mangala,Tchele,Church,ECC,Low,Moderate,Preparedness Level,0,2
879365474,2026-09-26,Ituri,Djugu,Mangala,Tchele,Church,ECC,Low,Moderate,Preparedness Level,0,2
879365478,2026-09-26,Ituri,Djugu,Mangala,Tchele,Church,ECC,Low,Moderate,Preparedness Level,0,2
879552531,2026-09-27,Ituri,Djugu,Mangala,Tchele,Church,ECC,Low,Moderate,Preparedness Level,0,2
879554947,2026-09-27,Ituri,Djugu,Mangala,Tchele,Church,ECC,Low,Moderate,Preparedness Level,0,2
879635788,2026-09-27,Ituri,Djugu,Lita,Mutumbi,Faith-based health care facility,Roman Catholic Church,High,Moderate,Preparedness Level,0,2
879635794,2026-09-27,Ituri,Djugu,Lita,Mutumbi,Church,Roman Catholic Church,Moderate,Moderate,Preparedness Level,1,2
879635804,2026-09-27,Ituri,Djugu,Lita,Mutumbi,Church,ECC,High,Moderate,Preparedness Level,0,2
879635814,2026-09-27,Ituri,Djugu,Lita,Mutumbi,Church,Roman Catholic Church,Moderate,Moderate,Preparedness Level,1,2
879635826,2026-09-27,Ituri,Djugu,Lita,Mutumbi,Denominational school,ECC,Moderate,Moderate,Preparedness Level,1,2
879685393,2026-09-23,Ituri,Djugu,Lita,Katoto,Faith-based health care facility,ECC,Low,Moderate,Preparedness Level,0,2
879685396,2026-09-24,Ituri,Djugu,Lita,Katoto,Church,ECC,High,Moderate,Preparedness Level,0,2
879685410,2026-09-25,Ituri,Djugu,Lita,Katoto,Church,ECC,Low,Moderate,Preparedness Level,0,2
879685425,2026-09-25,Ituri,Djugu,Lita,Katoto,Church,ECC,Moderate,Moderate,Preparedness Level,1,2
879685439,2026-09-25,Ituri,Djugu,Lita,Katoto,Church,ECC,High,Moderate,Preparedness Level,0,2
879685455,2026-09-25,Ituri,Djugu,Lita,Katoto,Church,Roman Catholic Church,Low,Moderate,Preparedness Level,0,2
879685474,2026-09-26,Ituri,Djugu,Lita,Katoto,Church,ECC,High,Moderate,Preparedness Level,0,2
879685485,2026-09-26,Ituri,Djugu,Lita,Katoto,Church,Roman Catholic Church,Moderate,Moderate,Preparedness Level,1,2
879685494,2026-09-26,Ituri,Djugu,Lita,Katoto,Church,Roman Catholic Church,Moderate,Moderate,Preparedness Level,1,2
879685509,2026-09-27,Ituri,Djugu,Lita,Katoto,Church,ECC,Low,Moderate,Preparedness Level,0,2
879685519,2026-09-27,Ituri,Djugu,Lita,Katoto,Church,ECC,Low,Moderate,Preparedness Level,0,2
879685625,2026-09-27,Ituri,Djugu,Lita,Katoto,Church,ECC,Low,Moderate,Preparedness Level,0,2
879685659,2026-09-27,Ituri,Djugu,Lita,Katoto,Church,ECC,Low,Moderate,Preparedness Level,0,2
879685672,2026-09-27,Ituri,Djugu,Lita,Katoto,Church,Roman Catholic Church,Low,Moderate,Preparedness Level,0,2
879685682,2026-09-27,Ituri,Djugu,Lita,Katoto,Church,Roman Catholic Church,High,Moderate,Preparedness Level,0,2
879685686,2026-09-27,Ituri,Djugu,Lita,Katoto,Church,Roman Catholic Church,Low,Moderate,Preparedness Level,0,2
879686019,2026-09-27,Ituri,Djugu,Lita,Katoto,Church,ECC,Low,Moderate,Preparedness Level,0,2
879686043,2026-09-27,Ituri,Djugu,Lita,Katoto,Church,ECC,Moderate,Moderate,Preparedness Level,1,2
879686056,2026-09-27,Ituri,Djugu,Lita,Katoto,Church,ECC,Moderate,Moderate,Preparedness Level,1,2
879686066,2026-09-27,Ituri,Djugu,Lita,Katoto,Church,ECC,Low,Moderate,Preparedness Level,0,2
841199154,2026-08-16,North Kivu,Beni,Beni,Kanzuli,Church,ECC,Moderate,Low,Preparedness Level,0,3
841548610,2026-08-17,North Kivu,Beni,Beni,Kanzuli,Church,ECC,Low,Low,Preparedness Level,1,3
842785213,2026-08-18,North Kivu,Beni,Beni,Kanzuli,Church,ECC,Moderate,Low,Preparedness Level,0,3
843341124,2026-08-18,North Kivu,Beni,Beni,Ngongolio,Church,ECC,High,Low,Preparedness Level,0,3
843348882,2026-08-18,North Kivu,Beni,Beni,Ngongolio,Church,ECC,High,Low,Preparedness Level,0,3
843365757,2026-08-18,North Kivu,Beni,Beni,Tamende,Church,ECC,High,Low,Preparedness Level,0,3
843369063,2026-08-18,North Kivu,Beni,Beni,Ngongolio,Church,ECC,High,Low,Preparedness Level,0,3
843770142,2026-08-19,North Kivu,Beni,Beni,Boikene,Church,ECC,High,Low,Preparedness Level,0,3
843828499,2026-08-18,North Kivu,Beni,Beni,Tamende,Church,ECC,Low,Low,Preparedness Level,1,3
843841750,2026-08-19,North Kivu,Beni,Beni,Tamende,Church,Roman Catholic Church,Moderate,Low,Preparedness Level,0,3
843887195,2026-08-19,North Kivu,Beni,Beni,Boikene,Denominational school,ECC,Moderate,Low,Preparedness Level,0,3
843917903,2026-08-19,North Kivu,Beni,Beni,Boikene,Church,ECC,High,Low,Preparedness Level,0,3
843940314,2026-08-19,North Kivu,Beni,Beni,Boikene,Church,ECC,High,Low,Preparedness Level,0,3
843992799,2026-08-19,North Kivu,Beni,Beni,Boikene,Church,ECC,High,Low,Preparedness Level,0,3
844181691,2026-08-19,North Kivu,Beni,Beni,Boikene,Church,ECC,High,Low,Preparedness Level,0,3
845990019,2026-08-21,North Kivu,Beni,Beni,Mabakanga,Faith-based health care facility,ECC,Moderate,Low,Preparedness Level,0,3
846487418,2026-08-21,North Kivu,Beni,Beni,Kanzuli,Church,ECC,High,Low,Preparedness Level,0,3
846728240,2026-08-22,North Kivu,Beni,Beni,Boikene,Church,ECC,Moderate,Low,Preparedness Level,0,3
846742619,2026-08-22,North Kivu,Beni,Beni,Boikene,Church,ECC,Moderate,Low,Preparedness Level,0,3
846748689,2026-08-22,North Kivu,Beni,Beni,Boikene,Denominational school,ECC,High,Low,Preparedness Level,0,3
847057490,2026-08-22,North Kivu,Beni,Beni,Mandrandele,Church,ECC,High,Low,Preparedness Level,0,3
847069287,2026-08-22,North Kivu,Beni,Beni,Mandrandele,Church,ECC,High,Low,Preparedness Level,0,3
847082157,2026-08-22,North Kivu,Beni,Beni,Mandrandele,Church,ECC,High,Low,Preparedness Level,0,3
847268921,2026-08-23,North Kivu,Beni,Beni,Kasabinyole,Church,ECC,Low,Low,Preparedness Level,1,3
847273941,2026-08-23,North Kivu,Beni,Beni,Kasabinyole,Church,ECC,Low,Low,Preparedness Level,1,3
847285482,2026-08-23,North Kivu,Beni,Beni,Tuungane,Church,ECC,Low,Low,Preparedness Level,1,3
847289604,2026-08-23,North Kivu,Beni,Beni,Tuungane,Denominational school,ECC,Low,Low,Preparedness Level,1,3
847293655,2026-08-23,North Kivu,Beni,Beni,Tuungane,Denominational school,ECC,Low,Low,Preparedness Level,1,3
847297827,2026-08-23,North Kivu,Beni,Beni,Tuungane,Church,ECC,Low,Low,Preparedness Level,1,3
847302416,2026-08-23,North Kivu,Beni,Beni,Tuungane,Church,ECC,Low,Low,Preparedness Level,1,3
847307012,2026-08-23,North Kivu,Beni,Beni,Anglicane,Denominational school,ECC,Low,Low,Preparedness Level,1,3
847311861,2026-08-23,North Kivu,Beni,Beni,Anglicane,Church,ECC,Low,Low,Preparedness Level,1,3
847586408,2026-08-23,North Kivu,Beni,Beni,Kuka,Church,ECC,Moderate,Low,Preparedness Level,0,3
847600556,2026-08-23,North Kivu,Beni,Beni,Kuka,Church,ECC,High,Low,Preparedness Level,0,3
847610633,2026-08-23,North Kivu,Beni,Beni,Kuka,Church,ECC,High,Low,Preparedness Level,0,3
847862794,2026-08-14,North Kivu,Beni,Beni,Malepe,Church,ECC,High,Low,Preparedness Level,0,3
849046030,2026-08-25,North Kivu,Beni,Beni,Ngongolio,Church,ECC,High,Low,Preparedness Level,0,3
850045824,2026-08-26,North Kivu,Beni,Beni,Mangothe,Church,ECC,Moderate,Low,Preparedness Level,0,3
850145543,2026-08-24,North Kivu,Beni,Beni,Malepe,Church,ECC,High,Low,Preparedness Level,0,3
850180468,2026-08-26,North Kivu,Beni,Beni,Butanuka,Church,ECC,High,Low,Preparedness Level,0,3
850508336,2026-08-26,North Kivu,Beni,Beni,Mabakanga,Faith-based health care facility,ECC,Low,Low,Preparedness Level,1,3
850633361,2026-08-26,North Kivu,Beni,Beni,Tamende,Church,ECC,Low,Low,Preparedness Level,1,3
850649059,2026-08-26,North Kivu,Beni,Beni,Mabakanga,Church,ECC,Moderate,Low,Preparedness Level,0,3
850652676,2026-08-26,North Kivu,Beni,Beni,Gongolio,Church,Roman Catholic Church,Low,Low,Preparedness Level,1,3
850657352,2026-08-26,North Kivu,Beni,Beni,Mabakanga,Church,ECC,High,Low,Preparedness Level,0,3
850690706,2026-08-26,North Kivu,Beni,Beni,Mandrandele,Church,ECC,High,Low,Preparedness Level,0,3
851141363,2026-08-26,North Kivu,Beni,Beni,Boikene,Church,ECC,High,Low,Preparedness Level,0,3
851144057,2026-08-27,North Kivu,Beni,Beni,Malepe,Church,ECC,High,Low,Preparedness Level,0,3
851154720,2026-08-27,North Kivu,Beni,Beni,Malepe,Church,ECC,High,Low,Preparedness Level,0,3
851221822,2026-08-27,North Kivu,Beni,Beni,Malepe,Church,ECC,High,Low,Preparedness Level,0,3
851246506,2026-08-27,North Kivu,Beni,Beni,Malepe,Church,ECC,High,Low,Preparedness Level,0,3
851251697,2026-08-27,North Kivu,Beni,Beni,Rwangoma,Church,ECC,Moderate,Low,Preparedness Level,0,3
851267049,2026-08-27,North Kivu,Beni,Beni,Butanuka,Denominational school,ECC,High,Low,Preparedness Level,0,3
851289789,2026-08-27,North Kivu,Beni,Beni,Butanuka,Denominational organization,ECC,High,Low,Preparedness Level,0,3
851322369,2026-08-27,North Kivu,Beni,Beni,Rwangoma,Church,ECC,Moderate,Low,Preparedness Level,0,3
852140309,2026-08-28,North Kivu,Butembo,Katwa,Mitoya,Denominational school,ECC,Moderate,Low,Preparedness Level,0,3
852167593,2026-08-28,North Kivu,Beni,Beni,Kanzuli,Denominational school,ECC,Low,Low,Preparedness Level,1,3
852170534,2026-08-28,North Kivu,Butembo,Katwa,Katwa,Denominational school,ECC,High,Low,Preparedness Level,0,3
852209874,2026-08-28,North Kivu,Beni,Beni,Kanzuli,Church,ECC,Moderate,Low,Preparedness Level,0,3
852221246,2026-08-28,North Kivu,Beni,Beni,Malepe,Church,ECC,Low,Low,Preparedness Level,1,3
852223652,2026-08-28,North Kivu,Butembo,Katwa,Mitoya,Church,ECC,High,Low,Preparedness Level,0,3
852306872,2026-08-28,North Kivu,Beni,Beni,Kasabinyole,Church,ECC,Low,Low,Preparedness Level,1,3
852311269,2026-08-28,North Kivu,Beni,Beni,Gbadolite,Church,ECC,Moderate,Low,Preparedness Level,0,3
852311817,2026-08-28,North Kivu,Beni,Beni,Kanzuli,Church,ECC,Low,Low,Preparedness Level,1,3
853058765,2026-08-29,North Kivu,Beni,Beni,Kanzuli,Church,ECC,Low,Low,Preparedness Level,1,3
853068833,2026-08-29,North Kivu,Beni,Beni,Kanzuli,Church,ECC,Low,Low,Preparedness Level,1,3
853700686,2026-08-30,North Kivu,Butembo,Katwa,Katwa,Denominational school,ECC,Low,Low,Preparedness Level,1,3
853885257,2026-08-29,North Kivu,Beni,Beni,Beni,Church,ECC,Moderate,Low,Preparedness Level,0,3
854183549,2026-08-14,North Kivu,Beni,Beni,Kasabinyole,Church,ECC,High,Low,Preparedness Level,0,3
854192402,2026-08-31,North Kivu,Beni,Beni,Mabolio,Church,ECC,Low,Low,Preparedness Level,1,3
854226558,2026-08-31,North Kivu,Lubero,Lubero,Rughenda,Church,ECC,Moderate,Low,Preparedness Level,0,3
854295690,2026-08-26,North Kivu,Beni,Beni,Malepe,Church,ECC,Moderate,Low,Preparedness Level,0,3
854335472,2026-08-31,North Kivu,Butembo,Katwa,Katwa,Church,ECC,Low,Low,Preparedness Level,1,3
854361138,2026-08-31,North Kivu,Beni,Beni,Kanzuli,Church,ECC,Moderate,Low,Preparedness Level,0,3
854632904,2026-08-31,North Kivu,Butembo,Katwa,Vuhika,Denominational school,ECC,Moderate,Low,Preparedness Level,0,3
857307057,2026-08-30,North Kivu,Butembo,Katwa,Masuli,Faith-based health care facility,ECC,High,Low,Preparedness Level,0,3
858859254,2026-09-04,North Kivu,Beni,Beni,Mandrandele,Church,ECC,High,Low,Preparedness Level,0,3
859495986,2026-08-31,North Kivu,Beni,Beni,Kasabinyole,Church,ECC,High,Low,Preparedness Level,0,3
859495990,2026-08-31,North Kivu,Beni,Beni,Butsili,Church,ECC,High,Low,Preparedness Level,0,3
859495993,2026-08-31,North Kivu,Beni,Beni,Butsili,Church,ECC,High,Low,Preparedness Level,0,3
862786531,2026-09-09,North Kivu,Beni,Beni,Ngilinga Muloku,Church,ECC,High,Low,Preparedness Level,0,3
862801808,2026-09-09,North Kivu,Beni,Beni,Kanzuli,Church,ECC,High,Low,Preparedness Level,0,3
862818930,2026-09-09,North Kivu,Beni,Beni,Kanzuli,Church,ECC,Moderate,Low,Preparedness Level,0,3
862836160,2026-09-09,North Kivu,Beni,Beni,Kanzuli,Denominational school,ECC,Moderate,Low,Preparedness Level,0,3
862888563,2026-09-09,North Kivu,Beni,Beni,Kanzuli Nzuki,Denominational school,ECC,High,Low,Preparedness Level,0,3
875869474,2026-09-21,North Kivu,Beni,Beni,Kasanga,Faith-based health care facility,ECC,Moderate,Low,Preparedness Level,0,3
876079652,2026-09-23,North Kivu,Beni,Beni,Kasanga,Faith-based health care facility,ECC,Low,Low,Preparedness Level,1,3
876920737,2026-09-22,Ituri,Djugu,Mangala,Tchele,Church,Roman Catholic Church,Low,Low,Preparedness Level,1,3
876996119,2026-09-24,Ituri,Djugu,Mangala,Tchele,Church,Roman Catholic Church,Low,Low,Preparedness Level,1,3
877017789,2026-09-24,Ituri,Djugu,Mangala,Tchele,Church,Roman Catholic Church,Low,Low,Preparedness Level,1,3
877029755,2026-09-24,Ituri,Djugu,Mangala,Tchele,Church,Roman Catholic Church,Low,Low,Preparedness Level,1,3
877043915,2026-09-24,Ituri,Djugu,Mangala,Tchele,Church,Roman Catholic Church,Low,Low,Preparedness Level,1,3
878062446,2026-09-25,Ituri,Djugu,Lita,Mutumbi,Church,ECC,High,Low,Preparedness Level,0,3
878062450,2026-09-25,Ituri,Djugu,Lita,Mutumbi,Church,ECC,Low,Low,Preparedness Level,1,3
878062460,2026-09-25,Ituri,Djugu,Lita,Mutumbi,Church,ECC,Low,Low,Preparedness Level,1,3
878062468,2026-09-25,Ituri,Djugu,Lita,Mutumbi,Church,ECC,High,Low,Preparedness Level,0,3
878062475,2026-09-25,Ituri,Djugu,Lita,Mutumbi,Church,ECC,Moderate,Low,Preparedness Level,0,3
878771972,2026-09-25,Ituri,Djugu,Mangala,Tchele,Church,Roman Catholic Church,Low,Low,Preparedness Level,1,3
878771977,2026-09-26,Ituri,Djugu,Mangala,Tchele,Church,ECC,Low,Low,Preparedness Level,1,3
878775076,2026-09-26,Ituri,Djugu,Mangala,Tchele,Church,ECC,Low,Low,Preparedness Level,1,3
878784129,2026-09-26,Ituri,Djugu,Mangala,Tchele,Church,Roman Catholic Church,Low,Low,Preparedness Level,1,3
878790544,2026-09-26,Ituri,Djugu,Mangala,Tchele,Church,Roman Catholic Church,Low,Low,Preparedness Level,1,3
878794554,2026-09-26,Ituri,Djugu,Mangala,Tchele,Church,Roman Catholic Church,Low,Low,Preparedness Level,1,3
878860056,2026-09-26,Ituri,Djugu,Mangala,Tchele,Church,Roman Catholic Church,Low,Low,Preparedness Level,1,3
878863016,2026-09-26,Ituri,Djugu,Mangala,Tchele,Church,ECC,Low,Low,Preparedness Level,1,3
878869824,2026-09-26,Ituri,Djugu,Mangala,Tchele,Church,ECC,Low,Low,Preparedness Level,1,3
878896880,2026-09-26,Ituri,Djugu,Mangala,Tchele,Church,ECC,Low,Low,Preparedness Level,1,3
878997028,2026-09-26,Ituri,Djugu,Lita,Bahwere,Denominational school,ECC,Low,Low,Preparedness Level,1,3
878997035,2026-09-26,Ituri,Djugu,Lita,Bahwere,Denominational school,ECC,Low,Low,Preparedness Level,1,3
878997051,2026-09-26,Ituri,Djugu,Lita,Bahwere,Church,ECC,Low,Low,Preparedness Level,1,3
878997059,2026-09-26,Ituri,Djugu,Lita,Bahwere,Church,ECC,Moderate,Low,Preparedness Level,0,3
878997068,2026-09-26,Ituri,Djugu,Lita,Bahwere,Denominational school,ECC,Moderate,Low,Preparedness Level,0,3
878997075,2026-09-26,Ituri,Djugu,Lita,Bahwere,Church,Roman Catholic Church,Moderate,Low,Preparedness Level,0,3
878997091,2026-09-26,Ituri,Djugu,Lita,Bahwere,Church,ECC,Moderate,Low,Preparedness Level,0,3
878997100,2026-09-26,Ituri,Djugu,Lita,Bahwere,Denominational organization,ECC,Moderate,Low,Preparedness Level,0,3
878997108,2026-09-26,Ituri,Djugu,Lita,Bahwere,Church,ECC,Low,Low,Preparedness Level,1,3
878997115,2026-09-26,Ituri,Djugu,Lita,Bahwere,Church,ECC,Moderate,Low,Preparedness Level,0,3
879117541,2026-09-26,Ituri,Djugu,Mangala,Tchele,Church,ECC,Low,Low,Preparedness Level,1,3
879122054,2026-09-26,Ituri,Djugu,Mangala,Tchele,Church,ECC,Low,Low,Preparedness Level,1,3
879202178,2026-09-25,Ituri,Djugu,Mangala,Tchele,Church,ECC,Low,Low,Preparedness Level,1,3
879365390,2026-09-25,Ituri,Djugu,Mangala,Tchele,Church,ECC,Low,Low,Preparedness Level,1,3
879365392,2026-09-25,Ituri,Djugu,Mangala,Tchele,Church,ECC,Low,Low,Preparedness Level,1,3
879365398,2026-09-25,Ituri,Djugu,Mangala,Tchele,Church,ECC,Low,Low,Preparedness Level,1,3
879365403,2026-09-25,Ituri,Djugu,Mangala,Tchele,Church,ECC,Low,Low,Preparedness Level,1,3
879365407,2026-09-26,Ituri,Djugu,Mangala,Tchele,Church,ECC,Low,Low,Preparedness Level,1,3
879365412,2026-09-26,Ituri,Djugu,Mangala,Tchele,Church,ECC,Low,Low,Preparedness Level,1,3
879365414,2026-09-26,Ituri,Djugu,Mangala,Tchele,Church,ECC,Low,Low,Preparedness Level,1,3
879365416,2026-09-26,Ituri,Djugu,Mangala,Tchele,Church,ECC,Low,Low,Preparedness Level,1,3
879365422,2026-09-26,Ituri,Djugu,Mangala,Tchele,Church,ECC,Low,Low,Preparedness Level,1,3
879365427,2026-09-26,Ituri,Djugu,Mangala,Tchele,Church,ECC,Low,Low,Preparedness Level,1,3
879365432,2026-09-26,Ituri,Djugu,Mangala,Tchele,Church,ECC,Low,Low,Preparedness Level,1,3
879365444,2026-09-26,Ituri,Djugu,Mangala,Tcy,Church,ECC,Low,Low,Preparedness Level,1,3
879365450,2026-09-26,Ituri,Djugu,Mangala,Tchele,Church,ECC,Low,Low,Preparedness Level,1,3
879365457,2026-09-26,Ituri,Djugu,Mangala,Tchele,Church,ECC,Low,Low,Preparedness Level,1,3
879365462,2026-09-26,Ituri,Djugu,Mangala,Tchele,Church,ECC,Low,Low,Preparedness Level,1,3
879365465,2026-09-26,Ituri,Djugu,Mangala,Tchele,Church,ECC,Low,Low,Preparedness Level,1,3
879365468,2026-09-26,Ituri,Djugu,Mangala,Tchele,Church,ECC,Low,Low,Preparedness Level,1,3
879365474,2026-09-26,Ituri,Djugu,Mangala,Tchele,Church,ECC,Low,Low,Preparedness Level,1,3
879365478,2026-09-26,Ituri,Djugu,Mangala,Tchele,Church,ECC,Low,Low,Preparedness Level,1,3
879552531,2026-09-27,Ituri,Djugu,Mangala,Tchele,Church,ECC,Low,Low,Preparedness Level,1,3
879554947,2026-09-27,Ituri,Djugu,Mangala,Tchele,Church,ECC,Low,Low,Preparedness Level,1,3
879635788,2026-09-27,Ituri,Djugu,Lita,Mutumbi,Faith-based health care facility,Roman Catholic Church,High,Low,Preparedness Level,0,3
879635794,2026-09-27,Ituri,Djugu,Lita,Mutumbi,Church,Roman Catholic Church,Moderate,Low,Preparedness Level,0,3
879635804,2026-09-27,Ituri,Djugu,Lita,Mutumbi,Church,ECC,High,Low,Preparedness Level,0,3
879635814,2026-09-27,Ituri,Djugu,Lita,Mutumbi,Church,Roman Catholic Church,Moderate,Low,Preparedness Level,0,3
879635826,2026-09-27,Ituri,Djugu,Lita,Mutumbi,Denominational school,ECC,Moderate,Low,Preparedness Level,0,3
879685393,2026-09-23,Ituri,Djugu,Lita,Katoto,Faith-based health care facility,ECC,Low,Low,Preparedness Level,1,3
879685396,2026-09-24,Ituri,Djugu,Lita,Katoto,Church,ECC,High,Low,Preparedness Level,0,3
879685410,2026-09-25,Ituri,Djugu,Lita,Katoto,Church,ECC,Low,Low,Preparedness Level,1,3
879685425,2026-09-25,Ituri,Djugu,Lita,Katoto,Church,ECC,Moderate,Low,Preparedness Level,0,3
879685439,2026-09-25,Ituri,Djugu,Lita,Katoto,Church,ECC,High,Low,Preparedness Level,0,3
879685455,2026-09-25,Ituri,Djugu,Lita,Katoto,Church,Roman Catholic Church,Low,Low,Preparedness Level,1,3
879685474,2026-09-26,Ituri,Djugu,Lita,Katoto,Church,ECC,High,Low,Preparedness Level,0,3
879685485,2026-09-26,Ituri,Djugu,Lita,Katoto,Church,Roman Catholic Church,Moderate,Low,Preparedness Level,0,3
879685494,2026-09-26,Ituri,Djugu,Lita,Katoto,Church,Roman Catholic Church,Moderate,Low,Preparedness Level,0,3
879685509,2026-09-27,Ituri,Djugu,Lita,Katoto,Church,ECC,Low,Low,Preparedness Level,1,3
879685519,2026-09-27,Ituri,Djugu,Lita,Katoto,Church,ECC,Low,Low,Preparedness Level,1,3
879685625,2026-09-27,Ituri,Djugu,Lita,Katoto,Church,ECC,Low,Low,Preparedness Level,1,3
879685659,2026-09-27,Ituri,Djugu,Lita,Katoto,Church,ECC,Low,Low,Preparedness Level,1,3
879685672,2026-09-27,Ituri,Djugu,Lita,Katoto,Church,Roman Catholic Church,Low,Low,Preparedness Level,1,3
879685682,2026-09-27,Ituri,Djugu,Lita,Katoto,Church,Roman Catholic Church,High,Low,Preparedness Level,0,3
879685686,2026-09-27,Ituri,Djugu,Lita,Katoto,Church,Roman Catholic Church,Low,Low,Preparedness Level,1,3
879686019,2026-09-27,Ituri,Djugu,Lita,Katoto,Church,ECC,Low,Low,Preparedness Level,1,3
879686043,2026-09-27,Ituri,Djugu,Lita,Katoto,Church,ECC,Moderate,Low,Preparedness Level,0,3
879686056,2026-09-27,Ituri,Djugu,Lita,Katoto,Church,ECC,Moderate,Low,Preparedness Level,0,3
879686066,2026-09-27,Ituri,Djugu,Lita,Katoto,Church,ECC,Low,Low,Preparedness Level,1,3
841199154,2026-08-16,North Kivu,Beni,Beni,Kanzuli,Church,ECC,Moderate,Previous Ebola response,Institutional Capacity,0,1
841548610,2026-08-17,North Kivu,Beni,Beni,Kanzuli,Church,ECC,Low,Previous Ebola response,Institutional Capacity,0,1
842785213,2026-08-18,North Kivu,Beni,Beni,Kanzuli,Church,ECC,Moderate,Previous Ebola response,Institutional Capacity,0,1
843341124,2026-08-18,North Kivu,Beni,Beni,Ngongolio,Church,ECC,High,Previous Ebola response,Institutional Capacity,1,1
843348882,2026-08-18,North Kivu,Beni,Beni,Ngongolio,Church,ECC,High,Previous Ebola response,Institutional Capacity,1,1
843365757,2026-08-18,North Kivu,Beni,Beni,Tamende,Church,ECC,High,Previous Ebola response,Institutional Capacity,1,1
843369063,2026-08-18,North Kivu,Beni,Beni,Ngongolio,Church,ECC,High,Previous Ebola response,Institutional Capacity,1,1
843770142,2026-08-19,North Kivu,Beni,Beni,Boikene,Church,ECC,High,Previous Ebola response,Institutional Capacity,0,1
843828499,2026-08-18,North Kivu,Beni,Beni,Tamende,Church,ECC,Low,Previous Ebola response,Institutional Capacity,1,1
843841750,2026-08-19,North Kivu,Beni,Beni,Tamende,Church,Roman Catholic Church,Moderate,Previous Ebola response,Institutional Capacity,1,1
843887195,2026-08-19,North Kivu,Beni,Beni,Boikene,Denominational school,ECC,Moderate,Previous Ebola response,Institutional Capacity,0,1
843917903,2026-08-19,North Kivu,Beni,Beni,Boikene,Church,ECC,High,Previous Ebola response,Institutional Capacity,0,1
843940314,2026-08-19,North Kivu,Beni,Beni,Boikene,Church,ECC,High,Previous Ebola response,Institutional Capacity,1,1
843992799,2026-08-19,North Kivu,Beni,Beni,Boikene,Church,ECC,High,Previous Ebola response,Institutional Capacity,0,1
844181691,2026-08-19,North Kivu,Beni,Beni,Boikene,Church,ECC,High,Previous Ebola response,Institutional Capacity,1,1
845990019,2026-08-21,North Kivu,Beni,Beni,Mabakanga,Faith-based health care facility,ECC,Moderate,Previous Ebola response,Institutional Capacity,1,1
846487418,2026-08-21,North Kivu,Beni,Beni,Kanzuli,Church,ECC,High,Previous Ebola response,Institutional Capacity,1,1
846728240,2026-08-22,North Kivu,Beni,Beni,Boikene,Church,ECC,Moderate,Previous Ebola response,Institutional Capacity,0,1
846742619,2026-08-22,North Kivu,Beni,Beni,Boikene,Church,ECC,Moderate,Previous Ebola response,Institutional Capacity,1,1
846748689,2026-08-22,North Kivu,Beni,Beni,Boikene,Denominational school,ECC,High,Previous Ebola response,Institutional Capacity,1,1
847057490,2026-08-22,North Kivu,Beni,Beni,Mandrandele,Church,ECC,High,Previous Ebola response,Institutional Capacity,0,1
847069287,2026-08-22,North Kivu,Beni,Beni,Mandrandele,Church,ECC,High,Previous Ebola response,Institutional Capacity,1,1
847082157,2026-08-22,North Kivu,Beni,Beni,Mandrandele,Church,ECC,High,Previous Ebola response,Institutional Capacity,0,1
847268921,2026-08-23,North Kivu,Beni,Beni,Kasabinyole,Church,ECC,Low,Previous Ebola response,Institutional Capacity,0,1
847273941,2026-08-23,North Kivu,Beni,Beni,Kasabinyole,Church,ECC,Low,Previous Ebola response,Institutional Capacity,0,1
847285482,2026-08-23,North Kivu,Beni,Beni,Tuungane,Church,ECC,Low,Previous Ebola response,Institutional Capacity,0,1
847289604,2026-08-23,North Kivu,Beni,Beni,Tuungane,Denominational school,ECC,Low,Previous Ebola response,Institutional Capacity,0,1
847293655,2026-08-23,North Kivu,Beni,Beni,Tuungane,Denominational school,ECC,Low,Previous Ebola response,Institutional Capacity,0,1
847297827,2026-08-23,North Kivu,Beni,Beni,Tuungane,Church,ECC,Low,Previous Ebola response,Institutional Capacity,0,1
847302416,2026-08-23,North Kivu,Beni,Beni,Tuungane,Church,ECC,Low,Previous Ebola response,Institutional Capacity,0,1
847307012,2026-08-23,North Kivu,Beni,Beni,Anglicane,Denominational school,ECC,Low,Previous Ebola response,Institutional Capacity,0,1
847311861,2026-08-23,North Kivu,Beni,Beni,Anglicane,Church,ECC,Low,Previous Ebola response,Institutional Capacity,0,1
847586408,2026-08-23,North Kivu,Beni,Beni,Kuka,Church,ECC,Moderate,Previous Ebola response,Institutional Capacity,0,1
847600556,2026-08-23,North Kivu,Beni,Beni,Kuka,Church,ECC,High,Previous Ebola response,Institutional Capacity,0,1
847610633,2026-08-23,North Kivu,Beni,Beni,Kuka,Church,ECC,High,Previous Ebola response,Institutional Capacity,1,1
847862794,2026-08-14,North Kivu,Beni,Beni,Malepe,Church,ECC,High,Previous Ebola response,Institutional Capacity,1,1
849046030,2026-08-25,North Kivu,Beni,Beni,Ngongolio,Church,ECC,High,Previous Ebola response,Institutional Capacity,0,1
850045824,2026-08-26,North Kivu,Beni,Beni,Mangothe,Church,ECC,Moderate,Previous Ebola response,Institutional Capacity,0,1
850145543,2026-08-24,North Kivu,Beni,Beni,Malepe,Church,ECC,High,Previous Ebola response,Institutional Capacity,1,1
850180468,2026-08-26,North Kivu,Beni,Beni,Butanuka,Church,ECC,High,Previous Ebola response,Institutional Capacity,1,1
850508336,2026-08-26,North Kivu,Beni,Beni,Mabakanga,Faith-based health care facility,ECC,Low,Previous Ebola response,Institutional Capacity,1,1
850633361,2026-08-26,North Kivu,Beni,Beni,Tamende,Church,ECC,Low,Previous Ebola response,Institutional Capacity,0,1
850649059,2026-08-26,North Kivu,Beni,Beni,Mabakanga,Church,ECC,Moderate,Previous Ebola response,Institutional Capacity,0,1
850652676,2026-08-26,North Kivu,Beni,Beni,Gongolio,Church,Roman Catholic Church,Low,Previous Ebola response,Institutional Capacity,1,1
850657352,2026-08-26,North Kivu,Beni,Beni,Mabakanga,Church,ECC,High,Previous Ebola response,Institutional Capacity,1,1
850690706,2026-08-26,North Kivu,Beni,Beni,Mandrandele,Church,ECC,High,Previous Ebola response,Institutional Capacity,0,1
851141363,2026-08-26,North Kivu,Beni,Beni,Boikene,Church,ECC,High,Previous Ebola response,Institutional Capacity,0,1
851144057,2026-08-27,North Kivu,Beni,Beni,Malepe,Church,ECC,High,Previous Ebola response,Institutional Capacity,1,1
851154720,2026-08-27,North Kivu,Beni,Beni,Malepe,Church,ECC,High,Previous Ebola response,Institutional Capacity,1,1
851221822,2026-08-27,North Kivu,Beni,Beni,Malepe,Church,ECC,High,Previous Ebola response,Institutional Capacity,0,1
851246506,2026-08-27,North Kivu,Beni,Beni,Malepe,Church,ECC,High,Previous Ebola response,Institutional Capacity,1,1
851251697,2026-08-27,North Kivu,Beni,Beni,Rwangoma,Church,ECC,Moderate,Previous Ebola response,Institutional Capacity,0,1
851267049,2026-08-27,North Kivu,Beni,Beni,Butanuka,Denominational school,ECC,High,Previous Ebola response,Institutional Capacity,0,1
851289789,2026-08-27,North Kivu,Beni,Beni,Butanuka,Denominational organization,ECC,High,Previous Ebola response,Institutional Capacity,1,1
851322369,2026-08-27,North Kivu,Beni,Beni,Rwangoma,Church,ECC,Moderate,Previous Ebola response,Institutional Capacity,0,1
852140309,2026-08-28,North Kivu,Butembo,Katwa,Mitoya,Denominational school,ECC,Moderate,Previous Ebola response,Institutional Capacity,1,1
852167593,2026-08-28,North Kivu,Beni,Beni,Kanzuli,Denominational school,ECC,Low,Previous Ebola response,Institutional Capacity,0,1
852170534,2026-08-28,North Kivu,Butembo,Katwa,Katwa,Denominational school,ECC,High,Previous Ebola response,Institutional Capacity,1,1
852209874,2026-08-28,North Kivu,Beni,Beni,Kanzuli,Church,ECC,Moderate,Previous Ebola response,Institutional Capacity,1,1
852221246,2026-08-28,North Kivu,Beni,Beni,Malepe,Church,ECC,Low,Previous Ebola response,Institutional Capacity,0,1
852223652,2026-08-28,North Kivu,Butembo,Katwa,Mitoya,Church,ECC,High,Previous Ebola response,Institutional Capacity,1,1
852306872,2026-08-28,North Kivu,Beni,Beni,Kasabinyole,Church,ECC,Low,Previous Ebola response,Institutional Capacity,1,1
852311269,2026-08-28,North Kivu,Beni,Beni,Gbadolite,Church,ECC,Moderate,Previous Ebola response,Institutional Capacity,1,1
852311817,2026-08-28,North Kivu,Beni,Beni,Kanzuli,Church,ECC,Low,Previous Ebola response,Institutional Capacity,0,1
853058765,2026-08-29,North Kivu,Beni,Beni,Kanzuli,Church,ECC,Low,Previous Ebola response,Institutional Capacity,0,1
853068833,2026-08-29,North Kivu,Beni,Beni,Kanzuli,Church,ECC,Low,Previous Ebola response,Institutional Capacity,1,1
853700686,2026-08-30,North Kivu,Butembo,Katwa,Katwa,Denominational school,ECC,Low,Previous Ebola response,Institutional Capacity,1,1
853885257,2026-08-29,North Kivu,Beni,Beni,Beni,Church,ECC,Moderate,Previous Ebola response,Institutional Capacity,1,1
854183549,2026-08-14,North Kivu,Beni,Beni,Kasabinyole,Church,ECC,High,Previous Ebola response,Institutional Capacity,0,1
854192402,2026-08-31,North Kivu,Beni,Beni,Mabolio,Church,ECC,Low,Previous Ebola response,Institutional Capacity,0,1
854226558,2026-08-31,North Kivu,Lubero,Lubero,Rughenda,Church,ECC,Moderate,Previous Ebola response,Institutional Capacity,1,1
854295690,2026-08-26,North Kivu,Beni,Beni,Malepe,Church,ECC,Moderate,Previous Ebola response,Institutional Capacity,1,1
854335472,2026-08-31,North Kivu,Butembo,Katwa,Katwa,Church,ECC,Low,Previous Ebola response,Institutional Capacity,0,1
854361138,2026-08-31,North Kivu,Beni,Beni,Kanzuli,Church,ECC,Moderate,Previous Ebola response,Institutional Capacity,1,1
854632904,2026-08-31,North Kivu,Butembo,Katwa,Vuhika,Denominational school,ECC,Moderate,Previous Ebola response,Institutional Capacity,0,1
857307057,2026-08-30,North Kivu,Butembo,Katwa,Masuli,Faith-based health care facility,ECC,High,Previous Ebola response,Institutional Capacity,1,1
858859254,2026-09-04,North Kivu,Beni,Beni,Mandrandele,Church,ECC,High,Previous Ebola response,Institutional Capacity,1,1
859495986,2026-08-31,North Kivu,Beni,Beni,Kasabinyole,Church,ECC,High,Previous Ebola response,Institutional Capacity,0,1
859495990,2026-08-31,North Kivu,Beni,Beni,Butsili,Church,ECC,High,Previous Ebola response,Institutional Capacity,0,1
859495993,2026-08-31,North Kivu,Beni,Beni,Butsili,Church,ECC,High,Previous Ebola response,Institutional Capacity,1,1
862786531,2026-09-09,North Kivu,Beni,Beni,Ngilinga Muloku,Church,ECC,High,Previous Ebola response,Institutional Capacity,0,1
862801808,2026-09-09,North Kivu,Beni,Beni,Kanzuli,Church,ECC,High,Previous Ebola response,Institutional Capacity,1,1
862818930,2026-09-09,North Kivu,Beni,Beni,Kanzuli,Church,ECC,Moderate,Previous Ebola response,Institutional Capacity,0,1
862836160,2026-09-09,North Kivu,Beni,Beni,Kanzuli,Denominational school,ECC,Moderate,Previous Ebola response,Institutional Capacity,0,1
862888563,2026-09-09,North Kivu,Beni,Beni,Kanzuli Nzuki,Denominational school,ECC,High,Previous Ebola response,Institutional Capacity,0,1
875869474,2026-09-21,North Kivu,Beni,Beni,Kasanga,Faith-based health care facility,ECC,Moderate,Previous Ebola response,Institutional Capacity,0,1
876079652,2026-09-23,North Kivu,Beni,Beni,Kasanga,Faith-based health care facility,ECC,Low,Previous Ebola response,Institutional Capacity,1,1
876920737,2026-09-22,Ituri,Djugu,Mangala,Tchele,Church,Roman Catholic Church,Low,Previous Ebola response,Institutional Capacity,1,1
876996119,2026-09-24,Ituri,Djugu,Mangala,Tchele,Church,Roman Catholic Church,Low,Previous Ebola response,Institutional Capacity,1,1
877017789,2026-09-24,Ituri,Djugu,Mangala,Tchele,Church,Roman Catholic Church,Low,Previous Ebola response,Institutional Capacity,1,1
877029755,2026-09-24,Ituri,Djugu,Mangala,Tchele,Church,Roman Catholic Church,Low,Previous Ebola response,Institutional Capacity,1,1
877043915,2026-09-24,Ituri,Djugu,Mangala,Tchele,Church,Roman Catholic Church,Low,Previous Ebola response,Institutional Capacity,1,1
878062446,2026-09-25,Ituri,Djugu,Lita,Mutumbi,Church,ECC,High,Previous Ebola response,Institutional Capacity,1,1
878062450,2026-09-25,Ituri,Djugu,Lita,Mutumbi,Church,ECC,Low,Previous Ebola response,Institutional Capacity,1,1
878062460,2026-09-25,Ituri,Djugu,Lita,Mutumbi,Church,ECC,Low,Previous Ebola response,Institutional Capacity,1,1
878062468,2026-09-25,Ituri,Djugu,Lita,Mutumbi,Church,ECC,High,Previous Ebola response,Institutional Capacity,1,1
878062475,2026-09-25,Ituri,Djugu,Lita,Mutumbi,Church,ECC,Moderate,Previous Ebola response,Institutional Capacity,1,1
878771972,2026-09-25,Ituri,Djugu,Mangala,Tchele,Church,Roman Catholic Church,Low,Previous Ebola response,Institutional Capacity,1,1
878771977,2026-09-26,Ituri,Djugu,Mangala,Tchele,Church,ECC,Low,Previous Ebola response,Institutional Capacity,1,1
878775076,2026-09-26,Ituri,Djugu,Mangala,Tchele,Church,ECC,Low,Previous Ebola response,Institutional Capacity,1,1
878784129,2026-09-26,Ituri,Djugu,Mangala,Tchele,Church,Roman Catholic Church,Low,Previous Ebola response,Institutional Capacity,1,1
878790544,2026-09-26,Ituri,Djugu,Mangala,Tchele,Church,Roman Catholic Church,Low,Previous Ebola response,Institutional Capacity,1,1
878794554,2026-09-26,Ituri,Djugu,Mangala,Tchele,Church,Roman Catholic Church,Low,Previous Ebola response,Institutional Capacity,1,1
878860056,2026-09-26,Ituri,Djugu,Mangala,Tchele,Church,Roman Catholic Church,Low,Previous Ebola response,Institutional Capacity,1,1
878863016,2026-09-26,Ituri,Djugu,Mangala,Tchele,Church,ECC,Low,Previous Ebola response,Institutional Capacity,1,1
878869824,2026-09-26,Ituri,Djugu,Mangala,Tchele,Church,ECC,Low,Previous Ebola response,Institutional Capacity,1,1
878896880,2026-09-26,Ituri,Djugu,Mangala,Tchele,Church,ECC,Low,Previous Ebola response,Institutional Capacity,1,1
878997028,2026-09-26,Ituri,Djugu,Lita,Bahwere,Denominational school,ECC,Low,Previous Ebola response,Institutional Capacity,0,1
878997035,2026-09-26,Ituri,Djugu,Lita,Bahwere,Denominational school,ECC,Low,Previous Ebola response,Institutional Capacity,0,1
878997051,2026-09-26,Ituri,Djugu,Lita,Bahwere,Church,ECC,Low,Previous Ebola response,Institutional Capacity,0,1
878997059,2026-09-26,Ituri,Djugu,Lita,Bahwere,Church,ECC,Moderate,Previous Ebola response,Institutional Capacity,1,1
878997068,2026-09-26,Ituri,Djugu,Lita,Bahwere,Denominational school,ECC,Moderate,Previous Ebola response,Institutional Capacity,1,1
878997075,2026-09-26,Ituri,Djugu,Lita,Bahwere,Church,Roman Catholic Church,Moderate,Previous Ebola response,Institutional Capacity,1,1
878997091,2026-09-26,Ituri,Djugu,Lita,Bahwere,Church,ECC,Moderate,Previous Ebola response,Institutional Capacity,1,1
878997100,2026-09-26,Ituri,Djugu,Lita,Bahwere,Denominational organization,ECC,Moderate,Previous Ebola response,Institutional Capacity,1,1
878997108,2026-09-26,Ituri,Djugu,Lita,Bahwere,Church,ECC,Low,Previous Ebola response,Institutional Capacity,1,1
878997115,2026-09-26,Ituri,Djugu,Lita,Bahwere,Church,ECC,Moderate,Previous Ebola response,Institutional Capacity,1,1
879117541,2026-09-26,Ituri,Djugu,Mangala,Tchele,Church,ECC,Low,Previous Ebola response,Institutional Capacity,0,1
879122054,2026-09-26,Ituri,Djugu,Mangala,Tchele,Church,ECC,Low,Previous Ebola response,Institutional Capacity,1,1
879202178,2026-09-25,Ituri,Djugu,Mangala,Tchele,Church,ECC,Low,Previous Ebola response,Institutional Capacity,1,1
879365390,2026-09-25,Ituri,Djugu,Mangala,Tchele,Church,ECC,Low,Previous Ebola response,Institutional Capacity,1,1
879365392,2026-09-25,Ituri,Djugu,Mangala,Tchele,Church,ECC,Low,Previous Ebola response,Institutional Capacity,1,1
879365398,2026-09-25,Ituri,Djugu,Mangala,Tchele,Church,ECC,Low,Previous Ebola response,Institutional Capacity,0,1
879365403,2026-09-25,Ituri,Djugu,Mangala,Tchele,Church,ECC,Low,Previous Ebola response,Institutional Capacity,1,1
879365407,2026-09-26,Ituri,Djugu,Mangala,Tchele,Church,ECC,Low,Previous Ebola response,Institutional Capacity,1,1
879365412,2026-09-26,Ituri,Djugu,Mangala,Tchele,Church,ECC,Low,Previous Ebola response,Institutional Capacity,1,1
879365414,2026-09-26,Ituri,Djugu,Mangala,Tchele,Church,ECC,Low,Previous Ebola response,Institutional Capacity,1,1
879365416,2026-09-26,Ituri,Djugu,Mangala,Tchele,Church,ECC,Low,Previous Ebola response,Institutional Capacity,1,1
879365422,2026-09-26,Ituri,Djugu,Mangala,Tchele,Church,ECC,Low,Previous Ebola response,Institutional Capacity,1,1
879365427,2026-09-26,Ituri,Djugu,Mangala,Tchele,Church,ECC,Low,Previous Ebola response,Institutional Capacity,0,1
879365432,2026-09-26,Ituri,Djugu,Mangala,Tchele,Church,ECC,Low,Previous Ebola response,Institutional Capacity,0,1
879365444,2026-09-26,Ituri,Djugu,Mangala,Tcy,Church,ECC,Low,Previous Ebola response,Institutional Capacity,1,1
879365450,2026-09-26,Ituri,Djugu,Mangala,Tchele,Church,ECC,Low,Previous Ebola response,Institutional Capacity,0,1
879365457,2026-09-26,Ituri,Djugu,Mangala,Tchele,Church,ECC,Low,Previous Ebola response,Institutional Capacity,1,1
879365462,2026-09-26,Ituri,Djugu,Mangala,Tchele,Church,ECC,Low,Previous Ebola response,Institutional Capacity,1,1
879365465,2026-09-26,Ituri,Djugu,Mangala,Tchele,Church,ECC,Low,Previous Ebola response,Institutional Capacity,1,1
879365468,2026-09-26,Ituri,Djugu,Mangala,Tchele,Church,ECC,Low,Previous Ebola response,Institutional Capacity,1,1
879365474,2026-09-26,Ituri,Djugu,Mangala,Tchele,Church,ECC,Low,Previous Ebola response,Institutional Capacity,1,1
879365478,2026-09-26,Ituri,Djugu,Mangala,Tchele,Church,ECC,Low,Previous Ebola response,Institutional Capacity,1,1
879552531,2026-09-27,Ituri,Djugu,Mangala,Tchele,Church,ECC,Low,Previous Ebola response,Institutional Capacity,1,1
879554947,2026-09-27,Ituri,Djugu,Mangala,Tchele,Church,ECC,Low,Previous Ebola response,Institutional Capacity,1,1
879635788,2026-09-27,Ituri,Djugu,Lita,Mutumbi,Faith-based health care facility,Roman Catholic Church,High,Previous Ebola response,Institutional Capacity,1,1
879635794,2026-09-27,Ituri,Djugu,Lita,Mutumbi,Church,Roman Catholic Church,Moderate,Previous Ebola response,Institutional Capacity,1,1
879635804,2026-09-27,Ituri,Djugu,Lita,Mutumbi,Church,ECC,High,Previous Ebola response,Institutional Capacity,1,1
879635814,2026-09-27,Ituri,Djugu,Lita,Mutumbi,Church,Roman Catholic Church,Moderate,Previous Ebola response,Institutional Capacity,1,1
879635826,2026-09-27,Ituri,Djugu,Lita,Mutumbi,Denominational school,ECC,Moderate,Previous Ebola response,Institutional Capacity,1,1
879685393,2026-09-23,Ituri,Djugu,Lita,Katoto,Faith-based health care facility,ECC,Low,Previous Ebola response,Institutional Capacity,1,1
879685396,2026-09-24,Ituri,Djugu,Lita,Katoto,Church,ECC,High,Previous Ebola response,Institutional Capacity,0,1
879685410,2026-09-25,Ituri,Djugu,Lita,Katoto,Church,ECC,Low,Previous Ebola response,Institutional Capacity,0,1
879685425,2026-09-25,Ituri,Djugu,Lita,Katoto,Church,ECC,Moderate,Previous Ebola response,Institutional Capacity,1,1
879685439,2026-09-25,Ituri,Djugu,Lita,Katoto,Church,ECC,High,Previous Ebola response,Institutional Capacity,0,1
879685455,2026-09-25,Ituri,Djugu,Lita,Katoto,Church,Roman Catholic Church,Low,Previous Ebola response,Institutional Capacity,0,1
879685474,2026-09-26,Ituri,Djugu,Lita,Katoto,Church,ECC,High,Previous Ebola response,Institutional Capacity,0,1
879685485,2026-09-26,Ituri,Djugu,Lita,Katoto,Church,Roman Catholic Church,Moderate,Previous Ebola response,Institutional Capacity,1,1
879685494,2026-09-26,Ituri,Djugu,Lita,Katoto,Church,Roman Catholic Church,Moderate,Previous Ebola response,Institutional Capacity,1,1
879685509,2026-09-27,Ituri,Djugu,Lita,Katoto,Church,ECC,Low,Previous Ebola response,Institutional Capacity,1,1
879685519,2026-09-27,Ituri,Djugu,Lita,Katoto,Church,ECC,Low,Previous Ebola response,Institutional Capacity,1,1
879685625,2026-09-27,Ituri,Djugu,Lita,Katoto,Church,ECC,Low,Previous Ebola response,Institutional Capacity,1,1
879685659,2026-09-27,Ituri,Djugu,Lita,Katoto,Church,ECC,Low,Previous Ebola response,Institutional Capacity,0,1
879685672,2026-09-27,Ituri,Djugu,Lita,Katoto,Church,Roman Catholic Church,Low,Previous Ebola response,Institutional Capacity,1,1
879685682,2026-09-27,Ituri,Djugu,Lita,Katoto,Church,Roman Catholic Church,High,Previous Ebola response,Institutional Capacity,1,1
879685686,2026-09-27,Ituri,Djugu,Lita,Katoto,Church,Roman Catholic Church,Low,Previous Ebola response,Institutional Capacity,1,1
879686019,2026-09-27,Ituri,Djugu,Lita,Katoto,Church,ECC,Low,Previous Ebola response,Institutional Capacity,1,1
879686043,2026-09-27,Ituri,Djugu,Lita,Katoto,Church,ECC,Moderate,Previous Ebola response,Institutional Capacity,1,1
879686056,2026-09-27,Ituri,Djugu,Lita,Katoto,Church,ECC,Moderate,Previous Ebola response,Institutional Capacity,1,1
879686066,2026-09-27,Ituri,Djugu,Lita,Katoto,Church,ECC,Low,Previous Ebola response,Institutional Capacity,0,1
841199154,2026-08-16,North Kivu,Beni,Beni,Kanzuli,Church,ECC,Moderate,Other epidemic response,Institutional Capacity,0,2
841548610,2026-08-17,North Kivu,Beni,Beni,Kanzuli,Church,ECC,Low,Other epidemic response,Institutional Capacity,0,2
842785213,2026-08-18,North Kivu,Beni,Beni,Kanzuli,Church,ECC,Moderate,Other epidemic response,Institutional Capacity,0,2
843341124,2026-08-18,North Kivu,Beni,Beni,Ngongolio,Church,ECC,High,Other epidemic response,Institutional Capacity,1,2
843348882,2026-08-18,North Kivu,Beni,Beni,Ngongolio,Church,ECC,High,Other epidemic response,Institutional Capacity,1,2
843365757,2026-08-18,North Kivu,Beni,Beni,Tamende,Church,ECC,High,Other epidemic response,Institutional Capacity,1,2
843369063,2026-08-18,North Kivu,Beni,Beni,Ngongolio,Church,ECC,High,Other epidemic response,Institutional Capacity,1,2
843770142,2026-08-19,North Kivu,Beni,Beni,Boikene,Church,ECC,High,Other epidemic response,Institutional Capacity,0,2
843828499,2026-08-18,North Kivu,Beni,Beni,Tamende,Church,ECC,Low,Other epidemic response,Institutional Capacity,1,2
843841750,2026-08-19,North Kivu,Beni,Beni,Tamende,Church,Roman Catholic Church,Moderate,Other epidemic response,Institutional Capacity,1,2
843887195,2026-08-19,North Kivu,Beni,Beni,Boikene,Denominational school,ECC,Moderate,Other epidemic response,Institutional Capacity,0,2
843917903,2026-08-19,North Kivu,Beni,Beni,Boikene,Church,ECC,High,Other epidemic response,Institutional Capacity,0,2
843940314,2026-08-19,North Kivu,Beni,Beni,Boikene,Church,ECC,High,Other epidemic response,Institutional Capacity,0,2
843992799,2026-08-19,North Kivu,Beni,Beni,Boikene,Church,ECC,High,Other epidemic response,Institutional Capacity,0,2
844181691,2026-08-19,North Kivu,Beni,Beni,Boikene,Church,ECC,High,Other epidemic response,Institutional Capacity,0,2
845990019,2026-08-21,North Kivu,Beni,Beni,Mabakanga,Faith-based health care facility,ECC,Moderate,Other epidemic response,Institutional Capacity,1,2
846487418,2026-08-21,North Kivu,Beni,Beni,Kanzuli,Church,ECC,High,Other epidemic response,Institutional Capacity,1,2
846728240,2026-08-22,North Kivu,Beni,Beni,Boikene,Church,ECC,Moderate,Other epidemic response,Institutional Capacity,0,2
846742619,2026-08-22,North Kivu,Beni,Beni,Boikene,Church,ECC,Moderate,Other epidemic response,Institutional Capacity,1,2
846748689,2026-08-22,North Kivu,Beni,Beni,Boikene,Denominational school,ECC,High,Other epidemic response,Institutional Capacity,0,2
847057490,2026-08-22,North Kivu,Beni,Beni,Mandrandele,Church,ECC,High,Other epidemic response,Institutional Capacity,0,2
847069287,2026-08-22,North Kivu,Beni,Beni,Mandrandele,Church,ECC,High,Other epidemic response,Institutional Capacity,0,2
847082157,2026-08-22,North Kivu,Beni,Beni,Mandrandele,Church,ECC,High,Other epidemic response,Institutional Capacity,0,2
847268921,2026-08-23,North Kivu,Beni,Beni,Kasabinyole,Church,ECC,Low,Other epidemic response,Institutional Capacity,0,2
847273941,2026-08-23,North Kivu,Beni,Beni,Kasabinyole,Church,ECC,Low,Other epidemic response,Institutional Capacity,0,2
847285482,2026-08-23,North Kivu,Beni,Beni,Tuungane,Church,ECC,Low,Other epidemic response,Institutional Capacity,0,2
847289604,2026-08-23,North Kivu,Beni,Beni,Tuungane,Denominational school,ECC,Low,Other epidemic response,Institutional Capacity,0,2
847293655,2026-08-23,North Kivu,Beni,Beni,Tuungane,Denominational school,ECC,Low,Other epidemic response,Institutional Capacity,0,2
847297827,2026-08-23,North Kivu,Beni,Beni,Tuungane,Church,ECC,Low,Other epidemic response,Institutional Capacity,0,2
847302416,2026-08-23,North Kivu,Beni,Beni,Tuungane,Church,ECC,Low,Other epidemic response,Institutional Capacity,0,2
847307012,2026-08-23,North Kivu,Beni,Beni,Anglicane,Denominational school,ECC,Low,Other epidemic response,Institutional Capacity,0,2
847311861,2026-08-23,North Kivu,Beni,Beni,Anglicane,Church,ECC,Low,Other epidemic response,Institutional Capacity,0,2
847586408,2026-08-23,North Kivu,Beni,Beni,Kuka,Church,ECC,Moderate,Other epidemic response,Institutional Capacity,0,2
847600556,2026-08-23,North Kivu,Beni,Beni,Kuka,Church,ECC,High,Other epidemic response,Institutional Capacity,0,2
847610633,2026-08-23,North Kivu,Beni,Beni,Kuka,Church,ECC,High,Other epidemic response,Institutional Capacity,1,2
847862794,2026-08-14,North Kivu,Beni,Beni,Malepe,Church,ECC,High,Other epidemic response,Institutional Capacity,1,2
849046030,2026-08-25,North Kivu,Beni,Beni,Ngongolio,Church,ECC,High,Other epidemic response,Institutional Capacity,1,2
850045824,2026-08-26,North Kivu,Beni,Beni,Mangothe,Church,ECC,Moderate,Other epidemic response,Institutional Capacity,0,2
850145543,2026-08-24,North Kivu,Beni,Beni,Malepe,Church,ECC,High,Other epidemic response,Institutional Capacity,1,2
850180468,2026-08-26,North Kivu,Beni,Beni,Butanuka,Church,ECC,High,Other epidemic response,Institutional Capacity,1,2
850508336,2026-08-26,North Kivu,Beni,Beni,Mabakanga,Faith-based health care facility,ECC,Low,Other epidemic response,Institutional Capacity,1,2
850633361,2026-08-26,North Kivu,Beni,Beni,Tamende,Church,ECC,Low,Other epidemic response,Institutional Capacity,0,2
850649059,2026-08-26,North Kivu,Beni,Beni,Mabakanga,Church,ECC,Moderate,Other epidemic response,Institutional Capacity,0,2
850652676,2026-08-26,North Kivu,Beni,Beni,Gongolio,Church,Roman Catholic Church,Low,Other epidemic response,Institutional Capacity,1,2
850657352,2026-08-26,North Kivu,Beni,Beni,Mabakanga,Church,ECC,High,Other epidemic response,Institutional Capacity,1,2
850690706,2026-08-26,North Kivu,Beni,Beni,Mandrandele,Church,ECC,High,Other epidemic response,Institutional Capacity,0,2
851141363,2026-08-26,North Kivu,Beni,Beni,Boikene,Church,ECC,High,Other epidemic response,Institutional Capacity,0,2
851144057,2026-08-27,North Kivu,Beni,Beni,Malepe,Church,ECC,High,Other epidemic response,Institutional Capacity,0,2
851154720,2026-08-27,North Kivu,Beni,Beni,Malepe,Church,ECC,High,Other epidemic response,Institutional Capacity,0,2
851221822,2026-08-27,North Kivu,Beni,Beni,Malepe,Church,ECC,High,Other epidemic response,Institutional Capacity,0,2
851246506,2026-08-27,North Kivu,Beni,Beni,Malepe,Church,ECC,High,Other epidemic response,Institutional Capacity,0,2
851251697,2026-08-27,North Kivu,Beni,Beni,Rwangoma,Church,ECC,Moderate,Other epidemic response,Institutional Capacity,0,2
851267049,2026-08-27,North Kivu,Beni,Beni,Butanuka,Denominational school,ECC,High,Other epidemic response,Institutional Capacity,0,2
851289789,2026-08-27,North Kivu,Beni,Beni,Butanuka,Denominational organization,ECC,High,Other epidemic response,Institutional Capacity,1,2
851322369,2026-08-27,North Kivu,Beni,Beni,Rwangoma,Church,ECC,Moderate,Other epidemic response,Institutional Capacity,0,2
852140309,2026-08-28,North Kivu,Butembo,Katwa,Mitoya,Denominational school,ECC,Moderate,Other epidemic response,Institutional Capacity,1,2
852167593,2026-08-28,North Kivu,Beni,Beni,Kanzuli,Denominational school,ECC,Low,Other epidemic response,Institutional Capacity,0,2
852170534,2026-08-28,North Kivu,Butembo,Katwa,Katwa,Denominational school,ECC,High,Other epidemic response,Institutional Capacity,1,2
852209874,2026-08-28,North Kivu,Beni,Beni,Kanzuli,Church,ECC,Moderate,Other epidemic response,Institutional Capacity,1,2
852221246,2026-08-28,North Kivu,Beni,Beni,Malepe,Church,ECC,Low,Other epidemic response,Institutional Capacity,0,2
852223652,2026-08-28,North Kivu,Butembo,Katwa,Mitoya,Church,ECC,High,Other epidemic response,Institutional Capacity,1,2
852306872,2026-08-28,North Kivu,Beni,Beni,Kasabinyole,Church,ECC,Low,Other epidemic response,Institutional Capacity,1,2
852311269,2026-08-28,North Kivu,Beni,Beni,Gbadolite,Church,ECC,Moderate,Other epidemic response,Institutional Capacity,1,2
852311817,2026-08-28,North Kivu,Beni,Beni,Kanzuli,Church,ECC,Low,Other epidemic response,Institutional Capacity,0,2
853058765,2026-08-29,North Kivu,Beni,Beni,Kanzuli,Church,ECC,Low,Other epidemic response,Institutional Capacity,0,2
853068833,2026-08-29,North Kivu,Beni,Beni,Kanzuli,Church,ECC,Low,Other epidemic response,Institutional Capacity,0,2
853700686,2026-08-30,North Kivu,Butembo,Katwa,Katwa,Denominational school,ECC,Low,Other epidemic response,Institutional Capacity,1,2
853885257,2026-08-29,North Kivu,Beni,Beni,Beni,Church,ECC,Moderate,Other epidemic response,Institutional Capacity,1,2
854183549,2026-08-14,North Kivu,Beni,Beni,Kasabinyole,Church,ECC,High,Other epidemic response,Institutional Capacity,1,2
854192402,2026-08-31,North Kivu,Beni,Beni,Mabolio,Church,ECC,Low,Other epidemic response,Institutional Capacity,0,2
854226558,2026-08-31,North Kivu,Lubero,Lubero,Rughenda,Church,ECC,Moderate,Other epidemic response,Institutional Capacity,1,2
854295690,2026-08-26,North Kivu,Beni,Beni,Malepe,Church,ECC,Moderate,Other epidemic response,Institutional Capacity,1,2
854335472,2026-08-31,North Kivu,Butembo,Katwa,Katwa,Church,ECC,Low,Other epidemic response,Institutional Capacity,0,2
854361138,2026-08-31,North Kivu,Beni,Beni,Kanzuli,Church,ECC,Moderate,Other epidemic response,Institutional Capacity,1,2
854632904,2026-08-31,North Kivu,Butembo,Katwa,Vuhika,Denominational school,ECC,Moderate,Other epidemic response,Institutional Capacity,0,2
857307057,2026-08-30,North Kivu,Butembo,Katwa,Masuli,Faith-based health care facility,ECC,High,Other epidemic response,Institutional Capacity,1,2
858859254,2026-09-04,North Kivu,Beni,Beni,Mandrandele,Church,ECC,High,Other epidemic response,Institutional Capacity,1,2
859495986,2026-08-31,North Kivu,Beni,Beni,Kasabinyole,Church,ECC,High,Other epidemic response,Institutional Capacity,0,2
859495990,2026-08-31,North Kivu,Beni,Beni,Butsili,Church,ECC,High,Other epidemic response,Institutional Capacity,0,2
859495993,2026-08-31,North Kivu,Beni,Beni,Butsili,Church,ECC,High,Other epidemic response,Institutional Capacity,1,2
862786531,2026-09-09,North Kivu,Beni,Beni,Ngilinga Muloku,Church,ECC,High,Other epidemic response,Institutional Capacity,1,2
862801808,2026-09-09,North Kivu,Beni,Beni,Kanzuli,Church,ECC,High,Other epidemic response,Institutional Capacity,0,2
862818930,2026-09-09,North Kivu,Beni,Beni,Kanzuli,Church,ECC,Moderate,Other epidemic response,Institutional Capacity,0,2
862836160,2026-09-09,North Kivu,Beni,Beni,Kanzuli,Denominational school,ECC,Moderate,Other epidemic response,Institutional Capacity,0,2
862888563,2026-09-09,North Kivu,Beni,Beni,Kanzuli Nzuki,Denominational school,ECC,High,Other epidemic response,Institutional Capacity,0,2
875869474,2026-09-21,North Kivu,Beni,Beni,Kasanga,Faith-based health care facility,ECC,Moderate,Other epidemic response,Institutional Capacity,0,2
876079652,2026-09-23,North Kivu,Beni,Beni,Kasanga,Faith-based health care facility,ECC,Low,Other epidemic response,Institutional Capacity,0,2
876920737,2026-09-22,Ituri,Djugu,Mangala,Tchele,Church,Roman Catholic Church,Low,Other epidemic response,Institutional Capacity,1,2
876996119,2026-09-24,Ituri,Djugu,Mangala,Tchele,Church,Roman Catholic Church,Low,Other epidemic response,Institutional Capacity,0,2
877017789,2026-09-24,Ituri,Djugu,Mangala,Tchele,Church,Roman Catholic Church,Low,Other epidemic response,Institutional Capacity,1,2
877029755,2026-09-24,Ituri,Djugu,Mangala,Tchele,Church,Roman Catholic Church,Low,Other epidemic response,Institutional Capacity,1,2
877043915,2026-09-24,Ituri,Djugu,Mangala,Tchele,Church,Roman Catholic Church,Low,Other epidemic response,Institutional Capacity,1,2
878062446,2026-09-25,Ituri,Djugu,Lita,Mutumbi,Church,ECC,High,Other epidemic response,Institutional Capacity,1,2
878062450,2026-09-25,Ituri,Djugu,Lita,Mutumbi,Church,ECC,Low,Other epidemic response,Institutional Capacity,1,2
878062460,2026-09-25,Ituri,Djugu,Lita,Mutumbi,Church,ECC,Low,Other epidemic response,Institutional Capacity,1,2
878062468,2026-09-25,Ituri,Djugu,Lita,Mutumbi,Church,ECC,High,Other epidemic response,Institutional Capacity,1,2
878062475,2026-09-25,Ituri,Djugu,Lita,Mutumbi,Church,ECC,Moderate,Other epidemic response,Institutional Capacity,1,2
878771972,2026-09-25,Ituri,Djugu,Mangala,Tchele,Church,Roman Catholic Church,Low,Other epidemic response,Institutional Capacity,1,2
878771977,2026-09-26,Ituri,Djugu,Mangala,Tchele,Church,ECC,Low,Other epidemic response,Institutional Capacity,1,2
878775076,2026-09-26,Ituri,Djugu,Mangala,Tchele,Church,ECC,Low,Other epidemic response,Institutional Capacity,1,2
878784129,2026-09-26,Ituri,Djugu,Mangala,Tchele,Church,Roman Catholic Church,Low,Other epidemic response,Institutional Capacity,1,2
878790544,2026-09-26,Ituri,Djugu,Mangala,Tchele,Church,Roman Catholic Church,Low,Other epidemic response,Institutional Capacity,1,2
878794554,2026-09-26,Ituri,Djugu,Mangala,Tchele,Church,Roman Catholic Church,Low,Other epidemic response,Institutional Capacity,1,2
878860056,2026-09-26,Ituri,Djugu,Mangala,Tchele,Church,Roman Catholic Church,Low,Other epidemic response,Institutional Capacity,1,2
878863016,2026-09-26,Ituri,Djugu,Mangala,Tchele,Church,ECC,Low,Other epidemic response,Institutional Capacity,1,2
878869824,2026-09-26,Ituri,Djugu,Mangala,Tchele,Church,ECC,Low,Other epidemic response,Institutional Capacity,1,2
878896880,2026-09-26,Ituri,Djugu,Mangala,Tchele,Church,ECC,Low,Other epidemic response,Institutional Capacity,1,2
878997028,2026-09-26,Ituri,Djugu,Lita,Bahwere,Denominational school,ECC,Low,Other epidemic response,Institutional Capacity,0,2
878997035,2026-09-26,Ituri,Djugu,Lita,Bahwere,Denominational school,ECC,Low,Other epidemic response,Institutional Capacity,0,2
878997051,2026-09-26,Ituri,Djugu,Lita,Bahwere,Church,ECC,Low,Other epidemic response,Institutional Capacity,0,2
878997059,2026-09-26,Ituri,Djugu,Lita,Bahwere,Church,ECC,Moderate,Other epidemic response,Institutional Capacity,0,2
878997068,2026-09-26,Ituri,Djugu,Lita,Bahwere,Denominational school,ECC,Moderate,Other epidemic response,Institutional Capacity,0,2
878997075,2026-09-26,Ituri,Djugu,Lita,Bahwere,Church,Roman Catholic Church,Moderate,Other epidemic response,Institutional Capacity,0,2
878997091,2026-09-26,Ituri,Djugu,Lita,Bahwere,Church,ECC,Moderate,Other epidemic response,Institutional Capacity,0,2
878997100,2026-09-26,Ituri,Djugu,Lita,Bahwere,Denominational organization,ECC,Moderate,Other epidemic response,Institutional Capacity,1,2
878997108,2026-09-26,Ituri,Djugu,Lita,Bahwere,Church,ECC,Low,Other epidemic response,Institutional Capacity,0,2
878997115,2026-09-26,Ituri,Djugu,Lita,Bahwere,Church,ECC,Moderate,Other epidemic response,Institutional Capacity,1,2
879117541,2026-09-26,Ituri,Djugu,Mangala,Tchele,Church,ECC,Low,Other epidemic response,Institutional Capacity,0,2
879122054,2026-09-26,Ituri,Djugu,Mangala,Tchele,Church,ECC,Low,Other epidemic response,Institutional Capacity,1,2
879202178,2026-09-25,Ituri,Djugu,Mangala,Tchele,Church,ECC,Low,Other epidemic response,Institutional Capacity,1,2
879365390,2026-09-25,Ituri,Djugu,Mangala,Tchele,Church,ECC,Low,Other epidemic response,Institutional Capacity,1,2
879365392,2026-09-25,Ituri,Djugu,Mangala,Tchele,Church,ECC,Low,Other epidemic response,Institutional Capacity,1,2
879365398,2026-09-25,Ituri,Djugu,Mangala,Tchele,Church,ECC,Low,Other epidemic response,Institutional Capacity,0,2
879365403,2026-09-25,Ituri,Djugu,Mangala,Tchele,Church,ECC,Low,Other epidemic response,Institutional Capacity,1,2
879365407,2026-09-26,Ituri,Djugu,Mangala,Tchele,Church,ECC,Low,Other epidemic response,Institutional Capacity,1,2
879365412,2026-09-26,Ituri,Djugu,Mangala,Tchele,Church,ECC,Low,Other epidemic response,Institutional Capacity,1,2
879365414,2026-09-26,Ituri,Djugu,Mangala,Tchele,Church,ECC,Low,Other epidemic response,Institutional Capacity,1,2
879365416,2026-09-26,Ituri,Djugu,Mangala,Tchele,Church,ECC,Low,Other epidemic response,Institutional Capacity,1,2
879365422,2026-09-26,Ituri,Djugu,Mangala,Tchele,Church,ECC,Low,Other epidemic response,Institutional Capacity,1,2
879365427,2026-09-26,Ituri,Djugu,Mangala,Tchele,Church,ECC,Low,Other epidemic response,Institutional Capacity,1,2
879365432,2026-09-26,Ituri,Djugu,Mangala,Tchele,Church,ECC,Low,Other epidemic response,Institutional Capacity,1,2
879365444,2026-09-26,Ituri,Djugu,Mangala,Tcy,Church,ECC,Low,Other epidemic response,Institutional Capacity,1,2
879365450,2026-09-26,Ituri,Djugu,Mangala,Tchele,Church,ECC,Low,Other epidemic response,Institutional Capacity,1,2
879365457,2026-09-26,Ituri,Djugu,Mangala,Tchele,Church,ECC,Low,Other epidemic response,Institutional Capacity,1,2
879365462,2026-09-26,Ituri,Djugu,Mangala,Tchele,Church,ECC,Low,Other epidemic response,Institutional Capacity,1,2
879365465,2026-09-26,Ituri,Djugu,Mangala,Tchele,Church,ECC,Low,Other epidemic response,Institutional Capacity,1,2
879365468,2026-09-26,Ituri,Djugu,Mangala,Tchele,Church,ECC,Low,Other epidemic response,Institutional Capacity,1,2
879365474,2026-09-26,Ituri,Djugu,Mangala,Tchele,Church,ECC,Low,Other epidemic response,Institutional Capacity,1,2
879365478,2026-09-26,Ituri,Djugu,Mangala,Tchele,Church,ECC,Low,Other epidemic response,Institutional Capacity,1,2
879552531,2026-09-27,Ituri,Djugu,Mangala,Tchele,Church,ECC,Low,Other epidemic response,Institutional Capacity,1,2
879554947,2026-09-27,Ituri,Djugu,Mangala,Tchele,Church,ECC,Low,Other epidemic response,Institutional Capacity,1,2
879635788,2026-09-27,Ituri,Djugu,Lita,Mutumbi,Faith-based health care facility,Roman Catholic Church,High,Other epidemic response,Institutional Capacity,1,2
879635794,2026-09-27,Ituri,Djugu,Lita,Mutumbi,Church,Roman Catholic Church,Moderate,Other epidemic response,Institutional Capacity,1,2
879635804,2026-09-27,Ituri,Djugu,Lita,Mutumbi,Church,ECC,High,Other epidemic response,Institutional Capacity,1,2
879635814,2026-09-27,Ituri,Djugu,Lita,Mutumbi,Church,Roman Catholic Church,Moderate,Other epidemic response,Institutional Capacity,1,2
879635826,2026-09-27,Ituri,Djugu,Lita,Mutumbi,Denominational school,ECC,Moderate,Other epidemic response,Institutional Capacity,1,2
879685393,2026-09-23,Ituri,Djugu,Lita,Katoto,Faith-based health care facility,ECC,Low,Other epidemic response,Institutional Capacity,1,2
879685396,2026-09-24,Ituri,Djugu,Lita,Katoto,Church,ECC,High,Other epidemic response,Institutional Capacity,1,2
879685410,2026-09-25,Ituri,Djugu,Lita,Katoto,Church,ECC,Low,Other epidemic response,Institutional Capacity,0,2
879685425,2026-09-25,Ituri,Djugu,Lita,Katoto,Church,ECC,Moderate,Other epidemic response,Institutional Capacity,0,2
879685439,2026-09-25,Ituri,Djugu,Lita,Katoto,Church,ECC,High,Other epidemic response,Institutional Capacity,1,2
879685455,2026-09-25,Ituri,Djugu,Lita,Katoto,Church,Roman Catholic Church,Low,Other epidemic response,Institutional Capacity,0,2
879685474,2026-09-26,Ituri,Djugu,Lita,Katoto,Church,ECC,High,Other epidemic response,Institutional Capacity,1,2
879685485,2026-09-26,Ituri,Djugu,Lita,Katoto,Church,Roman Catholic Church,Moderate,Other epidemic response,Institutional Capacity,1,2
879685494,2026-09-26,Ituri,Djugu,Lita,Katoto,Church,Roman Catholic Church,Moderate,Other epidemic response,Institutional Capacity,1,2
879685509,2026-09-27,Ituri,Djugu,Lita,Katoto,Church,ECC,Low,Other epidemic response,Institutional Capacity,1,2
879685519,2026-09-27,Ituri,Djugu,Lita,Katoto,Church,ECC,Low,Other epidemic response,Institutional Capacity,1,2
879685625,2026-09-27,Ituri,Djugu,Lita,Katoto,Church,ECC,Low,Other epidemic response,Institutional Capacity,1,2
879685659,2026-09-27,Ituri,Djugu,Lita,Katoto,Church,ECC,Low,Other epidemic response,Institutional Capacity,1,2
879685672,2026-09-27,Ituri,Djugu,Lita,Katoto,Church,Roman Catholic Church,Low,Other epidemic response,Institutional Capacity,1,2
879685682,2026-09-27,Ituri,Djugu,Lita,Katoto,Church,Roman Catholic Church,High,Other epidemic response,Institutional Capacity,1,2
879685686,2026-09-27,Ituri,Djugu,Lita,Katoto,Church,Roman Catholic Church,Low,Other epidemic response,Institutional Capacity,1,2
879686019,2026-09-27,Ituri,Djugu,Lita,Katoto,Church,ECC,Low,Other epidemic response,Institutional Capacity,0,2
879686043,2026-09-27,Ituri,Djugu,Lita,Katoto,Church,ECC,Moderate,Other epidemic response,Institutional Capacity,0,2
879686056,2026-09-27,Ituri,Djugu,Lita,Katoto,Church,ECC,Moderate,Other epidemic response,Institutional Capacity,0,2
879686066,2026-09-27,Ituri,Djugu,Lita,Katoto,Church,ECC,Low,Other epidemic response,Institutional Capacity,0,2
841199154,2026-08-16,North Kivu,Beni,Beni,Kanzuli,Church,ECC,Moderate,Ebola training,Institutional Capacity,0,3
841548610,2026-08-17,North Kivu,Beni,Beni,Kanzuli,Church,ECC,Low,Ebola training,Institutional Capacity,0,3
842785213,2026-08-18,North Kivu,Beni,Beni,Kanzuli,Church,ECC,Moderate,Ebola training,Institutional Capacity,0,3
843341124,2026-08-18,North Kivu,Beni,Beni,Ngongolio,Church,ECC,High,Ebola training,Institutional Capacity,0,3
843348882,2026-08-18,North Kivu,Beni,Beni,Ngongolio,Church,ECC,High,Ebola training,Institutional Capacity,0,3
843365757,2026-08-18,North Kivu,Beni,Beni,Tamende,Church,ECC,High,Ebola training,Institutional Capacity,0,3
843369063,2026-08-18,North Kivu,Beni,Beni,Ngongolio,Church,ECC,High,Ebola training,Institutional Capacity,0,3
843770142,2026-08-19,North Kivu,Beni,Beni,Boikene,Church,ECC,High,Ebola training,Institutional Capacity,1,3
843828499,2026-08-18,North Kivu,Beni,Beni,Tamende,Church,ECC,Low,Ebola training,Institutional Capacity,0,3
843841750,2026-08-19,North Kivu,Beni,Beni,Tamende,Church,Roman Catholic Church,Moderate,Ebola training,Institutional Capacity,1,3
843887195,2026-08-19,North Kivu,Beni,Beni,Boikene,Denominational school,ECC,Moderate,Ebola training,Institutional Capacity,0,3
843917903,2026-08-19,North Kivu,Beni,Beni,Boikene,Church,ECC,High,Ebola training,Institutional Capacity,1,3
843940314,2026-08-19,North Kivu,Beni,Beni,Boikene,Church,ECC,High,Ebola training,Institutional Capacity,1,3
843992799,2026-08-19,North Kivu,Beni,Beni,Boikene,Church,ECC,High,Ebola training,Institutional Capacity,1,3
844181691,2026-08-19,North Kivu,Beni,Beni,Boikene,Church,ECC,High,Ebola training,Institutional Capacity,1,3
845990019,2026-08-21,North Kivu,Beni,Beni,Mabakanga,Faith-based health care facility,ECC,Moderate,Ebola training,Institutional Capacity,0,3
846487418,2026-08-21,North Kivu,Beni,Beni,Kanzuli,Church,ECC,High,Ebola training,Institutional Capacity,1,3
846728240,2026-08-22,North Kivu,Beni,Beni,Boikene,Church,ECC,Moderate,Ebola training,Institutional Capacity,0,3
846742619,2026-08-22,North Kivu,Beni,Beni,Boikene,Church,ECC,Moderate,Ebola training,Institutional Capacity,0,3
846748689,2026-08-22,North Kivu,Beni,Beni,Boikene,Denominational school,ECC,High,Ebola training,Institutional Capacity,1,3
847057490,2026-08-22,North Kivu,Beni,Beni,Mandrandele,Church,ECC,High,Ebola training,Institutional Capacity,1,3
847069287,2026-08-22,North Kivu,Beni,Beni,Mandrandele,Church,ECC,High,Ebola training,Institutional Capacity,0,3
847082157,2026-08-22,North Kivu,Beni,Beni,Mandrandele,Church,ECC,High,Ebola training,Institutional Capacity,1,3
847268921,2026-08-23,North Kivu,Beni,Beni,Kasabinyole,Church,ECC,Low,Ebola training,Institutional Capacity,0,3
847273941,2026-08-23,North Kivu,Beni,Beni,Kasabinyole,Church,ECC,Low,Ebola training,Institutional Capacity,0,3
847285482,2026-08-23,North Kivu,Beni,Beni,Tuungane,Church,ECC,Low,Ebola training,Institutional Capacity,0,3
847289604,2026-08-23,North Kivu,Beni,Beni,Tuungane,Denominational school,ECC,Low,Ebola training,Institutional Capacity,0,3
847293655,2026-08-23,North Kivu,Beni,Beni,Tuungane,Denominational school,ECC,Low,Ebola training,Institutional Capacity,0,3
847297827,2026-08-23,North Kivu,Beni,Beni,Tuungane,Church,ECC,Low,Ebola training,Institutional Capacity,0,3
847302416,2026-08-23,North Kivu,Beni,Beni,Tuungane,Church,ECC,Low,Ebola training,Institutional Capacity,0,3
847307012,2026-08-23,North Kivu,Beni,Beni,Anglicane,Denominational school,ECC,Low,Ebola training,Institutional Capacity,0,3
847311861,2026-08-23,North Kivu,Beni,Beni,Anglicane,Church,ECC,Low,Ebola training,Institutional Capacity,0,3
847586408,2026-08-23,North Kivu,Beni,Beni,Kuka,Church,ECC,Moderate,Ebola training,Institutional Capacity,0,3
847600556,2026-08-23,North Kivu,Beni,Beni,Kuka,Church,ECC,High,Ebola training,Institutional Capacity,0,3
847610633,2026-08-23,North Kivu,Beni,Beni,Kuka,Church,ECC,High,Ebola training,Institutional Capacity,1,3
847862794,2026-08-14,North Kivu,Beni,Beni,Malepe,Church,ECC,High,Ebola training,Institutional Capacity,0,3
849046030,2026-08-25,North Kivu,Beni,Beni,Ngongolio,Church,ECC,High,Ebola training,Institutional Capacity,0,3
850045824,2026-08-26,North Kivu,Beni,Beni,Mangothe,Church,ECC,Moderate,Ebola training,Institutional Capacity,0,3
850145543,2026-08-24,North Kivu,Beni,Beni,Malepe,Church,ECC,High,Ebola training,Institutional Capacity,0,3
850180468,2026-08-26,North Kivu,Beni,Beni,Butanuka,Church,ECC,High,Ebola training,Institutional Capacity,0,3
850508336,2026-08-26,North Kivu,Beni,Beni,Mabakanga,Faith-based health care facility,ECC,Low,Ebola training,Institutional Capacity,0,3
850633361,2026-08-26,North Kivu,Beni,Beni,Tamende,Church,ECC,Low,Ebola training,Institutional Capacity,0,3
850649059,2026-08-26,North Kivu,Beni,Beni,Mabakanga,Church,ECC,Moderate,Ebola training,Institutional Capacity,1,3
850652676,2026-08-26,North Kivu,Beni,Beni,Gongolio,Church,Roman Catholic Church,Low,Ebola training,Institutional Capacity,1,3
850657352,2026-08-26,North Kivu,Beni,Beni,Mabakanga,Church,ECC,High,Ebola training,Institutional Capacity,1,3
850690706,2026-08-26,North Kivu,Beni,Beni,Mandrandele,Church,ECC,High,Ebola training,Institutional Capacity,0,3
851141363,2026-08-26,North Kivu,Beni,Beni,Boikene,Church,ECC,High,Ebola training,Institutional Capacity,1,3
851144057,2026-08-27,North Kivu,Beni,Beni,Malepe,Church,ECC,High,Ebola training,Institutional Capacity,1,3
851154720,2026-08-27,North Kivu,Beni,Beni,Malepe,Church,ECC,High,Ebola training,Institutional Capacity,1,3
851221822,2026-08-27,North Kivu,Beni,Beni,Malepe,Church,ECC,High,Ebola training,Institutional Capacity,1,3
851246506,2026-08-27,North Kivu,Beni,Beni,Malepe,Church,ECC,High,Ebola training,Institutional Capacity,1,3
851251697,2026-08-27,North Kivu,Beni,Beni,Rwangoma,Church,ECC,Moderate,Ebola training,Institutional Capacity,0,3
851267049,2026-08-27,North Kivu,Beni,Beni,Butanuka,Denominational school,ECC,High,Ebola training,Institutional Capacity,0,3
851289789,2026-08-27,North Kivu,Beni,Beni,Butanuka,Denominational organization,ECC,High,Ebola training,Institutional Capacity,1,3
851322369,2026-08-27,North Kivu,Beni,Beni,Rwangoma,Church,ECC,Moderate,Ebola training,Institutional Capacity,0,3
852140309,2026-08-28,North Kivu,Butembo,Katwa,Mitoya,Denominational school,ECC,Moderate,Ebola training,Institutional Capacity,1,3
852167593,2026-08-28,North Kivu,Beni,Beni,Kanzuli,Denominational school,ECC,Low,Ebola training,Institutional Capacity,0,3
852170534,2026-08-28,North Kivu,Butembo,Katwa,Katwa,Denominational school,ECC,High,Ebola training,Institutional Capacity,1,3
852209874,2026-08-28,North Kivu,Beni,Beni,Kanzuli,Church,ECC,Moderate,Ebola training,Institutional Capacity,1,3
852221246,2026-08-28,North Kivu,Beni,Beni,Malepe,Church,ECC,Low,Ebola training,Institutional Capacity,1,3
852223652,2026-08-28,North Kivu,Butembo,Katwa,Mitoya,Church,ECC,High,Ebola training,Institutional Capacity,1,3
852306872,2026-08-28,North Kivu,Beni,Beni,Kasabinyole,Church,ECC,Low,Ebola training,Institutional Capacity,1,3
852311269,2026-08-28,North Kivu,Beni,Beni,Gbadolite,Church,ECC,Moderate,Ebola training,Institutional Capacity,1,3
852311817,2026-08-28,North Kivu,Beni,Beni,Kanzuli,Church,ECC,Low,Ebola training,Institutional Capacity,0,3
853058765,2026-08-29,North Kivu,Beni,Beni,Kanzuli,Church,ECC,Low,Ebola training,Institutional Capacity,1,3
853068833,2026-08-29,North Kivu,Beni,Beni,Kanzuli,Church,ECC,Low,Ebola training,Institutional Capacity,1,3
853700686,2026-08-30,North Kivu,Butembo,Katwa,Katwa,Denominational school,ECC,Low,Ebola training,Institutional Capacity,0,3
853885257,2026-08-29,North Kivu,Beni,Beni,Beni,Church,ECC,Moderate,Ebola training,Institutional Capacity,1,3
854183549,2026-08-14,North Kivu,Beni,Beni,Kasabinyole,Church,ECC,High,Ebola training,Institutional Capacity,1,3
854192402,2026-08-31,North Kivu,Beni,Beni,Mabolio,Church,ECC,Low,Ebola training,Institutional Capacity,0,3
854226558,2026-08-31,North Kivu,Lubero,Lubero,Rughenda,Church,ECC,Moderate,Ebola training,Institutional Capacity,1,3
854295690,2026-08-26,North Kivu,Beni,Beni,Malepe,Church,ECC,Moderate,Ebola training,Institutional Capacity,0,3
854335472,2026-08-31,North Kivu,Butembo,Katwa,Katwa,Church,ECC,Low,Ebola training,Institutional Capacity,0,3
854361138,2026-08-31,North Kivu,Beni,Beni,Kanzuli,Church,ECC,Moderate,Ebola training,Institutional Capacity,0,3
854632904,2026-08-31,North Kivu,Butembo,Katwa,Vuhika,Denominational school,ECC,Moderate,Ebola training,Institutional Capacity,0,3
857307057,2026-08-30,North Kivu,Butembo,Katwa,Masuli,Faith-based health care facility,ECC,High,Ebola training,Institutional Capacity,1,3
858859254,2026-09-04,North Kivu,Beni,Beni,Mandrandele,Church,ECC,High,Ebola training,Institutional Capacity,1,3
859495986,2026-08-31,North Kivu,Beni,Beni,Kasabinyole,Church,ECC,High,Ebola training,Institutional Capacity,0,3
859495990,2026-08-31,North Kivu,Beni,Beni,Butsili,Church,ECC,High,Ebola training,Institutional Capacity,0,3
859495993,2026-08-31,North Kivu,Beni,Beni,Butsili,Church,ECC,High,Ebola training,Institutional Capacity,0,3
862786531,2026-09-09,North Kivu,Beni,Beni,Ngilinga Muloku,Church,ECC,High,Ebola training,Institutional Capacity,1,3
862801808,2026-09-09,North Kivu,Beni,Beni,Kanzuli,Church,ECC,High,Ebola training,Institutional Capacity,1,3
862818930,2026-09-09,North Kivu,Beni,Beni,Kanzuli,Church,ECC,Moderate,Ebola training,Institutional Capacity,0,3
862836160,2026-09-09,North Kivu,Beni,Beni,Kanzuli,Denominational school,ECC,Moderate,Ebola training,Institutional Capacity,0,3
862888563,2026-09-09,North Kivu,Beni,Beni,Kanzuli Nzuki,Denominational school,ECC,High,Ebola training,Institutional Capacity,0,3
875869474,2026-09-21,North Kivu,Beni,Beni,Kasanga,Faith-based health care facility,ECC,Moderate,Ebola training,Institutional Capacity,0,3
876079652,2026-09-23,North Kivu,Beni,Beni,Kasanga,Faith-based health care facility,ECC,Low,Ebola training,Institutional Capacity,0,3
876920737,2026-09-22,Ituri,Djugu,Mangala,Tchele,Church,Roman Catholic Church,Low,Ebola training,Institutional Capacity,1,3
876996119,2026-09-24,Ituri,Djugu,Mangala,Tchele,Church,Roman Catholic Church,Low,Ebola training,Institutional Capacity,1,3
877017789,2026-09-24,Ituri,Djugu,Mangala,Tchele,Church,Roman Catholic Church,Low,Ebola training,Institutional Capacity,1,3
877029755,2026-09-24,Ituri,Djugu,Mangala,Tchele,Church,Roman Catholic Church,Low,Ebola training,Institutional Capacity,1,3
877043915,2026-09-24,Ituri,Djugu,Mangala,Tchele,Church,Roman Catholic Church,Low,Ebola training,Institutional Capacity,1,3
878062446,2026-09-25,Ituri,Djugu,Lita,Mutumbi,Church,ECC,High,Ebola training,Institutional Capacity,0,3
878062450,2026-09-25,Ituri,Djugu,Lita,Mutumbi,Church,ECC,Low,Ebola training,Institutional Capacity,1,3
878062460,2026-09-25,Ituri,Djugu,Lita,Mutumbi,Church,ECC,Low,Ebola training,Institutional Capacity,0,3
878062468,2026-09-25,Ituri,Djugu,Lita,Mutumbi,Church,ECC,High,Ebola training,Institutional Capacity,1,3
878062475,2026-09-25,Ituri,Djugu,Lita,Mutumbi,Church,ECC,Moderate,Ebola training,Institutional Capacity,0,3
878771972,2026-09-25,Ituri,Djugu,Mangala,Tchele,Church,Roman Catholic Church,Low,Ebola training,Institutional Capacity,1,3
878771977,2026-09-26,Ituri,Djugu,Mangala,Tchele,Church,ECC,Low,Ebola training,Institutional Capacity,1,3
878775076,2026-09-26,Ituri,Djugu,Mangala,Tchele,Church,ECC,Low,Ebola training,Institutional Capacity,1,3
878784129,2026-09-26,Ituri,Djugu,Mangala,Tchele,Church,Roman Catholic Church,Low,Ebola training,Institutional Capacity,1,3
878790544,2026-09-26,Ituri,Djugu,Mangala,Tchele,Church,Roman Catholic Church,Low,Ebola training,Institutional Capacity,1,3
878794554,2026-09-26,Ituri,Djugu,Mangala,Tchele,Church,Roman Catholic Church,Low,Ebola training,Institutional Capacity,1,3
878860056,2026-09-26,Ituri,Djugu,Mangala,Tchele,Church,Roman Catholic Church,Low,Ebola training,Institutional Capacity,1,3
878863016,2026-09-26,Ituri,Djugu,Mangala,Tchele,Church,ECC,Low,Ebola training,Institutional Capacity,1,3
878869824,2026-09-26,Ituri,Djugu,Mangala,Tchele,Church,ECC,Low,Ebola training,Institutional Capacity,1,3
878896880,2026-09-26,Ituri,Djugu,Mangala,Tchele,Church,ECC,Low,Ebola training,Institutional Capacity,1,3
878997028,2026-09-26,Ituri,Djugu,Lita,Bahwere,Denominational school,ECC,Low,Ebola training,Institutional Capacity,0,3
878997035,2026-09-26,Ituri,Djugu,Lita,Bahwere,Denominational school,ECC,Low,Ebola training,Institutional Capacity,0,3
878997051,2026-09-26,Ituri,Djugu,Lita,Bahwere,Church,ECC,Low,Ebola training,Institutional Capacity,0,3
878997059,2026-09-26,Ituri,Djugu,Lita,Bahwere,Church,ECC,Moderate,Ebola training,Institutional Capacity,1,3
878997068,2026-09-26,Ituri,Djugu,Lita,Bahwere,Denominational school,ECC,Moderate,Ebola training,Institutional Capacity,1,3
878997075,2026-09-26,Ituri,Djugu,Lita,Bahwere,Church,Roman Catholic Church,Moderate,Ebola training,Institutional Capacity,1,3
878997091,2026-09-26,Ituri,Djugu,Lita,Bahwere,Church,ECC,Moderate,Ebola training,Institutional Capacity,1,3
878997100,2026-09-26,Ituri,Djugu,Lita,Bahwere,Denominational organization,ECC,Moderate,Ebola training,Institutional Capacity,1,3
878997108,2026-09-26,Ituri,Djugu,Lita,Bahwere,Church,ECC,Low,Ebola training,Institutional Capacity,1,3
878997115,2026-09-26,Ituri,Djugu,Lita,Bahwere,Church,ECC,Moderate,Ebola training,Institutional Capacity,1,3
879117541,2026-09-26,Ituri,Djugu,Mangala,Tchele,Church,ECC,Low,Ebola training,Institutional Capacity,1,3
879122054,2026-09-26,Ituri,Djugu,Mangala,Tchele,Church,ECC,Low,Ebola training,Institutional Capacity,1,3
879202178,2026-09-25,Ituri,Djugu,Mangala,Tchele,Church,ECC,Low,Ebola training,Institutional Capacity,1,3
879365390,2026-09-25,Ituri,Djugu,Mangala,Tchele,Church,ECC,Low,Ebola training,Institutional Capacity,1,3
879365392,2026-09-25,Ituri,Djugu,Mangala,Tchele,Church,ECC,Low,Ebola training,Institutional Capacity,1,3
879365398,2026-09-25,Ituri,Djugu,Mangala,Tchele,Church,ECC,Low,Ebola training,Institutional Capacity,1,3
879365403,2026-09-25,Ituri,Djugu,Mangala,Tchele,Church,ECC,Low,Ebola training,Institutional Capacity,1,3
879365407,2026-09-26,Ituri,Djugu,Mangala,Tchele,Church,ECC,Low,Ebola training,Institutional Capacity,0,3
879365412,2026-09-26,Ituri,Djugu,Mangala,Tchele,Church,ECC,Low,Ebola training,Institutional Capacity,1,3
879365414,2026-09-26,Ituri,Djugu,Mangala,Tchele,Church,ECC,Low,Ebola training,Institutional Capacity,1,3
879365416,2026-09-26,Ituri,Djugu,Mangala,Tchele,Church,ECC,Low,Ebola training,Institutional Capacity,1,3
879365422,2026-09-26,Ituri,Djugu,Mangala,Tchele,Church,ECC,Low,Ebola training,Institutional Capacity,1,3
879365427,2026-09-26,Ituri,Djugu,Mangala,Tchele,Church,ECC,Low,Ebola training,Institutional Capacity,1,3
879365432,2026-09-26,Ituri,Djugu,Mangala,Tchele,Church,ECC,Low,Ebola training,Institutional Capacity,1,3
879365444,2026-09-26,Ituri,Djugu,Mangala,Tcy,Church,ECC,Low,Ebola training,Institutional Capacity,1,3
879365450,2026-09-26,Ituri,Djugu,Mangala,Tchele,Church,ECC,Low,Ebola training,Institutional Capacity,1,3
879365457,2026-09-26,Ituri,Djugu,Mangala,Tchele,Church,ECC,Low,Ebola training,Institutional Capacity,1,3
879365462,2026-09-26,Ituri,Djugu,Mangala,Tchele,Church,ECC,Low,Ebola training,Institutional Capacity,1,3
879365465,2026-09-26,Ituri,Djugu,Mangala,Tchele,Church,ECC,Low,Ebola training,Institutional Capacity,1,3
879365468,2026-09-26,Ituri,Djugu,Mangala,Tchele,Church,ECC,Low,Ebola training,Institutional Capacity,1,3
879365474,2026-09-26,Ituri,Djugu,Mangala,Tchele,Church,ECC,Low,Ebola training,Institutional Capacity,1,3
879365478,2026-09-26,Ituri,Djugu,Mangala,Tchele,Church,ECC,Low,Ebola training,Institutional Capacity,1,3
879552531,2026-09-27,Ituri,Djugu,Mangala,Tchele,Church,ECC,Low,Ebola training,Institutional Capacity,1,3
879554947,2026-09-27,Ituri,Djugu,Mangala,Tchele,Church,ECC,Low,Ebola training,Institutional Capacity,1,3
879635788,2026-09-27,Ituri,Djugu,Lita,Mutumbi,Faith-based health care facility,Roman Catholic Church,High,Ebola training,Institutional Capacity,0,3
879635794,2026-09-27,Ituri,Djugu,Lita,Mutumbi,Church,Roman Catholic Church,Moderate,Ebola training,Institutional Capacity,1,3
879635804,2026-09-27,Ituri,Djugu,Lita,Mutumbi,Church,ECC,High,Ebola training,Institutional Capacity,1,3
879635814,2026-09-27,Ituri,Djugu,Lita,Mutumbi,Church,Roman Catholic Church,Moderate,Ebola training,Institutional Capacity,1,3
879635826,2026-09-27,Ituri,Djugu,Lita,Mutumbi,Denominational school,ECC,Moderate,Ebola training,Institutional Capacity,0,3
879685393,2026-09-23,Ituri,Djugu,Lita,Katoto,Faith-based health care facility,ECC,Low,Ebola training,Institutional Capacity,0,3
879685396,2026-09-24,Ituri,Djugu,Lita,Katoto,Church,ECC,High,Ebola training,Institutional Capacity,0,3
879685410,2026-09-25,Ituri,Djugu,Lita,Katoto,Church,ECC,Low,Ebola training,Institutional Capacity,0,3
879685425,2026-09-25,Ituri,Djugu,Lita,Katoto,Church,ECC,Moderate,Ebola training,Institutional Capacity,1,3
879685439,2026-09-25,Ituri,Djugu,Lita,Katoto,Church,ECC,High,Ebola training,Institutional Capacity,0,3
879685455,2026-09-25,Ituri,Djugu,Lita,Katoto,Church,Roman Catholic Church,Low,Ebola training,Institutional Capacity,0,3
879685474,2026-09-26,Ituri,Djugu,Lita,Katoto,Church,ECC,High,Ebola training,Institutional Capacity,0,3
879685485,2026-09-26,Ituri,Djugu,Lita,Katoto,Church,Roman Catholic Church,Moderate,Ebola training,Institutional Capacity,0,3
879685494,2026-09-26,Ituri,Djugu,Lita,Katoto,Church,Roman Catholic Church,Moderate,Ebola training,Institutional Capacity,0,3
879685509,2026-09-27,Ituri,Djugu,Lita,Katoto,Church,ECC,Low,Ebola training,Institutional Capacity,1,3
879685519,2026-09-27,Ituri,Djugu,Lita,Katoto,Church,ECC,Low,Ebola training,Institutional Capacity,1,3
879685625,2026-09-27,Ituri,Djugu,Lita,Katoto,Church,ECC,Low,Ebola training,Institutional Capacity,1,3
879685659,2026-09-27,Ituri,Djugu,Lita,Katoto,Church,ECC,Low,Ebola training,Institutional Capacity,0,3
879685672,2026-09-27,Ituri,Djugu,Lita,Katoto,Church,Roman Catholic Church,Low,Ebola training,Institutional Capacity,0,3
879685682,2026-09-27,Ituri,Djugu,Lita,Katoto,Church,Roman Catholic Church,High,Ebola training,Institutional Capacity,0,3
879685686,2026-09-27,Ituri,Djugu,Lita,Katoto,Church,Roman Catholic Church,Low,Ebola training,Institutional Capacity,0,3
879686019,2026-09-27,Ituri,Djugu,Lita,Katoto,Church,ECC,Low,Ebola training,Institutional Capacity,1,3
879686043,2026-09-27,Ituri,Djugu,Lita,Katoto,Church,ECC,Moderate,Ebola training,Institutional Capacity,1,3
879686056,2026-09-27,Ituri,Djugu,Lita,Katoto,Church,ECC,Moderate,Ebola training,Institutional Capacity,1,3
879686066,2026-09-27,Ituri,Djugu,Lita,Katoto,Church,ECC,Low,Ebola training,Institutional Capacity,0,3
841199154,2026-08-16,North Kivu,Beni,Beni,Kanzuli,Church,ECC,Moderate,Educational materials,Institutional Capacity,0,4
841548610,2026-08-17,North Kivu,Beni,Beni,Kanzuli,Church,ECC,Low,Educational materials,Institutional Capacity,0,4
842785213,2026-08-18,North Kivu,Beni,Beni,Kanzuli,Church,ECC,Moderate,Educational materials,Institutional Capacity,0,4
843341124,2026-08-18,North Kivu,Beni,Beni,Ngongolio,Church,ECC,High,Educational materials,Institutional Capacity,0,4
843348882,2026-08-18,North Kivu,Beni,Beni,Ngongolio,Church,ECC,High,Educational materials,Institutional Capacity,0,4
843365757,2026-08-18,North Kivu,Beni,Beni,Tamende,Church,ECC,High,Educational materials,Institutional Capacity,0,4
843369063,2026-08-18,North Kivu,Beni,Beni,Ngongolio,Church,ECC,High,Educational materials,Institutional Capacity,0,4
843770142,2026-08-19,North Kivu,Beni,Beni,Boikene,Church,ECC,High,Educational materials,Institutional Capacity,1,4
843828499,2026-08-18,North Kivu,Beni,Beni,Tamende,Church,ECC,Low,Educational materials,Institutional Capacity,0,4
843841750,2026-08-19,North Kivu,Beni,Beni,Tamende,Church,Roman Catholic Church,Moderate,Educational materials,Institutional Capacity,0,4
843887195,2026-08-19,North Kivu,Beni,Beni,Boikene,Denominational school,ECC,Moderate,Educational materials,Institutional Capacity,0,4
843917903,2026-08-19,North Kivu,Beni,Beni,Boikene,Church,ECC,High,Educational materials,Institutional Capacity,1,4
843940314,2026-08-19,North Kivu,Beni,Beni,Boikene,Church,ECC,High,Educational materials,Institutional Capacity,1,4
843992799,2026-08-19,North Kivu,Beni,Beni,Boikene,Church,ECC,High,Educational materials,Institutional Capacity,1,4
844181691,2026-08-19,North Kivu,Beni,Beni,Boikene,Church,ECC,High,Educational materials,Institutional Capacity,1,4
845990019,2026-08-21,North Kivu,Beni,Beni,Mabakanga,Faith-based health care facility,ECC,Moderate,Educational materials,Institutional Capacity,0,4
846487418,2026-08-21,North Kivu,Beni,Beni,Kanzuli,Church,ECC,High,Educational materials,Institutional Capacity,0,4
846728240,2026-08-22,North Kivu,Beni,Beni,Boikene,Church,ECC,Moderate,Educational materials,Institutional Capacity,0,4
846742619,2026-08-22,North Kivu,Beni,Beni,Boikene,Church,ECC,Moderate,Educational materials,Institutional Capacity,0,4
846748689,2026-08-22,North Kivu,Beni,Beni,Boikene,Denominational school,ECC,High,Educational materials,Institutional Capacity,1,4
847057490,2026-08-22,North Kivu,Beni,Beni,Mandrandele,Church,ECC,High,Educational materials,Institutional Capacity,0,4
847069287,2026-08-22,North Kivu,Beni,Beni,Mandrandele,Church,ECC,High,Educational materials,Institutional Capacity,0,4
847082157,2026-08-22,North Kivu,Beni,Beni,Mandrandele,Church,ECC,High,Educational materials,Institutional Capacity,1,4
847268921,2026-08-23,North Kivu,Beni,Beni,Kasabinyole,Church,ECC,Low,Educational materials,Institutional Capacity,0,4
847273941,2026-08-23,North Kivu,Beni,Beni,Kasabinyole,Church,ECC,Low,Educational materials,Institutional Capacity,0,4
847285482,2026-08-23,North Kivu,Beni,Beni,Tuungane,Church,ECC,Low,Educational materials,Institutional Capacity,0,4
847289604,2026-08-23,North Kivu,Beni,Beni,Tuungane,Denominational school,ECC,Low,Educational materials,Institutional Capacity,0,4
847293655,2026-08-23,North Kivu,Beni,Beni,Tuungane,Denominational school,ECC,Low,Educational materials,Institutional Capacity,0,4
847297827,2026-08-23,North Kivu,Beni,Beni,Tuungane,Church,ECC,Low,Educational materials,Institutional Capacity,0,4
847302416,2026-08-23,North Kivu,Beni,Beni,Tuungane,Church,ECC,Low,Educational materials,Institutional Capacity,0,4
847307012,2026-08-23,North Kivu,Beni,Beni,Anglicane,Denominational school,ECC,Low,Educational materials,Institutional Capacity,0,4
847311861,2026-08-23,North Kivu,Beni,Beni,Anglicane,Church,ECC,Low,Educational materials,Institutional Capacity,0,4
847586408,2026-08-23,North Kivu,Beni,Beni,Kuka,Church,ECC,Moderate,Educational materials,Institutional Capacity,0,4
847600556,2026-08-23,North Kivu,Beni,Beni,Kuka,Church,ECC,High,Educational materials,Institutional Capacity,0,4
847610633,2026-08-23,North Kivu,Beni,Beni,Kuka,Church,ECC,High,Educational materials,Institutional Capacity,1,4
847862794,2026-08-14,North Kivu,Beni,Beni,Malepe,Church,ECC,High,Educational materials,Institutional Capacity,0,4
849046030,2026-08-25,North Kivu,Beni,Beni,Ngongolio,Church,ECC,High,Educational materials,Institutional Capacity,0,4
850045824,2026-08-26,North Kivu,Beni,Beni,Mangothe,Church,ECC,Moderate,Educational materials,Institutional Capacity,0,4
850145543,2026-08-24,North Kivu,Beni,Beni,Malepe,Church,ECC,High,Educational materials,Institutional Capacity,0,4
850180468,2026-08-26,North Kivu,Beni,Beni,Butanuka,Church,ECC,High,Educational materials,Institutional Capacity,0,4
850508336,2026-08-26,North Kivu,Beni,Beni,Mabakanga,Faith-based health care facility,ECC,Low,Educational materials,Institutional Capacity,0,4
850633361,2026-08-26,North Kivu,Beni,Beni,Tamende,Church,ECC,Low,Educational materials,Institutional Capacity,0,4
850649059,2026-08-26,North Kivu,Beni,Beni,Mabakanga,Church,ECC,Moderate,Educational materials,Institutional Capacity,1,4
850652676,2026-08-26,North Kivu,Beni,Beni,Gongolio,Church,Roman Catholic Church,Low,Educational materials,Institutional Capacity,0,4
850657352,2026-08-26,North Kivu,Beni,Beni,Mabakanga,Church,ECC,High,Educational materials,Institutional Capacity,1,4
850690706,2026-08-26,North Kivu,Beni,Beni,Mandrandele,Church,ECC,High,Educational materials,Institutional Capacity,0,4
851141363,2026-08-26,North Kivu,Beni,Beni,Boikene,Church,ECC,High,Educational materials,Institutional Capacity,1,4
851144057,2026-08-27,North Kivu,Beni,Beni,Malepe,Church,ECC,High,Educational materials,Institutional Capacity,1,4
851154720,2026-08-27,North Kivu,Beni,Beni,Malepe,Church,ECC,High,Educational materials,Institutional Capacity,1,4
851221822,2026-08-27,North Kivu,Beni,Beni,Malepe,Church,ECC,High,Educational materials,Institutional Capacity,1,4
851246506,2026-08-27,North Kivu,Beni,Beni,Malepe,Church,ECC,High,Educational materials,Institutional Capacity,1,4
851251697,2026-08-27,North Kivu,Beni,Beni,Rwangoma,Church,ECC,Moderate,Educational materials,Institutional Capacity,0,4
851267049,2026-08-27,North Kivu,Beni,Beni,Butanuka,Denominational school,ECC,High,Educational materials,Institutional Capacity,0,4
851289789,2026-08-27,North Kivu,Beni,Beni,Butanuka,Denominational organization,ECC,High,Educational materials,Institutional Capacity,0,4
851322369,2026-08-27,North Kivu,Beni,Beni,Rwangoma,Church,ECC,Moderate,Educational materials,Institutional Capacity,0,4
852140309,2026-08-28,North Kivu,Butembo,Katwa,Mitoya,Denominational school,ECC,Moderate,Educational materials,Institutional Capacity,0,4
852167593,2026-08-28,North Kivu,Beni,Beni,Kanzuli,Denominational school,ECC,Low,Educational materials,Institutional Capacity,0,4
852170534,2026-08-28,North Kivu,Butembo,Katwa,Katwa,Denominational school,ECC,High,Educational materials,Institutional Capacity,0,4
852209874,2026-08-28,North Kivu,Beni,Beni,Kanzuli,Church,ECC,Moderate,Educational materials,Institutional Capacity,1,4
852221246,2026-08-28,North Kivu,Beni,Beni,Malepe,Church,ECC,Low,Educational materials,Institutional Capacity,1,4
852223652,2026-08-28,North Kivu,Butembo,Katwa,Mitoya,Church,ECC,High,Educational materials,Institutional Capacity,0,4
852306872,2026-08-28,North Kivu,Beni,Beni,Kasabinyole,Church,ECC,Low,Educational materials,Institutional Capacity,0,4
852311269,2026-08-28,North Kivu,Beni,Beni,Gbadolite,Church,ECC,Moderate,Educational materials,Institutional Capacity,1,4
852311817,2026-08-28,North Kivu,Beni,Beni,Kanzuli,Church,ECC,Low,Educational materials,Institutional Capacity,0,4
853058765,2026-08-29,North Kivu,Beni,Beni,Kanzuli,Church,ECC,Low,Educational materials,Institutional Capacity,0,4
853068833,2026-08-29,North Kivu,Beni,Beni,Kanzuli,Church,ECC,Low,Educational materials,Institutional Capacity,1,4
853700686,2026-08-30,North Kivu,Butembo,Katwa,Katwa,Denominational school,ECC,Low,Educational materials,Institutional Capacity,1,4
853885257,2026-08-29,North Kivu,Beni,Beni,Beni,Church,ECC,Moderate,Educational materials,Institutional Capacity,0,4
854183549,2026-08-14,North Kivu,Beni,Beni,Kasabinyole,Church,ECC,High,Educational materials,Institutional Capacity,1,4
854192402,2026-08-31,North Kivu,Beni,Beni,Mabolio,Church,ECC,Low,Educational materials,Institutional Capacity,0,4
854226558,2026-08-31,North Kivu,Lubero,Lubero,Rughenda,Church,ECC,Moderate,Educational materials,Institutional Capacity,1,4
854295690,2026-08-26,North Kivu,Beni,Beni,Malepe,Church,ECC,Moderate,Educational materials,Institutional Capacity,0,4
854335472,2026-08-31,North Kivu,Butembo,Katwa,Katwa,Church,ECC,Low,Educational materials,Institutional Capacity,0,4
854361138,2026-08-31,North Kivu,Beni,Beni,Kanzuli,Church,ECC,Moderate,Educational materials,Institutional Capacity,0,4
854632904,2026-08-31,North Kivu,Butembo,Katwa,Vuhika,Denominational school,ECC,Moderate,Educational materials,Institutional Capacity,0,4
857307057,2026-08-30,North Kivu,Butembo,Katwa,Masuli,Faith-based health care facility,ECC,High,Educational materials,Institutional Capacity,1,4
858859254,2026-09-04,North Kivu,Beni,Beni,Mandrandele,Church,ECC,High,Educational materials,Institutional Capacity,0,4
859495986,2026-08-31,North Kivu,Beni,Beni,Kasabinyole,Church,ECC,High,Educational materials,Institutional Capacity,0,4
859495990,2026-08-31,North Kivu,Beni,Beni,Butsili,Church,ECC,High,Educational materials,Institutional Capacity,0,4
859495993,2026-08-31,North Kivu,Beni,Beni,Butsili,Church,ECC,High,Educational materials,Institutional Capacity,0,4
862786531,2026-09-09,North Kivu,Beni,Beni,Ngilinga Muloku,Church,ECC,High,Educational materials,Institutional Capacity,0,4
862801808,2026-09-09,North Kivu,Beni,Beni,Kanzuli,Church,ECC,High,Educational materials,Institutional Capacity,0,4
862818930,2026-09-09,North Kivu,Beni,Beni,Kanzuli,Church,ECC,Moderate,Educational materials,Institutional Capacity,0,4
862836160,2026-09-09,North Kivu,Beni,Beni,Kanzuli,Denominational school,ECC,Moderate,Educational materials,Institutional Capacity,0,4
862888563,2026-09-09,North Kivu,Beni,Beni,Kanzuli Nzuki,Denominational school,ECC,High,Educational materials,Institutional Capacity,0,4
875869474,2026-09-21,North Kivu,Beni,Beni,Kasanga,Faith-based health care facility,ECC,Moderate,Educational materials,Institutional Capacity,0,4
876079652,2026-09-23,North Kivu,Beni,Beni,Kasanga,Faith-based health care facility,ECC,Low,Educational materials,Institutional Capacity,0,4
876920737,2026-09-22,Ituri,Djugu,Mangala,Tchele,Church,Roman Catholic Church,Low,Educational materials,Institutional Capacity,1,4
876996119,2026-09-24,Ituri,Djugu,Mangala,Tchele,Church,Roman Catholic Church,Low,Educational materials,Institutional Capacity,1,4
877017789,2026-09-24,Ituri,Djugu,Mangala,Tchele,Church,Roman Catholic Church,Low,Educational materials,Institutional Capacity,1,4
877029755,2026-09-24,Ituri,Djugu,Mangala,Tchele,Church,Roman Catholic Church,Low,Educational materials,Institutional Capacity,1,4
877043915,2026-09-24,Ituri,Djugu,Mangala,Tchele,Church,Roman Catholic Church,Low,Educational materials,Institutional Capacity,1,4
878062446,2026-09-25,Ituri,Djugu,Lita,Mutumbi,Church,ECC,High,Educational materials,Institutional Capacity,0,4
878062450,2026-09-25,Ituri,Djugu,Lita,Mutumbi,Church,ECC,Low,Educational materials,Institutional Capacity,0,4
878062460,2026-09-25,Ituri,Djugu,Lita,Mutumbi,Church,ECC,Low,Educational materials,Institutional Capacity,0,4
878062468,2026-09-25,Ituri,Djugu,Lita,Mutumbi,Church,ECC,High,Educational materials,Institutional Capacity,0,4
878062475,2026-09-25,Ituri,Djugu,Lita,Mutumbi,Church,ECC,Moderate,Educational materials,Institutional Capacity,0,4
878771972,2026-09-25,Ituri,Djugu,Mangala,Tchele,Church,Roman Catholic Church,Low,Educational materials,Institutional Capacity,1,4
878771977,2026-09-26,Ituri,Djugu,Mangala,Tchele,Church,ECC,Low,Educational materials,Institutional Capacity,1,4
878775076,2026-09-26,Ituri,Djugu,Mangala,Tchele,Church,ECC,Low,Educational materials,Institutional Capacity,1,4
878784129,2026-09-26,Ituri,Djugu,Mangala,Tchele,Church,Roman Catholic Church,Low,Educational materials,Institutional Capacity,1,4
878790544,2026-09-26,Ituri,Djugu,Mangala,Tchele,Church,Roman Catholic Church,Low,Educational materials,Institutional Capacity,1,4
878794554,2026-09-26,Ituri,Djugu,Mangala,Tchele,Church,Roman Catholic Church,Low,Educational materials,Institutional Capacity,1,4
878860056,2026-09-26,Ituri,Djugu,Mangala,Tchele,Church,Roman Catholic Church,Low,Educational materials,Institutional Capacity,1,4
878863016,2026-09-26,Ituri,Djugu,Mangala,Tchele,Church,ECC,Low,Educational materials,Institutional Capacity,1,4
878869824,2026-09-26,Ituri,Djugu,Mangala,Tchele,Church,ECC,Low,Educational materials,Institutional Capacity,1,4
878896880,2026-09-26,Ituri,Djugu,Mangala,Tchele,Church,ECC,Low,Educational materials,Institutional Capacity,1,4
878997028,2026-09-26,Ituri,Djugu,Lita,Bahwere,Denominational school,ECC,Low,Educational materials,Institutional Capacity,0,4
878997035,2026-09-26,Ituri,Djugu,Lita,Bahwere,Denominational school,ECC,Low,Educational materials,Institutional Capacity,0,4
878997051,2026-09-26,Ituri,Djugu,Lita,Bahwere,Church,ECC,Low,Educational materials,Institutional Capacity,0,4
878997059,2026-09-26,Ituri,Djugu,Lita,Bahwere,Church,ECC,Moderate,Educational materials,Institutional Capacity,1,4
878997068,2026-09-26,Ituri,Djugu,Lita,Bahwere,Denominational school,ECC,Moderate,Educational materials,Institutional Capacity,1,4
878997075,2026-09-26,Ituri,Djugu,Lita,Bahwere,Church,Roman Catholic Church,Moderate,Educational materials,Institutional Capacity,0,4
878997091,2026-09-26,Ituri,Djugu,Lita,Bahwere,Church,ECC,Moderate,Educational materials,Institutional Capacity,1,4
878997100,2026-09-26,Ituri,Djugu,Lita,Bahwere,Denominational organization,ECC,Moderate,Educational materials,Institutional Capacity,1,4
878997108,2026-09-26,Ituri,Djugu,Lita,Bahwere,Church,ECC,Low,Educational materials,Institutional Capacity,1,4
878997115,2026-09-26,Ituri,Djugu,Lita,Bahwere,Church,ECC,Moderate,Educational materials,Institutional Capacity,0,4
879117541,2026-09-26,Ituri,Djugu,Mangala,Tchele,Church,ECC,Low,Educational materials,Institutional Capacity,1,4
879122054,2026-09-26,Ituri,Djugu,Mangala,Tchele,Church,ECC,Low,Educational materials,Institutional Capacity,1,4
879202178,2026-09-25,Ituri,Djugu,Mangala,Tchele,Church,ECC,Low,Educational materials,Institutional Capacity,0,4
879365390,2026-09-25,Ituri,Djugu,Mangala,Tchele,Church,ECC,Low,Educational materials,Institutional Capacity,0,4
879365392,2026-09-25,Ituri,Djugu,Mangala,Tchele,Church,ECC,Low,Educational materials,Institutional Capacity,0,4
879365398,2026-09-25,Ituri,Djugu,Mangala,Tchele,Church,ECC,Low,Educational materials,Institutional Capacity,0,4
879365403,2026-09-25,Ituri,Djugu,Mangala,Tchele,Church,ECC,Low,Educational materials,Institutional Capacity,0,4
879365407,2026-09-26,Ituri,Djugu,Mangala,Tchele,Church,ECC,Low,Educational materials,Institutional Capacity,0,4
879365412,2026-09-26,Ituri,Djugu,Mangala,Tchele,Church,ECC,Low,Educational materials,Institutional Capacity,0,4
879365414,2026-09-26,Ituri,Djugu,Mangala,Tchele,Church,ECC,Low,Educational materials,Institutional Capacity,0,4
879365416,2026-09-26,Ituri,Djugu,Mangala,Tchele,Church,ECC,Low,Educational materials,Institutional Capacity,0,4
879365422,2026-09-26,Ituri,Djugu,Mangala,Tchele,Church,ECC,Low,Educational materials,Institutional Capacity,0,4
879365427,2026-09-26,Ituri,Djugu,Mangala,Tchele,Church,ECC,Low,Educational materials,Institutional Capacity,0,4
879365432,2026-09-26,Ituri,Djugu,Mangala,Tchele,Church,ECC,Low,Educational materials,Institutional Capacity,0,4
879365444,2026-09-26,Ituri,Djugu,Mangala,Tcy,Church,ECC,Low,Educational materials,Institutional Capacity,0,4
879365450,2026-09-26,Ituri,Djugu,Mangala,Tchele,Church,ECC,Low,Educational materials,Institutional Capacity,0,4
879365457,2026-09-26,Ituri,Djugu,Mangala,Tchele,Church,ECC,Low,Educational materials,Institutional Capacity,0,4
879365462,2026-09-26,Ituri,Djugu,Mangala,Tchele,Church,ECC,Low,Educational materials,Institutional Capacity,0,4
879365465,2026-09-26,Ituri,Djugu,Mangala,Tchele,Church,ECC,Low,Educational materials,Institutional Capacity,0,4
879365468,2026-09-26,Ituri,Djugu,Mangala,Tchele,Church,ECC,Low,Educational materials,Institutional Capacity,0,4
879365474,2026-09-26,Ituri,Djugu,Mangala,Tchele,Church,ECC,Low,Educational materials,Institutional Capacity,0,4
879365478,2026-09-26,Ituri,Djugu,Mangala,Tchele,Church,ECC,Low,Educational materials,Institutional Capacity,0,4
879552531,2026-09-27,Ituri,Djugu,Mangala,Tchele,Church,ECC,Low,Educational materials,Institutional Capacity,1,4
879554947,2026-09-27,Ituri,Djugu,Mangala,Tchele,Church,ECC,Low,Educational materials,Institutional Capacity,1,4
879635788,2026-09-27,Ituri,Djugu,Lita,Mutumbi,Faith-based health care facility,Roman Catholic Church,High,Educational materials,Institutional Capacity,0,4
879635794,2026-09-27,Ituri,Djugu,Lita,Mutumbi,Church,Roman Catholic Church,Moderate,Educational materials,Institutional Capacity,0,4
879635804,2026-09-27,Ituri,Djugu,Lita,Mutumbi,Church,ECC,High,Educational materials,Institutional Capacity,0,4
879635814,2026-09-27,Ituri,Djugu,Lita,Mutumbi,Church,Roman Catholic Church,Moderate,Educational materials,Institutional Capacity,0,4
879635826,2026-09-27,Ituri,Djugu,Lita,Mutumbi,Denominational school,ECC,Moderate,Educational materials,Institutional Capacity,0,4
879685393,2026-09-23,Ituri,Djugu,Lita,Katoto,Faith-based health care facility,ECC,Low,Educational materials,Institutional Capacity,1,4
879685396,2026-09-24,Ituri,Djugu,Lita,Katoto,Church,ECC,High,Educational materials,Institutional Capacity,0,4
879685410,2026-09-25,Ituri,Djugu,Lita,Katoto,Church,ECC,Low,Educational materials,Institutional Capacity,0,4
879685425,2026-09-25,Ituri,Djugu,Lita,Katoto,Church,ECC,Moderate,Educational materials,Institutional Capacity,1,4
879685439,2026-09-25,Ituri,Djugu,Lita,Katoto,Church,ECC,High,Educational materials,Institutional Capacity,0,4
879685455,2026-09-25,Ituri,Djugu,Lita,Katoto,Church,Roman Catholic Church,Low,Educational materials,Institutional Capacity,0,4
879685474,2026-09-26,Ituri,Djugu,Lita,Katoto,Church,ECC,High,Educational materials,Institutional Capacity,0,4
879685485,2026-09-26,Ituri,Djugu,Lita,Katoto,Church,Roman Catholic Church,Moderate,Educational materials,Institutional Capacity,1,4
879685494,2026-09-26,Ituri,Djugu,Lita,Katoto,Church,Roman Catholic Church,Moderate,Educational materials,Institutional Capacity,1,4
879685509,2026-09-27,Ituri,Djugu,Lita,Katoto,Church,ECC,Low,Educational materials,Institutional Capacity,0,4
879685519,2026-09-27,Ituri,Djugu,Lita,Katoto,Church,ECC,Low,Educational materials,Institutional Capacity,0,4
879685625,2026-09-27,Ituri,Djugu,Lita,Katoto,Church,ECC,Low,Educational materials,Institutional Capacity,0,4
879685659,2026-09-27,Ituri,Djugu,Lita,Katoto,Church,ECC,Low,Educational materials,Institutional Capacity,0,4
879685672,2026-09-27,Ituri,Djugu,Lita,Katoto,Church,Roman Catholic Church,Low,Educational materials,Institutional Capacity,0,4
879685682,2026-09-27,Ituri,Djugu,Lita,Katoto,Church,Roman Catholic Church,High,Educational materials,Institutional Capacity,0,4
879685686,2026-09-27,Ituri,Djugu,Lita,Katoto,Church,Roman Catholic Church,Low,Educational materials,Institutional Capacity,0,4
879686019,2026-09-27,Ituri,Djugu,Lita,Katoto,Church,ECC,Low,Educational materials,Institutional Capacity,1,4
879686043,2026-09-27,Ituri,Djugu,Lita,Katoto,Church,ECC,Moderate,Educational materials,Institutional Capacity,1,4
879686056,2026-09-27,Ituri,Djugu,Lita,Katoto,Church,ECC,Moderate,Educational materials,Institutional Capacity,1,4
879686066,2026-09-27,Ituri,Djugu,Lita,Katoto,Church,ECC,Low,Educational materials,Institutional Capacity,0,4
841199154,2026-08-16,North Kivu,Beni,Beni,Kanzuli,Church,ECC,Moderate,Emergency committee,Institutional Capacity,0,5
841548610,2026-08-17,North Kivu,Beni,Beni,Kanzuli,Church,ECC,Low,Emergency committee,Institutional Capacity,0,5
842785213,2026-08-18,North Kivu,Beni,Beni,Kanzuli,Church,ECC,Moderate,Emergency committee,Institutional Capacity,0,5
843341124,2026-08-18,North Kivu,Beni,Beni,Ngongolio,Church,ECC,High,Emergency committee,Institutional Capacity,1,5
843348882,2026-08-18,North Kivu,Beni,Beni,Ngongolio,Church,ECC,High,Emergency committee,Institutional Capacity,0,5
843365757,2026-08-18,North Kivu,Beni,Beni,Tamende,Church,ECC,High,Emergency committee,Institutional Capacity,1,5
843369063,2026-08-18,North Kivu,Beni,Beni,Ngongolio,Church,ECC,High,Emergency committee,Institutional Capacity,1,5
843770142,2026-08-19,North Kivu,Beni,Beni,Boikene,Church,ECC,High,Emergency committee,Institutional Capacity,0,5
843828499,2026-08-18,North Kivu,Beni,Beni,Tamende,Church,ECC,Low,Emergency committee,Institutional Capacity,0,5
843841750,2026-08-19,North Kivu,Beni,Beni,Tamende,Church,Roman Catholic Church,Moderate,Emergency committee,Institutional Capacity,0,5
843887195,2026-08-19,North Kivu,Beni,Beni,Boikene,Denominational school,ECC,Moderate,Emergency committee,Institutional Capacity,0,5
843917903,2026-08-19,North Kivu,Beni,Beni,Boikene,Church,ECC,High,Emergency committee,Institutional Capacity,0,5
843940314,2026-08-19,North Kivu,Beni,Beni,Boikene,Church,ECC,High,Emergency committee,Institutional Capacity,0,5
843992799,2026-08-19,North Kivu,Beni,Beni,Boikene,Church,ECC,High,Emergency committee,Institutional Capacity,0,5
844181691,2026-08-19,North Kivu,Beni,Beni,Boikene,Church,ECC,High,Emergency committee,Institutional Capacity,0,5
845990019,2026-08-21,North Kivu,Beni,Beni,Mabakanga,Faith-based health care facility,ECC,Moderate,Emergency committee,Institutional Capacity,1,5
846487418,2026-08-21,North Kivu,Beni,Beni,Kanzuli,Church,ECC,High,Emergency committee,Institutional Capacity,0,5
846728240,2026-08-22,North Kivu,Beni,Beni,Boikene,Church,ECC,Moderate,Emergency committee,Institutional Capacity,0,5
846742619,2026-08-22,North Kivu,Beni,Beni,Boikene,Church,ECC,Moderate,Emergency committee,Institutional Capacity,0,5
846748689,2026-08-22,North Kivu,Beni,Beni,Boikene,Denominational school,ECC,High,Emergency committee,Institutional Capacity,0,5
847057490,2026-08-22,North Kivu,Beni,Beni,Mandrandele,Church,ECC,High,Emergency committee,Institutional Capacity,0,5
847069287,2026-08-22,North Kivu,Beni,Beni,Mandrandele,Church,ECC,High,Emergency committee,Institutional Capacity,0,5
847082157,2026-08-22,North Kivu,Beni,Beni,Mandrandele,Church,ECC,High,Emergency committee,Institutional Capacity,0,5
847268921,2026-08-23,North Kivu,Beni,Beni,Kasabinyole,Church,ECC,Low,Emergency committee,Institutional Capacity,0,5
847273941,2026-08-23,North Kivu,Beni,Beni,Kasabinyole,Church,ECC,Low,Emergency committee,Institutional Capacity,1,5
847285482,2026-08-23,North Kivu,Beni,Beni,Tuungane,Church,ECC,Low,Emergency committee,Institutional Capacity,0,5
847289604,2026-08-23,North Kivu,Beni,Beni,Tuungane,Denominational school,ECC,Low,Emergency committee,Institutional Capacity,1,5
847293655,2026-08-23,North Kivu,Beni,Beni,Tuungane,Denominational school,ECC,Low,Emergency committee,Institutional Capacity,0,5
847297827,2026-08-23,North Kivu,Beni,Beni,Tuungane,Church,ECC,Low,Emergency committee,Institutional Capacity,0,5
847302416,2026-08-23,North Kivu,Beni,Beni,Tuungane,Church,ECC,Low,Emergency committee,Institutional Capacity,0,5
847307012,2026-08-23,North Kivu,Beni,Beni,Anglicane,Denominational school,ECC,Low,Emergency committee,Institutional Capacity,0,5
847311861,2026-08-23,North Kivu,Beni,Beni,Anglicane,Church,ECC,Low,Emergency committee,Institutional Capacity,0,5
847586408,2026-08-23,North Kivu,Beni,Beni,Kuka,Church,ECC,Moderate,Emergency committee,Institutional Capacity,0,5
847600556,2026-08-23,North Kivu,Beni,Beni,Kuka,Church,ECC,High,Emergency committee,Institutional Capacity,0,5
847610633,2026-08-23,North Kivu,Beni,Beni,Kuka,Church,ECC,High,Emergency committee,Institutional Capacity,0,5
847862794,2026-08-14,North Kivu,Beni,Beni,Malepe,Church,ECC,High,Emergency committee,Institutional Capacity,0,5
849046030,2026-08-25,North Kivu,Beni,Beni,Ngongolio,Church,ECC,High,Emergency committee,Institutional Capacity,1,5
850045824,2026-08-26,North Kivu,Beni,Beni,Mangothe,Church,ECC,Moderate,Emergency committee,Institutional Capacity,0,5
850145543,2026-08-24,North Kivu,Beni,Beni,Malepe,Church,ECC,High,Emergency committee,Institutional Capacity,0,5
850180468,2026-08-26,North Kivu,Beni,Beni,Butanuka,Church,ECC,High,Emergency committee,Institutional Capacity,0,5
850508336,2026-08-26,North Kivu,Beni,Beni,Mabakanga,Faith-based health care facility,ECC,Low,Emergency committee,Institutional Capacity,1,5
850633361,2026-08-26,North Kivu,Beni,Beni,Tamende,Church,ECC,Low,Emergency committee,Institutional Capacity,0,5
850649059,2026-08-26,North Kivu,Beni,Beni,Mabakanga,Church,ECC,Moderate,Emergency committee,Institutional Capacity,0,5
850652676,2026-08-26,North Kivu,Beni,Beni,Gongolio,Church,Roman Catholic Church,Low,Emergency committee,Institutional Capacity,0,5
850657352,2026-08-26,North Kivu,Beni,Beni,Mabakanga,Church,ECC,High,Emergency committee,Institutional Capacity,0,5
850690706,2026-08-26,North Kivu,Beni,Beni,Mandrandele,Church,ECC,High,Emergency committee,Institutional Capacity,0,5
851141363,2026-08-26,North Kivu,Beni,Beni,Boikene,Church,ECC,High,Emergency committee,Institutional Capacity,0,5
851144057,2026-08-27,North Kivu,Beni,Beni,Malepe,Church,ECC,High,Emergency committee,Institutional Capacity,0,5
851154720,2026-08-27,North Kivu,Beni,Beni,Malepe,Church,ECC,High,Emergency committee,Institutional Capacity,0,5
851221822,2026-08-27,North Kivu,Beni,Beni,Malepe,Church,ECC,High,Emergency committee,Institutional Capacity,0,5
851246506,2026-08-27,North Kivu,Beni,Beni,Malepe,Church,ECC,High,Emergency committee,Institutional Capacity,0,5
851251697,2026-08-27,North Kivu,Beni,Beni,Rwangoma,Church,ECC,Moderate,Emergency committee,Institutional Capacity,0,5
851267049,2026-08-27,North Kivu,Beni,Beni,Butanuka,Denominational school,ECC,High,Emergency committee,Institutional Capacity,0,5
851289789,2026-08-27,North Kivu,Beni,Beni,Butanuka,Denominational organization,ECC,High,Emergency committee,Institutional Capacity,1,5
851322369,2026-08-27,North Kivu,Beni,Beni,Rwangoma,Church,ECC,Moderate,Emergency committee,Institutional Capacity,0,5
852140309,2026-08-28,North Kivu,Butembo,Katwa,Mitoya,Denominational school,ECC,Moderate,Emergency committee,Institutional Capacity,0,5
852167593,2026-08-28,North Kivu,Beni,Beni,Kanzuli,Denominational school,ECC,Low,Emergency committee,Institutional Capacity,0,5
852170534,2026-08-28,North Kivu,Butembo,Katwa,Katwa,Denominational school,ECC,High,Emergency committee,Institutional Capacity,1,5
852209874,2026-08-28,North Kivu,Beni,Beni,Kanzuli,Church,ECC,Moderate,Emergency committee,Institutional Capacity,1,5
852221246,2026-08-28,North Kivu,Beni,Beni,Malepe,Church,ECC,Low,Emergency committee,Institutional Capacity,0,5
852223652,2026-08-28,North Kivu,Butembo,Katwa,Mitoya,Church,ECC,High,Emergency committee,Institutional Capacity,0,5
852306872,2026-08-28,North Kivu,Beni,Beni,Kasabinyole,Church,ECC,Low,Emergency committee,Institutional Capacity,0,5
852311269,2026-08-28,North Kivu,Beni,Beni,Gbadolite,Church,ECC,Moderate,Emergency committee,Institutional Capacity,0,5
852311817,2026-08-28,North Kivu,Beni,Beni,Kanzuli,Church,ECC,Low,Emergency committee,Institutional Capacity,0,5
853058765,2026-08-29,North Kivu,Beni,Beni,Kanzuli,Church,ECC,Low,Emergency committee,Institutional Capacity,0,5
853068833,2026-08-29,North Kivu,Beni,Beni,Kanzuli,Church,ECC,Low,Emergency committee,Institutional Capacity,0,5
853700686,2026-08-30,North Kivu,Butembo,Katwa,Katwa,Denominational school,ECC,Low,Emergency committee,Institutional Capacity,1,5
853885257,2026-08-29,North Kivu,Beni,Beni,Beni,Church,ECC,Moderate,Emergency committee,Institutional Capacity,1,5
854183549,2026-08-14,North Kivu,Beni,Beni,Kasabinyole,Church,ECC,High,Emergency committee,Institutional Capacity,0,5
854192402,2026-08-31,North Kivu,Beni,Beni,Mabolio,Church,ECC,Low,Emergency committee,Institutional Capacity,0,5
854226558,2026-08-31,North Kivu,Lubero,Lubero,Rughenda,Church,ECC,Moderate,Emergency committee,Institutional Capacity,0,5
854295690,2026-08-26,North Kivu,Beni,Beni,Malepe,Church,ECC,Moderate,Emergency committee,Institutional Capacity,0,5
854335472,2026-08-31,North Kivu,Butembo,Katwa,Katwa,Church,ECC,Low,Emergency committee,Institutional Capacity,0,5
854361138,2026-08-31,North Kivu,Beni,Beni,Kanzuli,Church,ECC,Moderate,Emergency committee,Institutional Capacity,0,5
854632904,2026-08-31,North Kivu,Butembo,Katwa,Vuhika,Denominational school,ECC,Moderate,Emergency committee,Institutional Capacity,0,5
857307057,2026-08-30,North Kivu,Butembo,Katwa,Masuli,Faith-based health care facility,ECC,High,Emergency committee,Institutional Capacity,1,5
858859254,2026-09-04,North Kivu,Beni,Beni,Mandrandele,Church,ECC,High,Emergency committee,Institutional Capacity,0,5
859495986,2026-08-31,North Kivu,Beni,Beni,Kasabinyole,Church,ECC,High,Emergency committee,Institutional Capacity,0,5
859495990,2026-08-31,North Kivu,Beni,Beni,Butsili,Church,ECC,High,Emergency committee,Institutional Capacity,0,5
859495993,2026-08-31,North Kivu,Beni,Beni,Butsili,Church,ECC,High,Emergency committee,Institutional Capacity,1,5
862786531,2026-09-09,North Kivu,Beni,Beni,Ngilinga Muloku,Church,ECC,High,Emergency committee,Institutional Capacity,0,5
862801808,2026-09-09,North Kivu,Beni,Beni,Kanzuli,Church,ECC,High,Emergency committee,Institutional Capacity,0,5
862818930,2026-09-09,North Kivu,Beni,Beni,Kanzuli,Church,ECC,Moderate,Emergency committee,Institutional Capacity,1,5
862836160,2026-09-09,North Kivu,Beni,Beni,Kanzuli,Denominational school,ECC,Moderate,Emergency committee,Institutional Capacity,0,5
862888563,2026-09-09,North Kivu,Beni,Beni,Kanzuli Nzuki,Denominational school,ECC,High,Emergency committee,Institutional Capacity,0,5
875869474,2026-09-21,North Kivu,Beni,Beni,Kasanga,Faith-based health care facility,ECC,Moderate,Emergency committee,Institutional Capacity,0,5
876079652,2026-09-23,North Kivu,Beni,Beni,Kasanga,Faith-based health care facility,ECC,Low,Emergency committee,Institutional Capacity,0,5
876920737,2026-09-22,Ituri,Djugu,Mangala,Tchele,Church,Roman Catholic Church,Low,Emergency committee,Institutional Capacity,0,5
876996119,2026-09-24,Ituri,Djugu,Mangala,Tchele,Church,Roman Catholic Church,Low,Emergency committee,Institutional Capacity,0,5
877017789,2026-09-24,Ituri,Djugu,Mangala,Tchele,Church,Roman Catholic Church,Low,Emergency committee,Institutional Capacity,0,5
877029755,2026-09-24,Ituri,Djugu,Mangala,Tchele,Church,Roman Catholic Church,Low,Emergency committee,Institutional Capacity,0,5
877043915,2026-09-24,Ituri,Djugu,Mangala,Tchele,Church,Roman Catholic Church,Low,Emergency committee,Institutional Capacity,0,5
878062446,2026-09-25,Ituri,Djugu,Lita,Mutumbi,Church,ECC,High,Emergency committee,Institutional Capacity,1,5
878062450,2026-09-25,Ituri,Djugu,Lita,Mutumbi,Church,ECC,Low,Emergency committee,Institutional Capacity,0,5
878062460,2026-09-25,Ituri,Djugu,Lita,Mutumbi,Church,ECC,Low,Emergency committee,Institutional Capacity,1,5
878062468,2026-09-25,Ituri,Djugu,Lita,Mutumbi,Church,ECC,High,Emergency committee,Institutional Capacity,0,5
878062475,2026-09-25,Ituri,Djugu,Lita,Mutumbi,Church,ECC,Moderate,Emergency committee,Institutional Capacity,0,5
878771972,2026-09-25,Ituri,Djugu,Mangala,Tchele,Church,Roman Catholic Church,Low,Emergency committee,Institutional Capacity,1,5
878771977,2026-09-26,Ituri,Djugu,Mangala,Tchele,Church,ECC,Low,Emergency committee,Institutional Capacity,1,5
878775076,2026-09-26,Ituri,Djugu,Mangala,Tchele,Church,ECC,Low,Emergency committee,Institutional Capacity,0,5
878784129,2026-09-26,Ituri,Djugu,Mangala,Tchele,Church,Roman Catholic Church,Low,Emergency committee,Institutional Capacity,1,5
878790544,2026-09-26,Ituri,Djugu,Mangala,Tchele,Church,Roman Catholic Church,Low,Emergency committee,Institutional Capacity,1,5
878794554,2026-09-26,Ituri,Djugu,Mangala,Tchele,Church,Roman Catholic Church,Low,Emergency committee,Institutional Capacity,1,5
878860056,2026-09-26,Ituri,Djugu,Mangala,Tchele,Church,Roman Catholic Church,Low,Emergency committee,Institutional Capacity,1,5
878863016,2026-09-26,Ituri,Djugu,Mangala,Tchele,Church,ECC,Low,Emergency committee,Institutional Capacity,1,5
878869824,2026-09-26,Ituri,Djugu,Mangala,Tchele,Church,ECC,Low,Emergency committee,Institutional Capacity,1,5
878896880,2026-09-26,Ituri,Djugu,Mangala,Tchele,Church,ECC,Low,Emergency committee,Institutional Capacity,1,5
878997028,2026-09-26,Ituri,Djugu,Lita,Bahwere,Denominational school,ECC,Low,Emergency committee,Institutional Capacity,1,5
878997035,2026-09-26,Ituri,Djugu,Lita,Bahwere,Denominational school,ECC,Low,Emergency committee,Institutional Capacity,0,5
878997051,2026-09-26,Ituri,Djugu,Lita,Bahwere,Church,ECC,Low,Emergency committee,Institutional Capacity,0,5
878997059,2026-09-26,Ituri,Djugu,Lita,Bahwere,Church,ECC,Moderate,Emergency committee,Institutional Capacity,1,5
878997068,2026-09-26,Ituri,Djugu,Lita,Bahwere,Denominational school,ECC,Moderate,Emergency committee,Institutional Capacity,1,5
878997075,2026-09-26,Ituri,Djugu,Lita,Bahwere,Church,Roman Catholic Church,Moderate,Emergency committee,Institutional Capacity,1,5
878997091,2026-09-26,Ituri,Djugu,Lita,Bahwere,Church,ECC,Moderate,Emergency committee,Institutional Capacity,1,5
878997100,2026-09-26,Ituri,Djugu,Lita,Bahwere,Denominational organization,ECC,Moderate,Emergency committee,Institutional Capacity,1,5
878997108,2026-09-26,Ituri,Djugu,Lita,Bahwere,Church,ECC,Low,Emergency committee,Institutional Capacity,1,5
878997115,2026-09-26,Ituri,Djugu,Lita,Bahwere,Church,ECC,Moderate,Emergency committee,Institutional Capacity,1,5
879117541,2026-09-26,Ituri,Djugu,Mangala,Tchele,Church,ECC,Low,Emergency committee,Institutional Capacity,1,5
879122054,2026-09-26,Ituri,Djugu,Mangala,Tchele,Church,ECC,Low,Emergency committee,Institutional Capacity,1,5
879202178,2026-09-25,Ituri,Djugu,Mangala,Tchele,Church,ECC,Low,Emergency committee,Institutional Capacity,0,5
879365390,2026-09-25,Ituri,Djugu,Mangala,Tchele,Church,ECC,Low,Emergency committee,Institutional Capacity,0,5
879365392,2026-09-25,Ituri,Djugu,Mangala,Tchele,Church,ECC,Low,Emergency committee,Institutional Capacity,0,5
879365398,2026-09-25,Ituri,Djugu,Mangala,Tchele,Church,ECC,Low,Emergency committee,Institutional Capacity,0,5
879365403,2026-09-25,Ituri,Djugu,Mangala,Tchele,Church,ECC,Low,Emergency committee,Institutional Capacity,0,5
879365407,2026-09-26,Ituri,Djugu,Mangala,Tchele,Church,ECC,Low,Emergency committee,Institutional Capacity,0,5
879365412,2026-09-26,Ituri,Djugu,Mangala,Tchele,Church,ECC,Low,Emergency committee,Institutional Capacity,0,5
879365414,2026-09-26,Ituri,Djugu,Mangala,Tchele,Church,ECC,Low,Emergency committee,Institutional Capacity,0,5
879365416,2026-09-26,Ituri,Djugu,Mangala,Tchele,Church,ECC,Low,Emergency committee,Institutional Capacity,0,5
879365422,2026-09-26,Ituri,Djugu,Mangala,Tchele,Church,ECC,Low,Emergency committee,Institutional Capacity,0,5
879365427,2026-09-26,Ituri,Djugu,Mangala,Tchele,Church,ECC,Low,Emergency committee,Institutional Capacity,0,5
879365432,2026-09-26,Ituri,Djugu,Mangala,Tchele,Church,ECC,Low,Emergency committee,Institutional Capacity,0,5
879365444,2026-09-26,Ituri,Djugu,Mangala,Tcy,Church,ECC,Low,Emergency committee,Institutional Capacity,0,5
879365450,2026-09-26,Ituri,Djugu,Mangala,Tchele,Church,ECC,Low,Emergency committee,Institutional Capacity,0,5
879365457,2026-09-26,Ituri,Djugu,Mangala,Tchele,Church,ECC,Low,Emergency committee,Institutional Capacity,0,5
879365462,2026-09-26,Ituri,Djugu,Mangala,Tchele,Church,ECC,Low,Emergency committee,Institutional Capacity,0,5
879365465,2026-09-26,Ituri,Djugu,Mangala,Tchele,Church,ECC,Low,Emergency committee,Institutional Capacity,0,5
879365468,2026-09-26,Ituri,Djugu,Mangala,Tchele,Church,ECC,Low,Emergency committee,Institutional Capacity,0,5
879365474,2026-09-26,Ituri,Djugu,Mangala,Tchele,Church,ECC,Low,Emergency committee,Institutional Capacity,0,5
879365478,2026-09-26,Ituri,Djugu,Mangala,Tchele,Church,ECC,Low,Emergency committee,Institutional Capacity,0,5
879552531,2026-09-27,Ituri,Djugu,Mangala,Tchele,Church,ECC,Low,Emergency committee,Institutional Capacity,1,5
879554947,2026-09-27,Ituri,Djugu,Mangala,Tchele,Church,ECC,Low,Emergency committee,Institutional Capacity,1,5
879635788,2026-09-27,Ituri,Djugu,Lita,Mutumbi,Faith-based health care facility,Roman Catholic Church,High,Emergency committee,Institutional Capacity,1,5
879635794,2026-09-27,Ituri,Djugu,Lita,Mutumbi,Church,Roman Catholic Church,Moderate,Emergency committee,Institutional Capacity,1,5
879635804,2026-09-27,Ituri,Djugu,Lita,Mutumbi,Church,ECC,High,Emergency committee,Institutional Capacity,0,5
879635814,2026-09-27,Ituri,Djugu,Lita,Mutumbi,Church,Roman Catholic Church,Moderate,Emergency committee,Institutional Capacity,1,5
879635826,2026-09-27,Ituri,Djugu,Lita,Mutumbi,Denominational school,ECC,Moderate,Emergency committee,Institutional Capacity,0,5
879685393,2026-09-23,Ituri,Djugu,Lita,Katoto,Faith-based health care facility,ECC,Low,Emergency committee,Institutional Capacity,1,5
879685396,2026-09-24,Ituri,Djugu,Lita,Katoto,Church,ECC,High,Emergency committee,Institutional Capacity,0,5
879685410,2026-09-25,Ituri,Djugu,Lita,Katoto,Church,ECC,Low,Emergency committee,Institutional Capacity,0,5
879685425,2026-09-25,Ituri,Djugu,Lita,Katoto,Church,ECC,Moderate,Emergency committee,Institutional Capacity,0,5
879685439,2026-09-25,Ituri,Djugu,Lita,Katoto,Church,ECC,High,Emergency committee,Institutional Capacity,0,5
879685455,2026-09-25,Ituri,Djugu,Lita,Katoto,Church,Roman Catholic Church,Low,Emergency committee,Institutional Capacity,0,5
879685474,2026-09-26,Ituri,Djugu,Lita,Katoto,Church,ECC,High,Emergency committee,Institutional Capacity,0,5
879685485,2026-09-26,Ituri,Djugu,Lita,Katoto,Church,Roman Catholic Church,Moderate,Emergency committee,Institutional Capacity,1,5
879685494,2026-09-26,Ituri,Djugu,Lita,Katoto,Church,Roman Catholic Church,Moderate,Emergency committee,Institutional Capacity,1,5
879685509,2026-09-27,Ituri,Djugu,Lita,Katoto,Church,ECC,Low,Emergency committee,Institutional Capacity,0,5
879685519,2026-09-27,Ituri,Djugu,Lita,Katoto,Church,ECC,Low,Emergency committee,Institutional Capacity,0,5
879685625,2026-09-27,Ituri,Djugu,Lita,Katoto,Church,ECC,Low,Emergency committee,Institutional Capacity,0,5
879685659,2026-09-27,Ituri,Djugu,Lita,Katoto,Church,ECC,Low,Emergency committee,Institutional Capacity,0,5
879685672,2026-09-27,Ituri,Djugu,Lita,Katoto,Church,Roman Catholic Church,Low,Emergency committee,Institutional Capacity,0,5
879685682,2026-09-27,Ituri,Djugu,Lita,Katoto,Church,Roman Catholic Church,High,Emergency committee,Institutional Capacity,0,5
879685686,2026-09-27,Ituri,Djugu,Lita,Katoto,Church,Roman Catholic Church,Low,Emergency committee,Institutional Capacity,0,5
879686019,2026-09-27,Ituri,Djugu,Lita,Katoto,Church,ECC,Low,Emergency committee,Institutional Capacity,1,5
879686043,2026-09-27,Ituri,Djugu,Lita,Katoto,Church,ECC,Moderate,Emergency committee,Institutional Capacity,1,5
879686056,2026-09-27,Ituri,Djugu,Lita,Katoto,Church,ECC,Moderate,Emergency committee,Institutional Capacity,0,5
879686066,2026-09-27,Ituri,Djugu,Lita,Katoto,Church,ECC,Low,Emergency committee,Institutional Capacity,0,5
841199154,2026-08-16,North Kivu,Beni,Beni,Kanzuli,Church,ECC,Moderate,Case-processing procedures,Institutional Capacity,0,6
841548610,2026-08-17,North Kivu,Beni,Beni,Kanzuli,Church,ECC,Low,Case-processing procedures,Institutional Capacity,0,6
842785213,2026-08-18,North Kivu,Beni,Beni,Kanzuli,Church,ECC,Moderate,Case-processing procedures,Institutional Capacity,0,6
843341124,2026-08-18,North Kivu,Beni,Beni,Ngongolio,Church,ECC,High,Case-processing procedures,Institutional Capacity,1,6
843348882,2026-08-18,North Kivu,Beni,Beni,Ngongolio,Church,ECC,High,Case-processing procedures,Institutional Capacity,0,6
843365757,2026-08-18,North Kivu,Beni,Beni,Tamende,Church,ECC,High,Case-processing procedures,Institutional Capacity,1,6
843369063,2026-08-18,North Kivu,Beni,Beni,Ngongolio,Church,ECC,High,Case-processing procedures,Institutional Capacity,1,6
843770142,2026-08-19,North Kivu,Beni,Beni,Boikene,Church,ECC,High,Case-processing procedures,Institutional Capacity,0,6
843828499,2026-08-18,North Kivu,Beni,Beni,Tamende,Church,ECC,Low,Case-processing procedures,Institutional Capacity,0,6
843841750,2026-08-19,North Kivu,Beni,Beni,Tamende,Church,Roman Catholic Church,Moderate,Case-processing procedures,Institutional Capacity,0,6
843887195,2026-08-19,North Kivu,Beni,Beni,Boikene,Denominational school,ECC,Moderate,Case-processing procedures,Institutional Capacity,0,6
843917903,2026-08-19,North Kivu,Beni,Beni,Boikene,Church,ECC,High,Case-processing procedures,Institutional Capacity,0,6
843940314,2026-08-19,North Kivu,Beni,Beni,Boikene,Church,ECC,High,Case-processing procedures,Institutional Capacity,0,6
843992799,2026-08-19,North Kivu,Beni,Beni,Boikene,Church,ECC,High,Case-processing procedures,Institutional Capacity,0,6
844181691,2026-08-19,North Kivu,Beni,Beni,Boikene,Church,ECC,High,Case-processing procedures,Institutional Capacity,0,6
845990019,2026-08-21,North Kivu,Beni,Beni,Mabakanga,Faith-based health care facility,ECC,Moderate,Case-processing procedures,Institutional Capacity,1,6
846487418,2026-08-21,North Kivu,Beni,Beni,Kanzuli,Church,ECC,High,Case-processing procedures,Institutional Capacity,0,6
846728240,2026-08-22,North Kivu,Beni,Beni,Boikene,Church,ECC,Moderate,Case-processing procedures,Institutional Capacity,0,6
846742619,2026-08-22,North Kivu,Beni,Beni,Boikene,Church,ECC,Moderate,Case-processing procedures,Institutional Capacity,0,6
846748689,2026-08-22,North Kivu,Beni,Beni,Boikene,Denominational school,ECC,High,Case-processing procedures,Institutional Capacity,0,6
847057490,2026-08-22,North Kivu,Beni,Beni,Mandrandele,Church,ECC,High,Case-processing procedures,Institutional Capacity,0,6
847069287,2026-08-22,North Kivu,Beni,Beni,Mandrandele,Church,ECC,High,Case-processing procedures,Institutional Capacity,0,6
847082157,2026-08-22,North Kivu,Beni,Beni,Mandrandele,Church,ECC,High,Case-processing procedures,Institutional Capacity,0,6
847268921,2026-08-23,North Kivu,Beni,Beni,Kasabinyole,Church,ECC,Low,Case-processing procedures,Institutional Capacity,0,6
847273941,2026-08-23,North Kivu,Beni,Beni,Kasabinyole,Church,ECC,Low,Case-processing procedures,Institutional Capacity,1,6
847285482,2026-08-23,North Kivu,Beni,Beni,Tuungane,Church,ECC,Low,Case-processing procedures,Institutional Capacity,1,6
847289604,2026-08-23,North Kivu,Beni,Beni,Tuungane,Denominational school,ECC,Low,Case-processing procedures,Institutional Capacity,0,6
847293655,2026-08-23,North Kivu,Beni,Beni,Tuungane,Denominational school,ECC,Low,Case-processing procedures,Institutional Capacity,0,6
847297827,2026-08-23,North Kivu,Beni,Beni,Tuungane,Church,ECC,Low,Case-processing procedures,Institutional Capacity,0,6
847302416,2026-08-23,North Kivu,Beni,Beni,Tuungane,Church,ECC,Low,Case-processing procedures,Institutional Capacity,0,6
847307012,2026-08-23,North Kivu,Beni,Beni,Anglicane,Denominational school,ECC,Low,Case-processing procedures,Institutional Capacity,0,6
847311861,2026-08-23,North Kivu,Beni,Beni,Anglicane,Church,ECC,Low,Case-processing procedures,Institutional Capacity,0,6
847586408,2026-08-23,North Kivu,Beni,Beni,Kuka,Church,ECC,Moderate,Case-processing procedures,Institutional Capacity,0,6
847600556,2026-08-23,North Kivu,Beni,Beni,Kuka,Church,ECC,High,Case-processing procedures,Institutional Capacity,0,6
847610633,2026-08-23,North Kivu,Beni,Beni,Kuka,Church,ECC,High,Case-processing procedures,Institutional Capacity,0,6
847862794,2026-08-14,North Kivu,Beni,Beni,Malepe,Church,ECC,High,Case-processing procedures,Institutional Capacity,0,6
849046030,2026-08-25,North Kivu,Beni,Beni,Ngongolio,Church,ECC,High,Case-processing procedures,Institutional Capacity,1,6
850045824,2026-08-26,North Kivu,Beni,Beni,Mangothe,Church,ECC,Moderate,Case-processing procedures,Institutional Capacity,0,6
850145543,2026-08-24,North Kivu,Beni,Beni,Malepe,Church,ECC,High,Case-processing procedures,Institutional Capacity,0,6
850180468,2026-08-26,North Kivu,Beni,Beni,Butanuka,Church,ECC,High,Case-processing procedures,Institutional Capacity,0,6
850508336,2026-08-26,North Kivu,Beni,Beni,Mabakanga,Faith-based health care facility,ECC,Low,Case-processing procedures,Institutional Capacity,1,6
850633361,2026-08-26,North Kivu,Beni,Beni,Tamende,Church,ECC,Low,Case-processing procedures,Institutional Capacity,0,6
850649059,2026-08-26,North Kivu,Beni,Beni,Mabakanga,Church,ECC,Moderate,Case-processing procedures,Institutional Capacity,0,6
850652676,2026-08-26,North Kivu,Beni,Beni,Gongolio,Church,Roman Catholic Church,Low,Case-processing procedures,Institutional Capacity,0,6
850657352,2026-08-26,North Kivu,Beni,Beni,Mabakanga,Church,ECC,High,Case-processing procedures,Institutional Capacity,1,6
850690706,2026-08-26,North Kivu,Beni,Beni,Mandrandele,Church,ECC,High,Case-processing procedures,Institutional Capacity,0,6
851141363,2026-08-26,North Kivu,Beni,Beni,Boikene,Church,ECC,High,Case-processing procedures,Institutional Capacity,0,6
851144057,2026-08-27,North Kivu,Beni,Beni,Malepe,Church,ECC,High,Case-processing procedures,Institutional Capacity,0,6
851154720,2026-08-27,North Kivu,Beni,Beni,Malepe,Church,ECC,High,Case-processing procedures,Institutional Capacity,0,6
851221822,2026-08-27,North Kivu,Beni,Beni,Malepe,Church,ECC,High,Case-processing procedures,Institutional Capacity,0,6
851246506,2026-08-27,North Kivu,Beni,Beni,Malepe,Church,ECC,High,Case-processing procedures,Institutional Capacity,0,6
851251697,2026-08-27,North Kivu,Beni,Beni,Rwangoma,Church,ECC,Moderate,Case-processing procedures,Institutional Capacity,0,6
851267049,2026-08-27,North Kivu,Beni,Beni,Butanuka,Denominational school,ECC,High,Case-processing procedures,Institutional Capacity,0,6
851289789,2026-08-27,North Kivu,Beni,Beni,Butanuka,Denominational organization,ECC,High,Case-processing procedures,Institutional Capacity,0,6
851322369,2026-08-27,North Kivu,Beni,Beni,Rwangoma,Church,ECC,Moderate,Case-processing procedures,Institutional Capacity,0,6
852140309,2026-08-28,North Kivu,Butembo,Katwa,Mitoya,Denominational school,ECC,Moderate,Case-processing procedures,Institutional Capacity,0,6
852167593,2026-08-28,North Kivu,Beni,Beni,Kanzuli,Denominational school,ECC,Low,Case-processing procedures,Institutional Capacity,0,6
852170534,2026-08-28,North Kivu,Butembo,Katwa,Katwa,Denominational school,ECC,High,Case-processing procedures,Institutional Capacity,0,6
852209874,2026-08-28,North Kivu,Beni,Beni,Kanzuli,Church,ECC,Moderate,Case-processing procedures,Institutional Capacity,0,6
852221246,2026-08-28,North Kivu,Beni,Beni,Malepe,Church,ECC,Low,Case-processing procedures,Institutional Capacity,0,6
852223652,2026-08-28,North Kivu,Butembo,Katwa,Mitoya,Church,ECC,High,Case-processing procedures,Institutional Capacity,0,6
852306872,2026-08-28,North Kivu,Beni,Beni,Kasabinyole,Church,ECC,Low,Case-processing procedures,Institutional Capacity,0,6
852311269,2026-08-28,North Kivu,Beni,Beni,Gbadolite,Church,ECC,Moderate,Case-processing procedures,Institutional Capacity,0,6
852311817,2026-08-28,North Kivu,Beni,Beni,Kanzuli,Church,ECC,Low,Case-processing procedures,Institutional Capacity,0,6
853058765,2026-08-29,North Kivu,Beni,Beni,Kanzuli,Church,ECC,Low,Case-processing procedures,Institutional Capacity,0,6
853068833,2026-08-29,North Kivu,Beni,Beni,Kanzuli,Church,ECC,Low,Case-processing procedures,Institutional Capacity,0,6
853700686,2026-08-30,North Kivu,Butembo,Katwa,Katwa,Denominational school,ECC,Low,Case-processing procedures,Institutional Capacity,1,6
853885257,2026-08-29,North Kivu,Beni,Beni,Beni,Church,ECC,Moderate,Case-processing procedures,Institutional Capacity,1,6
854183549,2026-08-14,North Kivu,Beni,Beni,Kasabinyole,Church,ECC,High,Case-processing procedures,Institutional Capacity,1,6
854192402,2026-08-31,North Kivu,Beni,Beni,Mabolio,Church,ECC,Low,Case-processing procedures,Institutional Capacity,0,6
854226558,2026-08-31,North Kivu,Lubero,Lubero,Rughenda,Church,ECC,Moderate,Case-processing procedures,Institutional Capacity,0,6
854295690,2026-08-26,North Kivu,Beni,Beni,Malepe,Church,ECC,Moderate,Case-processing procedures,Institutional Capacity,0,6
854335472,2026-08-31,North Kivu,Butembo,Katwa,Katwa,Church,ECC,Low,Case-processing procedures,Institutional Capacity,0,6
854361138,2026-08-31,North Kivu,Beni,Beni,Kanzuli,Church,ECC,Moderate,Case-processing procedures,Institutional Capacity,0,6
854632904,2026-08-31,North Kivu,Butembo,Katwa,Vuhika,Denominational school,ECC,Moderate,Case-processing procedures,Institutional Capacity,0,6
857307057,2026-08-30,North Kivu,Butembo,Katwa,Masuli,Faith-based health care facility,ECC,High,Case-processing procedures,Institutional Capacity,1,6
858859254,2026-09-04,North Kivu,Beni,Beni,Mandrandele,Church,ECC,High,Case-processing procedures,Institutional Capacity,0,6
859495986,2026-08-31,North Kivu,Beni,Beni,Kasabinyole,Church,ECC,High,Case-processing procedures,Institutional Capacity,0,6
859495990,2026-08-31,North Kivu,Beni,Beni,Butsili,Church,ECC,High,Case-processing procedures,Institutional Capacity,1,6
859495993,2026-08-31,North Kivu,Beni,Beni,Butsili,Church,ECC,High,Case-processing procedures,Institutional Capacity,1,6
862786531,2026-09-09,North Kivu,Beni,Beni,Ngilinga Muloku,Church,ECC,High,Case-processing procedures,Institutional Capacity,0,6
862801808,2026-09-09,North Kivu,Beni,Beni,Kanzuli,Church,ECC,High,Case-processing procedures,Institutional Capacity,0,6
862818930,2026-09-09,North Kivu,Beni,Beni,Kanzuli,Church,ECC,Moderate,Case-processing procedures,Institutional Capacity,0,6
862836160,2026-09-09,North Kivu,Beni,Beni,Kanzuli,Denominational school,ECC,Moderate,Case-processing procedures,Institutional Capacity,0,6
862888563,2026-09-09,North Kivu,Beni,Beni,Kanzuli Nzuki,Denominational school,ECC,High,Case-processing procedures,Institutional Capacity,0,6
875869474,2026-09-21,North Kivu,Beni,Beni,Kasanga,Faith-based health care facility,ECC,Moderate,Case-processing procedures,Institutional Capacity,1,6
876079652,2026-09-23,North Kivu,Beni,Beni,Kasanga,Faith-based health care facility,ECC,Low,Case-processing procedures,Institutional Capacity,1,6
876920737,2026-09-22,Ituri,Djugu,Mangala,Tchele,Church,Roman Catholic Church,Low,Case-processing procedures,Institutional Capacity,0,6
876996119,2026-09-24,Ituri,Djugu,Mangala,Tchele,Church,Roman Catholic Church,Low,Case-processing procedures,Institutional Capacity,0,6
877017789,2026-09-24,Ituri,Djugu,Mangala,Tchele,Church,Roman Catholic Church,Low,Case-processing procedures,Institutional Capacity,1,6
877029755,2026-09-24,Ituri,Djugu,Mangala,Tchele,Church,Roman Catholic Church,Low,Case-processing procedures,Institutional Capacity,0,6
877043915,2026-09-24,Ituri,Djugu,Mangala,Tchele,Church,Roman Catholic Church,Low,Case-processing procedures,Institutional Capacity,1,6
878062446,2026-09-25,Ituri,Djugu,Lita,Mutumbi,Church,ECC,High,Case-processing procedures,Institutional Capacity,0,6
878062450,2026-09-25,Ituri,Djugu,Lita,Mutumbi,Church,ECC,Low,Case-processing procedures,Institutional Capacity,1,6
878062460,2026-09-25,Ituri,Djugu,Lita,Mutumbi,Church,ECC,Low,Case-processing procedures,Institutional Capacity,0,6
878062468,2026-09-25,Ituri,Djugu,Lita,Mutumbi,Church,ECC,High,Case-processing procedures,Institutional Capacity,0,6
878062475,2026-09-25,Ituri,Djugu,Lita,Mutumbi,Church,ECC,Moderate,Case-processing procedures,Institutional Capacity,0,6
878771972,2026-09-25,Ituri,Djugu,Mangala,Tchele,Church,Roman Catholic Church,Low,Case-processing procedures,Institutional Capacity,1,6
878771977,2026-09-26,Ituri,Djugu,Mangala,Tchele,Church,ECC,Low,Case-processing procedures,Institutional Capacity,0,6
878775076,2026-09-26,Ituri,Djugu,Mangala,Tchele,Church,ECC,Low,Case-processing procedures,Institutional Capacity,1,6
878784129,2026-09-26,Ituri,Djugu,Mangala,Tchele,Church,Roman Catholic Church,Low,Case-processing procedures,Institutional Capacity,0,6
878790544,2026-09-26,Ituri,Djugu,Mangala,Tchele,Church,Roman Catholic Church,Low,Case-processing procedures,Institutional Capacity,1,6
878794554,2026-09-26,Ituri,Djugu,Mangala,Tchele,Church,Roman Catholic Church,Low,Case-processing procedures,Institutional Capacity,1,6
878860056,2026-09-26,Ituri,Djugu,Mangala,Tchele,Church,Roman Catholic Church,Low,Case-processing procedures,Institutional Capacity,1,6
878863016,2026-09-26,Ituri,Djugu,Mangala,Tchele,Church,ECC,Low,Case-processing procedures,Institutional Capacity,1,6
878869824,2026-09-26,Ituri,Djugu,Mangala,Tchele,Church,ECC,Low,Case-processing procedures,Institutional Capacity,0,6
878896880,2026-09-26,Ituri,Djugu,Mangala,Tchele,Church,ECC,Low,Case-processing procedures,Institutional Capacity,1,6
878997028,2026-09-26,Ituri,Djugu,Lita,Bahwere,Denominational school,ECC,Low,Case-processing procedures,Institutional Capacity,1,6
878997035,2026-09-26,Ituri,Djugu,Lita,Bahwere,Denominational school,ECC,Low,Case-processing procedures,Institutional Capacity,0,6
878997051,2026-09-26,Ituri,Djugu,Lita,Bahwere,Church,ECC,Low,Case-processing procedures,Institutional Capacity,0,6
878997059,2026-09-26,Ituri,Djugu,Lita,Bahwere,Church,ECC,Moderate,Case-processing procedures,Institutional Capacity,0,6
878997068,2026-09-26,Ituri,Djugu,Lita,Bahwere,Denominational school,ECC,Moderate,Case-processing procedures,Institutional Capacity,1,6
878997075,2026-09-26,Ituri,Djugu,Lita,Bahwere,Church,Roman Catholic Church,Moderate,Case-processing procedures,Institutional Capacity,1,6
878997091,2026-09-26,Ituri,Djugu,Lita,Bahwere,Church,ECC,Moderate,Case-processing procedures,Institutional Capacity,1,6
878997100,2026-09-26,Ituri,Djugu,Lita,Bahwere,Denominational organization,ECC,Moderate,Case-processing procedures,Institutional Capacity,1,6
878997108,2026-09-26,Ituri,Djugu,Lita,Bahwere,Church,ECC,Low,Case-processing procedures,Institutional Capacity,1,6
878997115,2026-09-26,Ituri,Djugu,Lita,Bahwere,Church,ECC,Moderate,Case-processing procedures,Institutional Capacity,1,6
879117541,2026-09-26,Ituri,Djugu,Mangala,Tchele,Church,ECC,Low,Case-processing procedures,Institutional Capacity,1,6
879122054,2026-09-26,Ituri,Djugu,Mangala,Tchele,Church,ECC,Low,Case-processing procedures,Institutional Capacity,0,6
879202178,2026-09-25,Ituri,Djugu,Mangala,Tchele,Church,ECC,Low,Case-processing procedures,Institutional Capacity,0,6
879365390,2026-09-25,Ituri,Djugu,Mangala,Tchele,Church,ECC,Low,Case-processing procedures,Institutional Capacity,0,6
879365392,2026-09-25,Ituri,Djugu,Mangala,Tchele,Church,ECC,Low,Case-processing procedures,Institutional Capacity,0,6
879365398,2026-09-25,Ituri,Djugu,Mangala,Tchele,Church,ECC,Low,Case-processing procedures,Institutional Capacity,0,6
879365403,2026-09-25,Ituri,Djugu,Mangala,Tchele,Church,ECC,Low,Case-processing procedures,Institutional Capacity,0,6
879365407,2026-09-26,Ituri,Djugu,Mangala,Tchele,Church,ECC,Low,Case-processing procedures,Institutional Capacity,1,6
879365412,2026-09-26,Ituri,Djugu,Mangala,Tchele,Church,ECC,Low,Case-processing procedures,Institutional Capacity,1,6
879365414,2026-09-26,Ituri,Djugu,Mangala,Tchele,Church,ECC,Low,Case-processing procedures,Institutional Capacity,0,6
879365416,2026-09-26,Ituri,Djugu,Mangala,Tchele,Church,ECC,Low,Case-processing procedures,Institutional Capacity,0,6
879365422,2026-09-26,Ituri,Djugu,Mangala,Tchele,Church,ECC,Low,Case-processing procedures,Institutional Capacity,0,6
879365427,2026-09-26,Ituri,Djugu,Mangala,Tchele,Church,ECC,Low,Case-processing procedures,Institutional Capacity,0,6
879365432,2026-09-26,Ituri,Djugu,Mangala,Tchele,Church,ECC,Low,Case-processing procedures,Institutional Capacity,0,6
879365444,2026-09-26,Ituri,Djugu,Mangala,Tcy,Church,ECC,Low,Case-processing procedures,Institutional Capacity,0,6
879365450,2026-09-26,Ituri,Djugu,Mangala,Tchele,Church,ECC,Low,Case-processing procedures,Institutional Capacity,0,6
879365457,2026-09-26,Ituri,Djugu,Mangala,Tchele,Church,ECC,Low,Case-processing procedures,Institutional Capacity,0,6
879365462,2026-09-26,Ituri,Djugu,Mangala,Tchele,Church,ECC,Low,Case-processing procedures,Institutional Capacity,0,6
879365465,2026-09-26,Ituri,Djugu,Mangala,Tchele,Church,ECC,Low,Case-processing procedures,Institutional Capacity,0,6
879365468,2026-09-26,Ituri,Djugu,Mangala,Tchele,Church,ECC,Low,Case-processing procedures,Institutional Capacity,0,6
879365474,2026-09-26,Ituri,Djugu,Mangala,Tchele,Church,ECC,Low,Case-processing procedures,Institutional Capacity,0,6
879365478,2026-09-26,Ituri,Djugu,Mangala,Tchele,Church,ECC,Low,Case-processing procedures,Institutional Capacity,0,6
879552531,2026-09-27,Ituri,Djugu,Mangala,Tchele,Church,ECC,Low,Case-processing procedures,Institutional Capacity,0,6
879554947,2026-09-27,Ituri,Djugu,Mangala,Tchele,Church,ECC,Low,Case-processing procedures,Institutional Capacity,0,6
879635788,2026-09-27,Ituri,Djugu,Lita,Mutumbi,Faith-based health care facility,Roman Catholic Church,High,Case-processing procedures,Institutional Capacity,1,6
879635794,2026-09-27,Ituri,Djugu,Lita,Mutumbi,Church,Roman Catholic Church,Moderate,Case-processing procedures,Institutional Capacity,0,6
879635804,2026-09-27,Ituri,Djugu,Lita,Mutumbi,Church,ECC,High,Case-processing procedures,Institutional Capacity,0,6
879635814,2026-09-27,Ituri,Djugu,Lita,Mutumbi,Church,Roman Catholic Church,Moderate,Case-processing procedures,Institutional Capacity,0,6
879635826,2026-09-27,Ituri,Djugu,Lita,Mutumbi,Denominational school,ECC,Moderate,Case-processing procedures,Institutional Capacity,0,6
879685393,2026-09-23,Ituri,Djugu,Lita,Katoto,Faith-based health care facility,ECC,Low,Case-processing procedures,Institutional Capacity,1,6
879685396,2026-09-24,Ituri,Djugu,Lita,Katoto,Church,ECC,High,Case-processing procedures,Institutional Capacity,0,6
879685410,2026-09-25,Ituri,Djugu,Lita,Katoto,Church,ECC,Low,Case-processing procedures,Institutional Capacity,0,6
879685425,2026-09-25,Ituri,Djugu,Lita,Katoto,Church,ECC,Moderate,Case-processing procedures,Institutional Capacity,1,6
879685439,2026-09-25,Ituri,Djugu,Lita,Katoto,Church,ECC,High,Case-processing procedures,Institutional Capacity,0,6
879685455,2026-09-25,Ituri,Djugu,Lita,Katoto,Church,Roman Catholic Church,Low,Case-processing procedures,Institutional Capacity,0,6
879685474,2026-09-26,Ituri,Djugu,Lita,Katoto,Church,ECC,High,Case-processing procedures,Institutional Capacity,0,6
879685485,2026-09-26,Ituri,Djugu,Lita,Katoto,Church,Roman Catholic Church,Moderate,Case-processing procedures,Institutional Capacity,1,6
879685494,2026-09-26,Ituri,Djugu,Lita,Katoto,Church,Roman Catholic Church,Moderate,Case-processing procedures,Institutional Capacity,1,6
879685509,2026-09-27,Ituri,Djugu,Lita,Katoto,Church,ECC,Low,Case-processing procedures,Institutional Capacity,0,6
879685519,2026-09-27,Ituri,Djugu,Lita,Katoto,Church,ECC,Low,Case-processing procedures,Institutional Capacity,0,6
879685625,2026-09-27,Ituri,Djugu,Lita,Katoto,Church,ECC,Low,Case-processing procedures,Institutional Capacity,0,6
879685659,2026-09-27,Ituri,Djugu,Lita,Katoto,Church,ECC,Low,Case-processing procedures,Institutional Capacity,1,6
879685672,2026-09-27,Ituri,Djugu,Lita,Katoto,Church,Roman Catholic Church,Low,Case-processing procedures,Institutional Capacity,0,6
879685682,2026-09-27,Ituri,Djugu,Lita,Katoto,Church,Roman Catholic Church,High,Case-processing procedures,Institutional Capacity,0,6
879685686,2026-09-27,Ituri,Djugu,Lita,Katoto,Church,Roman Catholic Church,Low,Case-processing procedures,Institutional Capacity,0,6
879686019,2026-09-27,Ituri,Djugu,Lita,Katoto,Church,ECC,Low,Case-processing procedures,Institutional Capacity,0,6
879686043,2026-09-27,Ituri,Djugu,Lita,Katoto,Church,ECC,Moderate,Case-processing procedures,Institutional Capacity,1,6
879686056,2026-09-27,Ituri,Djugu,Lita,Katoto,Church,ECC,Moderate,Case-processing procedures,Institutional Capacity,1,6
879686066,2026-09-27,Ituri,Djugu,Lita,Katoto,Church,ECC,Low,Case-processing procedures,Institutional Capacity,0,6
841199154,2026-08-16,North Kivu,Beni,Beni,Kanzuli,Church,ECC,Moderate,Lack of training,Barriers to Engagement,1,1
841548610,2026-08-17,North Kivu,Beni,Beni,Kanzuli,Church,ECC,Low,Lack of training,Barriers to Engagement,1,1
842785213,2026-08-18,North Kivu,Beni,Beni,Kanzuli,Church,ECC,Moderate,Lack of training,Barriers to Engagement,0,1
843341124,2026-08-18,North Kivu,Beni,Beni,Ngongolio,Church,ECC,High,Lack of training,Barriers to Engagement,1,1
843348882,2026-08-18,North Kivu,Beni,Beni,Ngongolio,Church,ECC,High,Lack of training,Barriers to Engagement,1,1
843365757,2026-08-18,North Kivu,Beni,Beni,Tamende,Church,ECC,High,Lack of training,Barriers to Engagement,1,1
843369063,2026-08-18,North Kivu,Beni,Beni,Ngongolio,Church,ECC,High,Lack of training,Barriers to Engagement,1,1
843770142,2026-08-19,North Kivu,Beni,Beni,Boikene,Church,ECC,High,Lack of training,Barriers to Engagement,1,1
843828499,2026-08-18,North Kivu,Beni,Beni,Tamende,Church,ECC,Low,Lack of training,Barriers to Engagement,1,1
843841750,2026-08-19,North Kivu,Beni,Beni,Tamende,Church,Roman Catholic Church,Moderate,Lack of training,Barriers to Engagement,0,1
843887195,2026-08-19,North Kivu,Beni,Beni,Boikene,Denominational school,ECC,Moderate,Lack of training,Barriers to Engagement,1,1
843917903,2026-08-19,North Kivu,Beni,Beni,Boikene,Church,ECC,High,Lack of training,Barriers to Engagement,0,1
843940314,2026-08-19,North Kivu,Beni,Beni,Boikene,Church,ECC,High,Lack of training,Barriers to Engagement,1,1
843992799,2026-08-19,North Kivu,Beni,Beni,Boikene,Church,ECC,High,Lack of training,Barriers to Engagement,0,1
844181691,2026-08-19,North Kivu,Beni,Beni,Boikene,Church,ECC,High,Lack of training,Barriers to Engagement,1,1
845990019,2026-08-21,North Kivu,Beni,Beni,Mabakanga,Faith-based health care facility,ECC,Moderate,Lack of training,Barriers to Engagement,1,1
846487418,2026-08-21,North Kivu,Beni,Beni,Kanzuli,Church,ECC,High,Lack of training,Barriers to Engagement,1,1
846728240,2026-08-22,North Kivu,Beni,Beni,Boikene,Church,ECC,Moderate,Lack of training,Barriers to Engagement,1,1
846742619,2026-08-22,North Kivu,Beni,Beni,Boikene,Church,ECC,Moderate,Lack of training,Barriers to Engagement,1,1
846748689,2026-08-22,North Kivu,Beni,Beni,Boikene,Denominational school,ECC,High,Lack of training,Barriers to Engagement,0,1
847057490,2026-08-22,North Kivu,Beni,Beni,Mandrandele,Church,ECC,High,Lack of training,Barriers to Engagement,0,1
847069287,2026-08-22,North Kivu,Beni,Beni,Mandrandele,Church,ECC,High,Lack of training,Barriers to Engagement,0,1
847082157,2026-08-22,North Kivu,Beni,Beni,Mandrandele,Church,ECC,High,Lack of training,Barriers to Engagement,0,1
847268921,2026-08-23,North Kivu,Beni,Beni,Kasabinyole,Church,ECC,Low,Lack of training,Barriers to Engagement,1,1
847273941,2026-08-23,North Kivu,Beni,Beni,Kasabinyole,Church,ECC,Low,Lack of training,Barriers to Engagement,1,1
847285482,2026-08-23,North Kivu,Beni,Beni,Tuungane,Church,ECC,Low,Lack of training,Barriers to Engagement,1,1
847289604,2026-08-23,North Kivu,Beni,Beni,Tuungane,Denominational school,ECC,Low,Lack of training,Barriers to Engagement,1,1
847293655,2026-08-23,North Kivu,Beni,Beni,Tuungane,Denominational school,ECC,Low,Lack of training,Barriers to Engagement,1,1
847297827,2026-08-23,North Kivu,Beni,Beni,Tuungane,Church,ECC,Low,Lack of training,Barriers to Engagement,1,1
847302416,2026-08-23,North Kivu,Beni,Beni,Tuungane,Church,ECC,Low,Lack of training,Barriers to Engagement,1,1
847307012,2026-08-23,North Kivu,Beni,Beni,Anglicane,Denominational school,ECC,Low,Lack of training,Barriers to Engagement,1,1
847311861,2026-08-23,North Kivu,Beni,Beni,Anglicane,Church,ECC,Low,Lack of training,Barriers to Engagement,1,1
847586408,2026-08-23,North Kivu,Beni,Beni,Kuka,Church,ECC,Moderate,Lack of training,Barriers to Engagement,1,1
847600556,2026-08-23,North Kivu,Beni,Beni,Kuka,Church,ECC,High,Lack of training,Barriers to Engagement,0,1
847610633,2026-08-23,North Kivu,Beni,Beni,Kuka,Church,ECC,High,Lack of training,Barriers to Engagement,1,1
847862794,2026-08-14,North Kivu,Beni,Beni,Malepe,Church,ECC,High,Lack of training,Barriers to Engagement,1,1
849046030,2026-08-25,North Kivu,Beni,Beni,Ngongolio,Church,ECC,High,Lack of training,Barriers to Engagement,1,1
850045824,2026-08-26,North Kivu,Beni,Beni,Mangothe,Church,ECC,Moderate,Lack of training,Barriers to Engagement,1,1
850145543,2026-08-24,North Kivu,Beni,Beni,Malepe,Church,ECC,High,Lack of training,Barriers to Engagement,1,1
850180468,2026-08-26,North Kivu,Beni,Beni,Butanuka,Church,ECC,High,Lack of training,Barriers to Engagement,1,1
850508336,2026-08-26,North Kivu,Beni,Beni,Mabakanga,Faith-based health care facility,ECC,Low,Lack of training,Barriers to Engagement,1,1
850633361,2026-08-26,North Kivu,Beni,Beni,Tamende,Church,ECC,Low,Lack of training,Barriers to Engagement,1,1
850649059,2026-08-26,North Kivu,Beni,Beni,Mabakanga,Church,ECC,Moderate,Lack of training,Barriers to Engagement,1,1
850652676,2026-08-26,North Kivu,Beni,Beni,Gongolio,Church,Roman Catholic Church,Low,Lack of training,Barriers to Engagement,0,1
850657352,2026-08-26,North Kivu,Beni,Beni,Mabakanga,Church,ECC,High,Lack of training,Barriers to Engagement,0,1
850690706,2026-08-26,North Kivu,Beni,Beni,Mandrandele,Church,ECC,High,Lack of training,Barriers to Engagement,0,1
851141363,2026-08-26,North Kivu,Beni,Beni,Boikene,Church,ECC,High,Lack of training,Barriers to Engagement,1,1
851144057,2026-08-27,North Kivu,Beni,Beni,Malepe,Church,ECC,High,Lack of training,Barriers to Engagement,1,1
851154720,2026-08-27,North Kivu,Beni,Beni,Malepe,Church,ECC,High,Lack of training,Barriers to Engagement,1,1
851221822,2026-08-27,North Kivu,Beni,Beni,Malepe,Church,ECC,High,Lack of training,Barriers to Engagement,1,1
851246506,2026-08-27,North Kivu,Beni,Beni,Malepe,Church,ECC,High,Lack of training,Barriers to Engagement,1,1
851251697,2026-08-27,North Kivu,Beni,Beni,Rwangoma,Church,ECC,Moderate,Lack of training,Barriers to Engagement,1,1
851267049,2026-08-27,North Kivu,Beni,Beni,Butanuka,Denominational school,ECC,High,Lack of training,Barriers to Engagement,0,1
851289789,2026-08-27,North Kivu,Beni,Beni,Butanuka,Denominational organization,ECC,High,Lack of training,Barriers to Engagement,0,1
851322369,2026-08-27,North Kivu,Beni,Beni,Rwangoma,Church,ECC,Moderate,Lack of training,Barriers to Engagement,1,1
852140309,2026-08-28,North Kivu,Butembo,Katwa,Mitoya,Denominational school,ECC,Moderate,Lack of training,Barriers to Engagement,0,1
852167593,2026-08-28,North Kivu,Beni,Beni,Kanzuli,Denominational school,ECC,Low,Lack of training,Barriers to Engagement,1,1
852170534,2026-08-28,North Kivu,Butembo,Katwa,Katwa,Denominational school,ECC,High,Lack of training,Barriers to Engagement,0,1
852209874,2026-08-28,North Kivu,Beni,Beni,Kanzuli,Church,ECC,Moderate,Lack of training,Barriers to Engagement,1,1
852221246,2026-08-28,North Kivu,Beni,Beni,Malepe,Church,ECC,Low,Lack of training,Barriers to Engagement,1,1
852223652,2026-08-28,North Kivu,Butembo,Katwa,Mitoya,Church,ECC,High,Lack of training,Barriers to Engagement,0,1
852306872,2026-08-28,North Kivu,Beni,Beni,Kasabinyole,Church,ECC,Low,Lack of training,Barriers to Engagement,0,1
852311269,2026-08-28,North Kivu,Beni,Beni,Gbadolite,Church,ECC,Moderate,Lack of training,Barriers to Engagement,1,1
852311817,2026-08-28,North Kivu,Beni,Beni,Kanzuli,Church,ECC,Low,Lack of training,Barriers to Engagement,1,1
853058765,2026-08-29,North Kivu,Beni,Beni,Kanzuli,Church,ECC,Low,Lack of training,Barriers to Engagement,1,1
853068833,2026-08-29,North Kivu,Beni,Beni,Kanzuli,Church,ECC,Low,Lack of training,Barriers to Engagement,1,1
853700686,2026-08-30,North Kivu,Butembo,Katwa,Katwa,Denominational school,ECC,Low,Lack of training,Barriers to Engagement,0,1
853885257,2026-08-29,North Kivu,Beni,Beni,Beni,Church,ECC,Moderate,Lack of training,Barriers to Engagement,0,1
854183549,2026-08-14,North Kivu,Beni,Beni,Kasabinyole,Church,ECC,High,Lack of training,Barriers to Engagement,0,1
854192402,2026-08-31,North Kivu,Beni,Beni,Mabolio,Church,ECC,Low,Lack of training,Barriers to Engagement,1,1
854226558,2026-08-31,North Kivu,Lubero,Lubero,Rughenda,Church,ECC,Moderate,Lack of training,Barriers to Engagement,0,1
854295690,2026-08-26,North Kivu,Beni,Beni,Malepe,Church,ECC,Moderate,Lack of training,Barriers to Engagement,1,1
854335472,2026-08-31,North Kivu,Butembo,Katwa,Katwa,Church,ECC,Low,Lack of training,Barriers to Engagement,0,1
854361138,2026-08-31,North Kivu,Beni,Beni,Kanzuli,Church,ECC,Moderate,Lack of training,Barriers to Engagement,1,1
854632904,2026-08-31,North Kivu,Butembo,Katwa,Vuhika,Denominational school,ECC,Moderate,Lack of training,Barriers to Engagement,0,1
857307057,2026-08-30,North Kivu,Butembo,Katwa,Masuli,Faith-based health care facility,ECC,High,Lack of training,Barriers to Engagement,0,1
858859254,2026-09-04,North Kivu,Beni,Beni,Mandrandele,Church,ECC,High,Lack of training,Barriers to Engagement,0,1
859495986,2026-08-31,North Kivu,Beni,Beni,Kasabinyole,Church,ECC,High,Lack of training,Barriers to Engagement,1,1
859495990,2026-08-31,North Kivu,Beni,Beni,Butsili,Church,ECC,High,Lack of training,Barriers to Engagement,1,1
859495993,2026-08-31,North Kivu,Beni,Beni,Butsili,Church,ECC,High,Lack of training,Barriers to Engagement,1,1
862786531,2026-09-09,North Kivu,Beni,Beni,Ngilinga Muloku,Church,ECC,High,Lack of training,Barriers to Engagement,0,1
862801808,2026-09-09,North Kivu,Beni,Beni,Kanzuli,Church,ECC,High,Lack of training,Barriers to Engagement,0,1
862818930,2026-09-09,North Kivu,Beni,Beni,Kanzuli,Church,ECC,Moderate,Lack of training,Barriers to Engagement,0,1
862836160,2026-09-09,North Kivu,Beni,Beni,Kanzuli,Denominational school,ECC,Moderate,Lack of training,Barriers to Engagement,0,1
862888563,2026-09-09,North Kivu,Beni,Beni,Kanzuli Nzuki,Denominational school,ECC,High,Lack of training,Barriers to Engagement,1,1
875869474,2026-09-21,North Kivu,Beni,Beni,Kasanga,Faith-based health care facility,ECC,Moderate,Lack of training,Barriers to Engagement,1,1
876079652,2026-09-23,North Kivu,Beni,Beni,Kasanga,Faith-based health care facility,ECC,Low,Lack of training,Barriers to Engagement,0,1
876920737,2026-09-22,Ituri,Djugu,Mangala,Tchele,Church,Roman Catholic Church,Low,Lack of training,Barriers to Engagement,1,1
876996119,2026-09-24,Ituri,Djugu,Mangala,Tchele,Church,Roman Catholic Church,Low,Lack of training,Barriers to Engagement,1,1
877017789,2026-09-24,Ituri,Djugu,Mangala,Tchele,Church,Roman Catholic Church,Low,Lack of training,Barriers to Engagement,1,1
877029755,2026-09-24,Ituri,Djugu,Mangala,Tchele,Church,Roman Catholic Church,Low,Lack of training,Barriers to Engagement,1,1
877043915,2026-09-24,Ituri,Djugu,Mangala,Tchele,Church,Roman Catholic Church,Low,Lack of training,Barriers to Engagement,1,1
878062446,2026-09-25,Ituri,Djugu,Lita,Mutumbi,Church,ECC,High,Lack of training,Barriers to Engagement,1,1
878062450,2026-09-25,Ituri,Djugu,Lita,Mutumbi,Church,ECC,Low,Lack of training,Barriers to Engagement,1,1
878062460,2026-09-25,Ituri,Djugu,Lita,Mutumbi,Church,ECC,Low,Lack of training,Barriers to Engagement,1,1
878062468,2026-09-25,Ituri,Djugu,Lita,Mutumbi,Church,ECC,High,Lack of training,Barriers to Engagement,1,1
878062475,2026-09-25,Ituri,Djugu,Lita,Mutumbi,Church,ECC,Moderate,Lack of training,Barriers to Engagement,1,1
878771972,2026-09-25,Ituri,Djugu,Mangala,Tchele,Church,Roman Catholic Church,Low,Lack of training,Barriers to Engagement,1,1
878771977,2026-09-26,Ituri,Djugu,Mangala,Tchele,Church,ECC,Low,Lack of training,Barriers to Engagement,1,1
878775076,2026-09-26,Ituri,Djugu,Mangala,Tchele,Church,ECC,Low,Lack of training,Barriers to Engagement,1,1
878784129,2026-09-26,Ituri,Djugu,Mangala,Tchele,Church,Roman Catholic Church,Low,Lack of training,Barriers to Engagement,1,1
878790544,2026-09-26,Ituri,Djugu,Mangala,Tchele,Church,Roman Catholic Church,Low,Lack of training,Barriers to Engagement,1,1
878794554,2026-09-26,Ituri,Djugu,Mangala,Tchele,Church,Roman Catholic Church,Low,Lack of training,Barriers to Engagement,1,1
878860056,2026-09-26,Ituri,Djugu,Mangala,Tchele,Church,Roman Catholic Church,Low,Lack of training,Barriers to Engagement,1,1
878863016,2026-09-26,Ituri,Djugu,Mangala,Tchele,Church,ECC,Low,Lack of training,Barriers to Engagement,1,1
878869824,2026-09-26,Ituri,Djugu,Mangala,Tchele,Church,ECC,Low,Lack of training,Barriers to Engagement,1,1
878896880,2026-09-26,Ituri,Djugu,Mangala,Tchele,Church,ECC,Low,Lack of training,Barriers to Engagement,1,1
878997028,2026-09-26,Ituri,Djugu,Lita,Bahwere,Denominational school,ECC,Low,Lack of training,Barriers to Engagement,0,1
878997035,2026-09-26,Ituri,Djugu,Lita,Bahwere,Denominational school,ECC,Low,Lack of training,Barriers to Engagement,1,1
878997051,2026-09-26,Ituri,Djugu,Lita,Bahwere,Church,ECC,Low,Lack of training,Barriers to Engagement,1,1
878997059,2026-09-26,Ituri,Djugu,Lita,Bahwere,Church,ECC,Moderate,Lack of training,Barriers to Engagement,1,1
878997068,2026-09-26,Ituri,Djugu,Lita,Bahwere,Denominational school,ECC,Moderate,Lack of training,Barriers to Engagement,0,1
878997075,2026-09-26,Ituri,Djugu,Lita,Bahwere,Church,Roman Catholic Church,Moderate,Lack of training,Barriers to Engagement,1,1
878997091,2026-09-26,Ituri,Djugu,Lita,Bahwere,Church,ECC,Moderate,Lack of training,Barriers to Engagement,0,1
878997100,2026-09-26,Ituri,Djugu,Lita,Bahwere,Denominational organization,ECC,Moderate,Lack of training,Barriers to Engagement,0,1
878997108,2026-09-26,Ituri,Djugu,Lita,Bahwere,Church,ECC,Low,Lack of training,Barriers to Engagement,1,1
878997115,2026-09-26,Ituri,Djugu,Lita,Bahwere,Church,ECC,Moderate,Lack of training,Barriers to Engagement,0,1
879117541,2026-09-26,Ituri,Djugu,Mangala,Tchele,Church,ECC,Low,Lack of training,Barriers to Engagement,1,1
879122054,2026-09-26,Ituri,Djugu,Mangala,Tchele,Church,ECC,Low,Lack of training,Barriers to Engagement,1,1
879202178,2026-09-25,Ituri,Djugu,Mangala,Tchele,Church,ECC,Low,Lack of training,Barriers to Engagement,1,1
879365390,2026-09-25,Ituri,Djugu,Mangala,Tchele,Church,ECC,Low,Lack of training,Barriers to Engagement,1,1
879365392,2026-09-25,Ituri,Djugu,Mangala,Tchele,Church,ECC,Low,Lack of training,Barriers to Engagement,1,1
879365398,2026-09-25,Ituri,Djugu,Mangala,Tchele,Church,ECC,Low,Lack of training,Barriers to Engagement,1,1
879365403,2026-09-25,Ituri,Djugu,Mangala,Tchele,Church,ECC,Low,Lack of training,Barriers to Engagement,1,1
879365407,2026-09-26,Ituri,Djugu,Mangala,Tchele,Church,ECC,Low,Lack of training,Barriers to Engagement,0,1
879365412,2026-09-26,Ituri,Djugu,Mangala,Tchele,Church,ECC,Low,Lack of training,Barriers to Engagement,1,1
879365414,2026-09-26,Ituri,Djugu,Mangala,Tchele,Church,ECC,Low,Lack of training,Barriers to Engagement,1,1
879365416,2026-09-26,Ituri,Djugu,Mangala,Tchele,Church,ECC,Low,Lack of training,Barriers to Engagement,1,1
879365422,2026-09-26,Ituri,Djugu,Mangala,Tchele,Church,ECC,Low,Lack of training,Barriers to Engagement,1,1
879365427,2026-09-26,Ituri,Djugu,Mangala,Tchele,Church,ECC,Low,Lack of training,Barriers to Engagement,1,1
879365432,2026-09-26,Ituri,Djugu,Mangala,Tchele,Church,ECC,Low,Lack of training,Barriers to Engagement,1,1
879365444,2026-09-26,Ituri,Djugu,Mangala,Tcy,Church,ECC,Low,Lack of training,Barriers to Engagement,1,1
879365450,2026-09-26,Ituri,Djugu,Mangala,Tchele,Church,ECC,Low,Lack of training,Barriers to Engagement,1,1
879365457,2026-09-26,Ituri,Djugu,Mangala,Tchele,Church,ECC,Low,Lack of training,Barriers to Engagement,1,1
879365462,2026-09-26,Ituri,Djugu,Mangala,Tchele,Church,ECC,Low,Lack of training,Barriers to Engagement,1,1
879365465,2026-09-26,Ituri,Djugu,Mangala,Tchele,Church,ECC,Low,Lack of training,Barriers to Engagement,1,1
879365468,2026-09-26,Ituri,Djugu,Mangala,Tchele,Church,ECC,Low,Lack of training,Barriers to Engagement,1,1
879365474,2026-09-26,Ituri,Djugu,Mangala,Tchele,Church,ECC,Low,Lack of training,Barriers to Engagement,1,1
879365478,2026-09-26,Ituri,Djugu,Mangala,Tchele,Church,ECC,Low,Lack of training,Barriers to Engagement,1,1
879552531,2026-09-27,Ituri,Djugu,Mangala,Tchele,Church,ECC,Low,Lack of training,Barriers to Engagement,1,1
879554947,2026-09-27,Ituri,Djugu,Mangala,Tchele,Church,ECC,Low,Lack of training,Barriers to Engagement,1,1
879635788,2026-09-27,Ituri,Djugu,Lita,Mutumbi,Faith-based health care facility,Roman Catholic Church,High,Lack of training,Barriers to Engagement,1,1
879635794,2026-09-27,Ituri,Djugu,Lita,Mutumbi,Church,Roman Catholic Church,Moderate,Lack of training,Barriers to Engagement,1,1
879635804,2026-09-27,Ituri,Djugu,Lita,Mutumbi,Church,ECC,High,Lack of training,Barriers to Engagement,1,1
879635814,2026-09-27,Ituri,Djugu,Lita,Mutumbi,Church,Roman Catholic Church,Moderate,Lack of training,Barriers to Engagement,1,1
879635826,2026-09-27,Ituri,Djugu,Lita,Mutumbi,Denominational school,ECC,Moderate,Lack of training,Barriers to Engagement,1,1
879685393,2026-09-23,Ituri,Djugu,Lita,Katoto,Faith-based health care facility,ECC,Low,Lack of training,Barriers to Engagement,1,1
879685396,2026-09-24,Ituri,Djugu,Lita,Katoto,Church,ECC,High,Lack of training,Barriers to Engagement,1,1
879685410,2026-09-25,Ituri,Djugu,Lita,Katoto,Church,ECC,Low,Lack of training,Barriers to Engagement,1,1
879685425,2026-09-25,Ituri,Djugu,Lita,Katoto,Church,ECC,Moderate,Lack of training,Barriers to Engagement,1,1
879685439,2026-09-25,Ituri,Djugu,Lita,Katoto,Church,ECC,High,Lack of training,Barriers to Engagement,1,1
879685455,2026-09-25,Ituri,Djugu,Lita,Katoto,Church,Roman Catholic Church,Low,Lack of training,Barriers to Engagement,1,1
879685474,2026-09-26,Ituri,Djugu,Lita,Katoto,Church,ECC,High,Lack of training,Barriers to Engagement,1,1
879685485,2026-09-26,Ituri,Djugu,Lita,Katoto,Church,Roman Catholic Church,Moderate,Lack of training,Barriers to Engagement,0,1
879685494,2026-09-26,Ituri,Djugu,Lita,Katoto,Church,Roman Catholic Church,Moderate,Lack of training,Barriers to Engagement,1,1
879685509,2026-09-27,Ituri,Djugu,Lita,Katoto,Church,ECC,Low,Lack of training,Barriers to Engagement,1,1
879685519,2026-09-27,Ituri,Djugu,Lita,Katoto,Church,ECC,Low,Lack of training,Barriers to Engagement,1,1
879685625,2026-09-27,Ituri,Djugu,Lita,Katoto,Church,ECC,Low,Lack of training,Barriers to Engagement,1,1
879685659,2026-09-27,Ituri,Djugu,Lita,Katoto,Church,ECC,Low,Lack of training,Barriers to Engagement,1,1
879685672,2026-09-27,Ituri,Djugu,Lita,Katoto,Church,Roman Catholic Church,Low,Lack of training,Barriers to Engagement,1,1
879685682,2026-09-27,Ituri,Djugu,Lita,Katoto,Church,Roman Catholic Church,High,Lack of training,Barriers to Engagement,1,1
879685686,2026-09-27,Ituri,Djugu,Lita,Katoto,Church,Roman Catholic Church,Low,Lack of training,Barriers to Engagement,1,1
879686019,2026-09-27,Ituri,Djugu,Lita,Katoto,Church,ECC,Low,Lack of training,Barriers to Engagement,0,1
879686043,2026-09-27,Ituri,Djugu,Lita,Katoto,Church,ECC,Moderate,Lack of training,Barriers to Engagement,1,1
879686056,2026-09-27,Ituri,Djugu,Lita,Katoto,Church,ECC,Moderate,Lack of training,Barriers to Engagement,1,1
879686066,2026-09-27,Ituri,Djugu,Lita,Katoto,Church,ECC,Low,Lack of training,Barriers to Engagement,1,1
841199154,2026-08-16,North Kivu,Beni,Beni,Kanzuli,Church,ECC,Moderate,Limited funding,Barriers to Engagement,0,2
841548610,2026-08-17,North Kivu,Beni,Beni,Kanzuli,Church,ECC,Low,Limited funding,Barriers to Engagement,0,2
842785213,2026-08-18,North Kivu,Beni,Beni,Kanzuli,Church,ECC,Moderate,Limited funding,Barriers to Engagement,0,2
843341124,2026-08-18,North Kivu,Beni,Beni,Ngongolio,Church,ECC,High,Limited funding,Barriers to Engagement,1,2
843348882,2026-08-18,North Kivu,Beni,Beni,Ngongolio,Church,ECC,High,Limited funding,Barriers to Engagement,1,2
843365757,2026-08-18,North Kivu,Beni,Beni,Tamende,Church,ECC,High,Limited funding,Barriers to Engagement,1,2
843369063,2026-08-18,North Kivu,Beni,Beni,Ngongolio,Church,ECC,High,Limited funding,Barriers to Engagement,1,2
843770142,2026-08-19,North Kivu,Beni,Beni,Boikene,Church,ECC,High,Limited funding,Barriers to Engagement,1,2
843828499,2026-08-18,North Kivu,Beni,Beni,Tamende,Church,ECC,Low,Limited funding,Barriers to Engagement,1,2
843841750,2026-08-19,North Kivu,Beni,Beni,Tamende,Church,Roman Catholic Church,Moderate,Limited funding,Barriers to Engagement,1,2
843887195,2026-08-19,North Kivu,Beni,Beni,Boikene,Denominational school,ECC,Moderate,Limited funding,Barriers to Engagement,0,2
843917903,2026-08-19,North Kivu,Beni,Beni,Boikene,Church,ECC,High,Limited funding,Barriers to Engagement,0,2
843940314,2026-08-19,North Kivu,Beni,Beni,Boikene,Church,ECC,High,Limited funding,Barriers to Engagement,0,2
843992799,2026-08-19,North Kivu,Beni,Beni,Boikene,Church,ECC,High,Limited funding,Barriers to Engagement,0,2
844181691,2026-08-19,North Kivu,Beni,Beni,Boikene,Church,ECC,High,Limited funding,Barriers to Engagement,0,2
845990019,2026-08-21,North Kivu,Beni,Beni,Mabakanga,Faith-based health care facility,ECC,Moderate,Limited funding,Barriers to Engagement,1,2
846487418,2026-08-21,North Kivu,Beni,Beni,Kanzuli,Church,ECC,High,Limited funding,Barriers to Engagement,0,2
846728240,2026-08-22,North Kivu,Beni,Beni,Boikene,Church,ECC,Moderate,Limited funding,Barriers to Engagement,1,2
846742619,2026-08-22,North Kivu,Beni,Beni,Boikene,Church,ECC,Moderate,Limited funding,Barriers to Engagement,0,2
846748689,2026-08-22,North Kivu,Beni,Beni,Boikene,Denominational school,ECC,High,Limited funding,Barriers to Engagement,1,2
847057490,2026-08-22,North Kivu,Beni,Beni,Mandrandele,Church,ECC,High,Limited funding,Barriers to Engagement,0,2
847069287,2026-08-22,North Kivu,Beni,Beni,Mandrandele,Church,ECC,High,Limited funding,Barriers to Engagement,0,2
847082157,2026-08-22,North Kivu,Beni,Beni,Mandrandele,Church,ECC,High,Limited funding,Barriers to Engagement,0,2
847268921,2026-08-23,North Kivu,Beni,Beni,Kasabinyole,Church,ECC,Low,Limited funding,Barriers to Engagement,1,2
847273941,2026-08-23,North Kivu,Beni,Beni,Kasabinyole,Church,ECC,Low,Limited funding,Barriers to Engagement,1,2
847285482,2026-08-23,North Kivu,Beni,Beni,Tuungane,Church,ECC,Low,Limited funding,Barriers to Engagement,1,2
847289604,2026-08-23,North Kivu,Beni,Beni,Tuungane,Denominational school,ECC,Low,Limited funding,Barriers to Engagement,1,2
847293655,2026-08-23,North Kivu,Beni,Beni,Tuungane,Denominational school,ECC,Low,Limited funding,Barriers to Engagement,1,2
847297827,2026-08-23,North Kivu,Beni,Beni,Tuungane,Church,ECC,Low,Limited funding,Barriers to Engagement,1,2
847302416,2026-08-23,North Kivu,Beni,Beni,Tuungane,Church,ECC,Low,Limited funding,Barriers to Engagement,1,2
847307012,2026-08-23,North Kivu,Beni,Beni,Anglicane,Denominational school,ECC,Low,Limited funding,Barriers to Engagement,1,2
847311861,2026-08-23,North Kivu,Beni,Beni,Anglicane,Church,ECC,Low,Limited funding,Barriers to Engagement,1,2
847586408,2026-08-23,North Kivu,Beni,Beni,Kuka,Church,ECC,Moderate,Limited funding,Barriers to Engagement,0,2
847600556,2026-08-23,North Kivu,Beni,Beni,Kuka,Church,ECC,High,Limited funding,Barriers to Engagement,0,2
847610633,2026-08-23,North Kivu,Beni,Beni,Kuka,Church,ECC,High,Limited funding,Barriers to Engagement,0,2
847862794,2026-08-14,North Kivu,Beni,Beni,Malepe,Church,ECC,High,Limited funding,Barriers to Engagement,1,2
849046030,2026-08-25,North Kivu,Beni,Beni,Ngongolio,Church,ECC,High,Limited funding,Barriers to Engagement,1,2
850045824,2026-08-26,North Kivu,Beni,Beni,Mangothe,Church,ECC,Moderate,Limited funding,Barriers to Engagement,0,2
850145543,2026-08-24,North Kivu,Beni,Beni,Malepe,Church,ECC,High,Limited funding,Barriers to Engagement,1,2
850180468,2026-08-26,North Kivu,Beni,Beni,Butanuka,Church,ECC,High,Limited funding,Barriers to Engagement,1,2
850508336,2026-08-26,North Kivu,Beni,Beni,Mabakanga,Faith-based health care facility,ECC,Low,Limited funding,Barriers to Engagement,1,2
850633361,2026-08-26,North Kivu,Beni,Beni,Tamende,Church,ECC,Low,Limited funding,Barriers to Engagement,1,2
850649059,2026-08-26,North Kivu,Beni,Beni,Mabakanga,Church,ECC,Moderate,Limited funding,Barriers to Engagement,0,2
850652676,2026-08-26,North Kivu,Beni,Beni,Gongolio,Church,Roman Catholic Church,Low,Limited funding,Barriers to Engagement,1,2
850657352,2026-08-26,North Kivu,Beni,Beni,Mabakanga,Church,ECC,High,Limited funding,Barriers to Engagement,1,2
850690706,2026-08-26,North Kivu,Beni,Beni,Mandrandele,Church,ECC,High,Limited funding,Barriers to Engagement,0,2
851141363,2026-08-26,North Kivu,Beni,Beni,Boikene,Church,ECC,High,Limited funding,Barriers to Engagement,0,2
851144057,2026-08-27,North Kivu,Beni,Beni,Malepe,Church,ECC,High,Limited funding,Barriers to Engagement,0,2
851154720,2026-08-27,North Kivu,Beni,Beni,Malepe,Church,ECC,High,Limited funding,Barriers to Engagement,0,2
851221822,2026-08-27,North Kivu,Beni,Beni,Malepe,Church,ECC,High,Limited funding,Barriers to Engagement,0,2
851246506,2026-08-27,North Kivu,Beni,Beni,Malepe,Church,ECC,High,Limited funding,Barriers to Engagement,0,2
851251697,2026-08-27,North Kivu,Beni,Beni,Rwangoma,Church,ECC,Moderate,Limited funding,Barriers to Engagement,0,2
851267049,2026-08-27,North Kivu,Beni,Beni,Butanuka,Denominational school,ECC,High,Limited funding,Barriers to Engagement,1,2
851289789,2026-08-27,North Kivu,Beni,Beni,Butanuka,Denominational organization,ECC,High,Limited funding,Barriers to Engagement,1,2
851322369,2026-08-27,North Kivu,Beni,Beni,Rwangoma,Church,ECC,Moderate,Limited funding,Barriers to Engagement,0,2
852140309,2026-08-28,North Kivu,Butembo,Katwa,Mitoya,Denominational school,ECC,Moderate,Limited funding,Barriers to Engagement,1,2
852167593,2026-08-28,North Kivu,Beni,Beni,Kanzuli,Denominational school,ECC,Low,Limited funding,Barriers to Engagement,1,2
852170534,2026-08-28,North Kivu,Butembo,Katwa,Katwa,Denominational school,ECC,High,Limited funding,Barriers to Engagement,0,2
852209874,2026-08-28,North Kivu,Beni,Beni,Kanzuli,Church,ECC,Moderate,Limited funding,Barriers to Engagement,1,2
852221246,2026-08-28,North Kivu,Beni,Beni,Malepe,Church,ECC,Low,Limited funding,Barriers to Engagement,1,2
852223652,2026-08-28,North Kivu,Butembo,Katwa,Mitoya,Church,ECC,High,Limited funding,Barriers to Engagement,0,2
852306872,2026-08-28,North Kivu,Beni,Beni,Kasabinyole,Church,ECC,Low,Limited funding,Barriers to Engagement,1,2
852311269,2026-08-28,North Kivu,Beni,Beni,Gbadolite,Church,ECC,Moderate,Limited funding,Barriers to Engagement,1,2
852311817,2026-08-28,North Kivu,Beni,Beni,Kanzuli,Church,ECC,Low,Limited funding,Barriers to Engagement,1,2
853058765,2026-08-29,North Kivu,Beni,Beni,Kanzuli,Church,ECC,Low,Limited funding,Barriers to Engagement,0,2
853068833,2026-08-29,North Kivu,Beni,Beni,Kanzuli,Church,ECC,Low,Limited funding,Barriers to Engagement,1,2
853700686,2026-08-30,North Kivu,Butembo,Katwa,Katwa,Denominational school,ECC,Low,Limited funding,Barriers to Engagement,1,2
853885257,2026-08-29,North Kivu,Beni,Beni,Beni,Church,ECC,Moderate,Limited funding,Barriers to Engagement,1,2
854183549,2026-08-14,North Kivu,Beni,Beni,Kasabinyole,Church,ECC,High,Limited funding,Barriers to Engagement,1,2
854192402,2026-08-31,North Kivu,Beni,Beni,Mabolio,Church,ECC,Low,Limited funding,Barriers to Engagement,1,2
854226558,2026-08-31,North Kivu,Lubero,Lubero,Rughenda,Church,ECC,Moderate,Limited funding,Barriers to Engagement,0,2
854295690,2026-08-26,North Kivu,Beni,Beni,Malepe,Church,ECC,Moderate,Limited funding,Barriers to Engagement,1,2
854335472,2026-08-31,North Kivu,Butembo,Katwa,Katwa,Church,ECC,Low,Limited funding,Barriers to Engagement,1,2
854361138,2026-08-31,North Kivu,Beni,Beni,Kanzuli,Church,ECC,Moderate,Limited funding,Barriers to Engagement,1,2
854632904,2026-08-31,North Kivu,Butembo,Katwa,Vuhika,Denominational school,ECC,Moderate,Limited funding,Barriers to Engagement,0,2
857307057,2026-08-30,North Kivu,Butembo,Katwa,Masuli,Faith-based health care facility,ECC,High,Limited funding,Barriers to Engagement,0,2
858859254,2026-09-04,North Kivu,Beni,Beni,Mandrandele,Church,ECC,High,Limited funding,Barriers to Engagement,0,2
859495986,2026-08-31,North Kivu,Beni,Beni,Kasabinyole,Church,ECC,High,Limited funding,Barriers to Engagement,1,2
859495990,2026-08-31,North Kivu,Beni,Beni,Butsili,Church,ECC,High,Limited funding,Barriers to Engagement,1,2
859495993,2026-08-31,North Kivu,Beni,Beni,Butsili,Church,ECC,High,Limited funding,Barriers to Engagement,1,2
862786531,2026-09-09,North Kivu,Beni,Beni,Ngilinga Muloku,Church,ECC,High,Limited funding,Barriers to Engagement,1,2
862801808,2026-09-09,North Kivu,Beni,Beni,Kanzuli,Church,ECC,High,Limited funding,Barriers to Engagement,1,2
862818930,2026-09-09,North Kivu,Beni,Beni,Kanzuli,Church,ECC,Moderate,Limited funding,Barriers to Engagement,0,2
862836160,2026-09-09,North Kivu,Beni,Beni,Kanzuli,Denominational school,ECC,Moderate,Limited funding,Barriers to Engagement,0,2
862888563,2026-09-09,North Kivu,Beni,Beni,Kanzuli Nzuki,Denominational school,ECC,High,Limited funding,Barriers to Engagement,1,2
875869474,2026-09-21,North Kivu,Beni,Beni,Kasanga,Faith-based health care facility,ECC,Moderate,Limited funding,Barriers to Engagement,0,2
876079652,2026-09-23,North Kivu,Beni,Beni,Kasanga,Faith-based health care facility,ECC,Low,Limited funding,Barriers to Engagement,0,2
876920737,2026-09-22,Ituri,Djugu,Mangala,Tchele,Church,Roman Catholic Church,Low,Limited funding,Barriers to Engagement,1,2
876996119,2026-09-24,Ituri,Djugu,Mangala,Tchele,Church,Roman Catholic Church,Low,Limited funding,Barriers to Engagement,1,2
877017789,2026-09-24,Ituri,Djugu,Mangala,Tchele,Church,Roman Catholic Church,Low,Limited funding,Barriers to Engagement,1,2
877029755,2026-09-24,Ituri,Djugu,Mangala,Tchele,Church,Roman Catholic Church,Low,Limited funding,Barriers to Engagement,1,2
877043915,2026-09-24,Ituri,Djugu,Mangala,Tchele,Church,Roman Catholic Church,Low,Limited funding,Barriers to Engagement,1,2
878062446,2026-09-25,Ituri,Djugu,Lita,Mutumbi,Church,ECC,High,Limited funding,Barriers to Engagement,1,2
878062450,2026-09-25,Ituri,Djugu,Lita,Mutumbi,Church,ECC,Low,Limited funding,Barriers to Engagement,1,2
878062460,2026-09-25,Ituri,Djugu,Lita,Mutumbi,Church,ECC,Low,Limited funding,Barriers to Engagement,0,2
878062468,2026-09-25,Ituri,Djugu,Lita,Mutumbi,Church,ECC,High,Limited funding,Barriers to Engagement,0,2
878062475,2026-09-25,Ituri,Djugu,Lita,Mutumbi,Church,ECC,Moderate,Limited funding,Barriers to Engagement,0,2
878771972,2026-09-25,Ituri,Djugu,Mangala,Tchele,Church,Roman Catholic Church,Low,Limited funding,Barriers to Engagement,1,2
878771977,2026-09-26,Ituri,Djugu,Mangala,Tchele,Church,ECC,Low,Limited funding,Barriers to Engagement,1,2
878775076,2026-09-26,Ituri,Djugu,Mangala,Tchele,Church,ECC,Low,Limited funding,Barriers to Engagement,1,2
878784129,2026-09-26,Ituri,Djugu,Mangala,Tchele,Church,Roman Catholic Church,Low,Limited funding,Barriers to Engagement,1,2
878790544,2026-09-26,Ituri,Djugu,Mangala,Tchele,Church,Roman Catholic Church,Low,Limited funding,Barriers to Engagement,1,2
878794554,2026-09-26,Ituri,Djugu,Mangala,Tchele,Church,Roman Catholic Church,Low,Limited funding,Barriers to Engagement,1,2
878860056,2026-09-26,Ituri,Djugu,Mangala,Tchele,Church,Roman Catholic Church,Low,Limited funding,Barriers to Engagement,1,2
878863016,2026-09-26,Ituri,Djugu,Mangala,Tchele,Church,ECC,Low,Limited funding,Barriers to Engagement,1,2
878869824,2026-09-26,Ituri,Djugu,Mangala,Tchele,Church,ECC,Low,Limited funding,Barriers to Engagement,1,2
878896880,2026-09-26,Ituri,Djugu,Mangala,Tchele,Church,ECC,Low,Limited funding,Barriers to Engagement,1,2
878997028,2026-09-26,Ituri,Djugu,Lita,Bahwere,Denominational school,ECC,Low,Limited funding,Barriers to Engagement,0,2
878997035,2026-09-26,Ituri,Djugu,Lita,Bahwere,Denominational school,ECC,Low,Limited funding,Barriers to Engagement,0,2
878997051,2026-09-26,Ituri,Djugu,Lita,Bahwere,Church,ECC,Low,Limited funding,Barriers to Engagement,0,2
878997059,2026-09-26,Ituri,Djugu,Lita,Bahwere,Church,ECC,Moderate,Limited funding,Barriers to Engagement,0,2
878997068,2026-09-26,Ituri,Djugu,Lita,Bahwere,Denominational school,ECC,Moderate,Limited funding,Barriers to Engagement,0,2
878997075,2026-09-26,Ituri,Djugu,Lita,Bahwere,Church,Roman Catholic Church,Moderate,Limited funding,Barriers to Engagement,0,2
878997091,2026-09-26,Ituri,Djugu,Lita,Bahwere,Church,ECC,Moderate,Limited funding,Barriers to Engagement,0,2
878997100,2026-09-26,Ituri,Djugu,Lita,Bahwere,Denominational organization,ECC,Moderate,Limited funding,Barriers to Engagement,0,2
878997108,2026-09-26,Ituri,Djugu,Lita,Bahwere,Church,ECC,Low,Limited funding,Barriers to Engagement,1,2
878997115,2026-09-26,Ituri,Djugu,Lita,Bahwere,Church,ECC,Moderate,Limited funding,Barriers to Engagement,0,2
879117541,2026-09-26,Ituri,Djugu,Mangala,Tchele,Church,ECC,Low,Limited funding,Barriers to Engagement,1,2
879122054,2026-09-26,Ituri,Djugu,Mangala,Tchele,Church,ECC,Low,Limited funding,Barriers to Engagement,1,2
879202178,2026-09-25,Ituri,Djugu,Mangala,Tchele,Church,ECC,Low,Limited funding,Barriers to Engagement,0,2
879365390,2026-09-25,Ituri,Djugu,Mangala,Tchele,Church,ECC,Low,Limited funding,Barriers to Engagement,0,2
879365392,2026-09-25,Ituri,Djugu,Mangala,Tchele,Church,ECC,Low,Limited funding,Barriers to Engagement,0,2
879365398,2026-09-25,Ituri,Djugu,Mangala,Tchele,Church,ECC,Low,Limited funding,Barriers to Engagement,0,2
879365403,2026-09-25,Ituri,Djugu,Mangala,Tchele,Church,ECC,Low,Limited funding,Barriers to Engagement,0,2
879365407,2026-09-26,Ituri,Djugu,Mangala,Tchele,Church,ECC,Low,Limited funding,Barriers to Engagement,1,2
879365412,2026-09-26,Ituri,Djugu,Mangala,Tchele,Church,ECC,Low,Limited funding,Barriers to Engagement,0,2
879365414,2026-09-26,Ituri,Djugu,Mangala,Tchele,Church,ECC,Low,Limited funding,Barriers to Engagement,0,2
879365416,2026-09-26,Ituri,Djugu,Mangala,Tchele,Church,ECC,Low,Limited funding,Barriers to Engagement,1,2
879365422,2026-09-26,Ituri,Djugu,Mangala,Tchele,Church,ECC,Low,Limited funding,Barriers to Engagement,1,2
879365427,2026-09-26,Ituri,Djugu,Mangala,Tchele,Church,ECC,Low,Limited funding,Barriers to Engagement,0,2
879365432,2026-09-26,Ituri,Djugu,Mangala,Tchele,Church,ECC,Low,Limited funding,Barriers to Engagement,0,2
879365444,2026-09-26,Ituri,Djugu,Mangala,Tcy,Church,ECC,Low,Limited funding,Barriers to Engagement,0,2
879365450,2026-09-26,Ituri,Djugu,Mangala,Tchele,Church,ECC,Low,Limited funding,Barriers to Engagement,0,2
879365457,2026-09-26,Ituri,Djugu,Mangala,Tchele,Church,ECC,Low,Limited funding,Barriers to Engagement,0,2
879365462,2026-09-26,Ituri,Djugu,Mangala,Tchele,Church,ECC,Low,Limited funding,Barriers to Engagement,0,2
879365465,2026-09-26,Ituri,Djugu,Mangala,Tchele,Church,ECC,Low,Limited funding,Barriers to Engagement,0,2
879365468,2026-09-26,Ituri,Djugu,Mangala,Tchele,Church,ECC,Low,Limited funding,Barriers to Engagement,0,2
879365474,2026-09-26,Ituri,Djugu,Mangala,Tchele,Church,ECC,Low,Limited funding,Barriers to Engagement,0,2
879365478,2026-09-26,Ituri,Djugu,Mangala,Tchele,Church,ECC,Low,Limited funding,Barriers to Engagement,0,2
879552531,2026-09-27,Ituri,Djugu,Mangala,Tchele,Church,ECC,Low,Limited funding,Barriers to Engagement,1,2
879554947,2026-09-27,Ituri,Djugu,Mangala,Tchele,Church,ECC,Low,Limited funding,Barriers to Engagement,1,2
879635788,2026-09-27,Ituri,Djugu,Lita,Mutumbi,Faith-based health care facility,Roman Catholic Church,High,Limited funding,Barriers to Engagement,1,2
879635794,2026-09-27,Ituri,Djugu,Lita,Mutumbi,Church,Roman Catholic Church,Moderate,Limited funding,Barriers to Engagement,0,2
879635804,2026-09-27,Ituri,Djugu,Lita,Mutumbi,Church,ECC,High,Limited funding,Barriers to Engagement,1,2
879635814,2026-09-27,Ituri,Djugu,Lita,Mutumbi,Church,Roman Catholic Church,Moderate,Limited funding,Barriers to Engagement,0,2
879635826,2026-09-27,Ituri,Djugu,Lita,Mutumbi,Denominational school,ECC,Moderate,Limited funding,Barriers to Engagement,0,2
879685393,2026-09-23,Ituri,Djugu,Lita,Katoto,Faith-based health care facility,ECC,Low,Limited funding,Barriers to Engagement,1,2
879685396,2026-09-24,Ituri,Djugu,Lita,Katoto,Church,ECC,High,Limited funding,Barriers to Engagement,0,2
879685410,2026-09-25,Ituri,Djugu,Lita,Katoto,Church,ECC,Low,Limited funding,Barriers to Engagement,1,2
879685425,2026-09-25,Ituri,Djugu,Lita,Katoto,Church,ECC,Moderate,Limited funding,Barriers to Engagement,1,2
879685439,2026-09-25,Ituri,Djugu,Lita,Katoto,Church,ECC,High,Limited funding,Barriers to Engagement,0,2
879685455,2026-09-25,Ituri,Djugu,Lita,Katoto,Church,Roman Catholic Church,Low,Limited funding,Barriers to Engagement,0,2
879685474,2026-09-26,Ituri,Djugu,Lita,Katoto,Church,ECC,High,Limited funding,Barriers to Engagement,0,2
879685485,2026-09-26,Ituri,Djugu,Lita,Katoto,Church,Roman Catholic Church,Moderate,Limited funding,Barriers to Engagement,1,2
879685494,2026-09-26,Ituri,Djugu,Lita,Katoto,Church,Roman Catholic Church,Moderate,Limited funding,Barriers to Engagement,1,2
879685509,2026-09-27,Ituri,Djugu,Lita,Katoto,Church,ECC,Low,Limited funding,Barriers to Engagement,0,2
879685519,2026-09-27,Ituri,Djugu,Lita,Katoto,Church,ECC,Low,Limited funding,Barriers to Engagement,0,2
879685625,2026-09-27,Ituri,Djugu,Lita,Katoto,Church,ECC,Low,Limited funding,Barriers to Engagement,0,2
879685659,2026-09-27,Ituri,Djugu,Lita,Katoto,Church,ECC,Low,Limited funding,Barriers to Engagement,0,2
879685672,2026-09-27,Ituri,Djugu,Lita,Katoto,Church,Roman Catholic Church,Low,Limited funding,Barriers to Engagement,0,2
879685682,2026-09-27,Ituri,Djugu,Lita,Katoto,Church,Roman Catholic Church,High,Limited funding,Barriers to Engagement,0,2
879685686,2026-09-27,Ituri,Djugu,Lita,Katoto,Church,Roman Catholic Church,Low,Limited funding,Barriers to Engagement,0,2
879686019,2026-09-27,Ituri,Djugu,Lita,Katoto,Church,ECC,Low,Limited funding,Barriers to Engagement,1,2
879686043,2026-09-27,Ituri,Djugu,Lita,Katoto,Church,ECC,Moderate,Limited funding,Barriers to Engagement,1,2
879686056,2026-09-27,Ituri,Djugu,Lita,Katoto,Church,ECC,Moderate,Limited funding,Barriers to Engagement,0,2
879686066,2026-09-27,Ituri,Djugu,Lita,Katoto,Church,ECC,Low,Limited funding,Barriers to Engagement,0,2
841199154,2026-08-16,North Kivu,Beni,Beni,Kanzuli,Church,ECC,Moderate,Misinformation,Barriers to Engagement,1,3
841548610,2026-08-17,North Kivu,Beni,Beni,Kanzuli,Church,ECC,Low,Misinformation,Barriers to Engagement,1,3
842785213,2026-08-18,North Kivu,Beni,Beni,Kanzuli,Church,ECC,Moderate,Misinformation,Barriers to Engagement,1,3
843341124,2026-08-18,North Kivu,Beni,Beni,Ngongolio,Church,ECC,High,Misinformation,Barriers to Engagement,1,3
843348882,2026-08-18,North Kivu,Beni,Beni,Ngongolio,Church,ECC,High,Misinformation,Barriers to Engagement,1,3
843365757,2026-08-18,North Kivu,Beni,Beni,Tamende,Church,ECC,High,Misinformation,Barriers to Engagement,1,3
843369063,2026-08-18,North Kivu,Beni,Beni,Ngongolio,Church,ECC,High,Misinformation,Barriers to Engagement,1,3
843770142,2026-08-19,North Kivu,Beni,Beni,Boikene,Church,ECC,High,Misinformation,Barriers to Engagement,0,3
843828499,2026-08-18,North Kivu,Beni,Beni,Tamende,Church,ECC,Low,Misinformation,Barriers to Engagement,0,3
843841750,2026-08-19,North Kivu,Beni,Beni,Tamende,Church,Roman Catholic Church,Moderate,Misinformation,Barriers to Engagement,1,3
843887195,2026-08-19,North Kivu,Beni,Beni,Boikene,Denominational school,ECC,Moderate,Misinformation,Barriers to Engagement,0,3
843917903,2026-08-19,North Kivu,Beni,Beni,Boikene,Church,ECC,High,Misinformation,Barriers to Engagement,0,3
843940314,2026-08-19,North Kivu,Beni,Beni,Boikene,Church,ECC,High,Misinformation,Barriers to Engagement,0,3
843992799,2026-08-19,North Kivu,Beni,Beni,Boikene,Church,ECC,High,Misinformation,Barriers to Engagement,0,3
844181691,2026-08-19,North Kivu,Beni,Beni,Boikene,Church,ECC,High,Misinformation,Barriers to Engagement,0,3
845990019,2026-08-21,North Kivu,Beni,Beni,Mabakanga,Faith-based health care facility,ECC,Moderate,Misinformation,Barriers to Engagement,1,3
846487418,2026-08-21,North Kivu,Beni,Beni,Kanzuli,Church,ECC,High,Misinformation,Barriers to Engagement,0,3
846728240,2026-08-22,North Kivu,Beni,Beni,Boikene,Church,ECC,Moderate,Misinformation,Barriers to Engagement,0,3
846742619,2026-08-22,North Kivu,Beni,Beni,Boikene,Church,ECC,Moderate,Misinformation,Barriers to Engagement,0,3
846748689,2026-08-22,North Kivu,Beni,Beni,Boikene,Denominational school,ECC,High,Misinformation,Barriers to Engagement,0,3
847057490,2026-08-22,North Kivu,Beni,Beni,Mandrandele,Church,ECC,High,Misinformation,Barriers to Engagement,0,3
847069287,2026-08-22,North Kivu,Beni,Beni,Mandrandele,Church,ECC,High,Misinformation,Barriers to Engagement,1,3
847082157,2026-08-22,North Kivu,Beni,Beni,Mandrandele,Church,ECC,High,Misinformation,Barriers to Engagement,0,3
847268921,2026-08-23,North Kivu,Beni,Beni,Kasabinyole,Church,ECC,Low,Misinformation,Barriers to Engagement,1,3
847273941,2026-08-23,North Kivu,Beni,Beni,Kasabinyole,Church,ECC,Low,Misinformation,Barriers to Engagement,1,3
847285482,2026-08-23,North Kivu,Beni,Beni,Tuungane,Church,ECC,Low,Misinformation,Barriers to Engagement,1,3
847289604,2026-08-23,North Kivu,Beni,Beni,Tuungane,Denominational school,ECC,Low,Misinformation,Barriers to Engagement,0,3
847293655,2026-08-23,North Kivu,Beni,Beni,Tuungane,Denominational school,ECC,Low,Misinformation,Barriers to Engagement,1,3
847297827,2026-08-23,North Kivu,Beni,Beni,Tuungane,Church,ECC,Low,Misinformation,Barriers to Engagement,0,3
847302416,2026-08-23,North Kivu,Beni,Beni,Tuungane,Church,ECC,Low,Misinformation,Barriers to Engagement,1,3
847307012,2026-08-23,North Kivu,Beni,Beni,Anglicane,Denominational school,ECC,Low,Misinformation,Barriers to Engagement,0,3
847311861,2026-08-23,North Kivu,Beni,Beni,Anglicane,Church,ECC,Low,Misinformation,Barriers to Engagement,1,3
847586408,2026-08-23,North Kivu,Beni,Beni,Kuka,Church,ECC,Moderate,Misinformation,Barriers to Engagement,0,3
847600556,2026-08-23,North Kivu,Beni,Beni,Kuka,Church,ECC,High,Misinformation,Barriers to Engagement,0,3
847610633,2026-08-23,North Kivu,Beni,Beni,Kuka,Church,ECC,High,Misinformation,Barriers to Engagement,0,3
847862794,2026-08-14,North Kivu,Beni,Beni,Malepe,Church,ECC,High,Misinformation,Barriers to Engagement,1,3
849046030,2026-08-25,North Kivu,Beni,Beni,Ngongolio,Church,ECC,High,Misinformation,Barriers to Engagement,1,3
850045824,2026-08-26,North Kivu,Beni,Beni,Mangothe,Church,ECC,Moderate,Misinformation,Barriers to Engagement,0,3
850145543,2026-08-24,North Kivu,Beni,Beni,Malepe,Church,ECC,High,Misinformation,Barriers to Engagement,1,3
850180468,2026-08-26,North Kivu,Beni,Beni,Butanuka,Church,ECC,High,Misinformation,Barriers to Engagement,1,3
850508336,2026-08-26,North Kivu,Beni,Beni,Mabakanga,Faith-based health care facility,ECC,Low,Misinformation,Barriers to Engagement,1,3
850633361,2026-08-26,North Kivu,Beni,Beni,Tamende,Church,ECC,Low,Misinformation,Barriers to Engagement,1,3
850649059,2026-08-26,North Kivu,Beni,Beni,Mabakanga,Church,ECC,Moderate,Misinformation,Barriers to Engagement,0,3
850652676,2026-08-26,North Kivu,Beni,Beni,Gongolio,Church,Roman Catholic Church,Low,Misinformation,Barriers to Engagement,0,3
850657352,2026-08-26,North Kivu,Beni,Beni,Mabakanga,Church,ECC,High,Misinformation,Barriers to Engagement,0,3
850690706,2026-08-26,North Kivu,Beni,Beni,Mandrandele,Church,ECC,High,Misinformation,Barriers to Engagement,0,3
851141363,2026-08-26,North Kivu,Beni,Beni,Boikene,Church,ECC,High,Misinformation,Barriers to Engagement,0,3
851144057,2026-08-27,North Kivu,Beni,Beni,Malepe,Church,ECC,High,Misinformation,Barriers to Engagement,1,3
851154720,2026-08-27,North Kivu,Beni,Beni,Malepe,Church,ECC,High,Misinformation,Barriers to Engagement,0,3
851221822,2026-08-27,North Kivu,Beni,Beni,Malepe,Church,ECC,High,Misinformation,Barriers to Engagement,0,3
851246506,2026-08-27,North Kivu,Beni,Beni,Malepe,Church,ECC,High,Misinformation,Barriers to Engagement,0,3
851251697,2026-08-27,North Kivu,Beni,Beni,Rwangoma,Church,ECC,Moderate,Misinformation,Barriers to Engagement,1,3
851267049,2026-08-27,North Kivu,Beni,Beni,Butanuka,Denominational school,ECC,High,Misinformation,Barriers to Engagement,0,3
851289789,2026-08-27,North Kivu,Beni,Beni,Butanuka,Denominational organization,ECC,High,Misinformation,Barriers to Engagement,0,3
851322369,2026-08-27,North Kivu,Beni,Beni,Rwangoma,Church,ECC,Moderate,Misinformation,Barriers to Engagement,0,3
852140309,2026-08-28,North Kivu,Butembo,Katwa,Mitoya,Denominational school,ECC,Moderate,Misinformation,Barriers to Engagement,0,3
852167593,2026-08-28,North Kivu,Beni,Beni,Kanzuli,Denominational school,ECC,Low,Misinformation,Barriers to Engagement,1,3
852170534,2026-08-28,North Kivu,Butembo,Katwa,Katwa,Denominational school,ECC,High,Misinformation,Barriers to Engagement,0,3
852209874,2026-08-28,North Kivu,Beni,Beni,Kanzuli,Church,ECC,Moderate,Misinformation,Barriers to Engagement,1,3
852221246,2026-08-28,North Kivu,Beni,Beni,Malepe,Church,ECC,Low,Misinformation,Barriers to Engagement,1,3
852223652,2026-08-28,North Kivu,Butembo,Katwa,Mitoya,Church,ECC,High,Misinformation,Barriers to Engagement,1,3
852306872,2026-08-28,North Kivu,Beni,Beni,Kasabinyole,Church,ECC,Low,Misinformation,Barriers to Engagement,1,3
852311269,2026-08-28,North Kivu,Beni,Beni,Gbadolite,Church,ECC,Moderate,Misinformation,Barriers to Engagement,1,3
852311817,2026-08-28,North Kivu,Beni,Beni,Kanzuli,Church,ECC,Low,Misinformation,Barriers to Engagement,1,3
853058765,2026-08-29,North Kivu,Beni,Beni,Kanzuli,Church,ECC,Low,Misinformation,Barriers to Engagement,1,3
853068833,2026-08-29,North Kivu,Beni,Beni,Kanzuli,Church,ECC,Low,Misinformation,Barriers to Engagement,1,3
853700686,2026-08-30,North Kivu,Butembo,Katwa,Katwa,Denominational school,ECC,Low,Misinformation,Barriers to Engagement,0,3
853885257,2026-08-29,North Kivu,Beni,Beni,Beni,Church,ECC,Moderate,Misinformation,Barriers to Engagement,1,3
854183549,2026-08-14,North Kivu,Beni,Beni,Kasabinyole,Church,ECC,High,Misinformation,Barriers to Engagement,1,3
854192402,2026-08-31,North Kivu,Beni,Beni,Mabolio,Church,ECC,Low,Misinformation,Barriers to Engagement,1,3
854226558,2026-08-31,North Kivu,Lubero,Lubero,Rughenda,Church,ECC,Moderate,Misinformation,Barriers to Engagement,0,3
854295690,2026-08-26,North Kivu,Beni,Beni,Malepe,Church,ECC,Moderate,Misinformation,Barriers to Engagement,1,3
854335472,2026-08-31,North Kivu,Butembo,Katwa,Katwa,Church,ECC,Low,Misinformation,Barriers to Engagement,0,3
854361138,2026-08-31,North Kivu,Beni,Beni,Kanzuli,Church,ECC,Moderate,Misinformation,Barriers to Engagement,1,3
854632904,2026-08-31,North Kivu,Butembo,Katwa,Vuhika,Denominational school,ECC,Moderate,Misinformation,Barriers to Engagement,0,3
857307057,2026-08-30,North Kivu,Butembo,Katwa,Masuli,Faith-based health care facility,ECC,High,Misinformation,Barriers to Engagement,0,3
858859254,2026-09-04,North Kivu,Beni,Beni,Mandrandele,Church,ECC,High,Misinformation,Barriers to Engagement,0,3
859495986,2026-08-31,North Kivu,Beni,Beni,Kasabinyole,Church,ECC,High,Misinformation,Barriers to Engagement,1,3
859495990,2026-08-31,North Kivu,Beni,Beni,Butsili,Church,ECC,High,Misinformation,Barriers to Engagement,1,3
859495993,2026-08-31,North Kivu,Beni,Beni,Butsili,Church,ECC,High,Misinformation,Barriers to Engagement,1,3
862786531,2026-09-09,North Kivu,Beni,Beni,Ngilinga Muloku,Church,ECC,High,Misinformation,Barriers to Engagement,0,3
862801808,2026-09-09,North Kivu,Beni,Beni,Kanzuli,Church,ECC,High,Misinformation,Barriers to Engagement,0,3
862818930,2026-09-09,North Kivu,Beni,Beni,Kanzuli,Church,ECC,Moderate,Misinformation,Barriers to Engagement,0,3
862836160,2026-09-09,North Kivu,Beni,Beni,Kanzuli,Denominational school,ECC,Moderate,Misinformation,Barriers to Engagement,0,3
862888563,2026-09-09,North Kivu,Beni,Beni,Kanzuli Nzuki,Denominational school,ECC,High,Misinformation,Barriers to Engagement,0,3
875869474,2026-09-21,North Kivu,Beni,Beni,Kasanga,Faith-based health care facility,ECC,Moderate,Misinformation,Barriers to Engagement,0,3
876079652,2026-09-23,North Kivu,Beni,Beni,Kasanga,Faith-based health care facility,ECC,Low,Misinformation,Barriers to Engagement,0,3
876920737,2026-09-22,Ituri,Djugu,Mangala,Tchele,Church,Roman Catholic Church,Low,Misinformation,Barriers to Engagement,0,3
876996119,2026-09-24,Ituri,Djugu,Mangala,Tchele,Church,Roman Catholic Church,Low,Misinformation,Barriers to Engagement,0,3
877017789,2026-09-24,Ituri,Djugu,Mangala,Tchele,Church,Roman Catholic Church,Low,Misinformation,Barriers to Engagement,0,3
877029755,2026-09-24,Ituri,Djugu,Mangala,Tchele,Church,Roman Catholic Church,Low,Misinformation,Barriers to Engagement,0,3
877043915,2026-09-24,Ituri,Djugu,Mangala,Tchele,Church,Roman Catholic Church,Low,Misinformation,Barriers to Engagement,0,3
878062446,2026-09-25,Ituri,Djugu,Lita,Mutumbi,Church,ECC,High,Misinformation,Barriers to Engagement,0,3
878062450,2026-09-25,Ituri,Djugu,Lita,Mutumbi,Church,ECC,Low,Misinformation,Barriers to Engagement,1,3
878062460,2026-09-25,Ituri,Djugu,Lita,Mutumbi,Church,ECC,Low,Misinformation,Barriers to Engagement,0,3
878062468,2026-09-25,Ituri,Djugu,Lita,Mutumbi,Church,ECC,High,Misinformation,Barriers to Engagement,0,3
878062475,2026-09-25,Ituri,Djugu,Lita,Mutumbi,Church,ECC,Moderate,Misinformation,Barriers to Engagement,0,3
878771972,2026-09-25,Ituri,Djugu,Mangala,Tchele,Church,Roman Catholic Church,Low,Misinformation,Barriers to Engagement,0,3
878771977,2026-09-26,Ituri,Djugu,Mangala,Tchele,Church,ECC,Low,Misinformation,Barriers to Engagement,0,3
878775076,2026-09-26,Ituri,Djugu,Mangala,Tchele,Church,ECC,Low,Misinformation,Barriers to Engagement,0,3
878784129,2026-09-26,Ituri,Djugu,Mangala,Tchele,Church,Roman Catholic Church,Low,Misinformation,Barriers to Engagement,0,3
878790544,2026-09-26,Ituri,Djugu,Mangala,Tchele,Church,Roman Catholic Church,Low,Misinformation,Barriers to Engagement,0,3
878794554,2026-09-26,Ituri,Djugu,Mangala,Tchele,Church,Roman Catholic Church,Low,Misinformation,Barriers to Engagement,0,3
878860056,2026-09-26,Ituri,Djugu,Mangala,Tchele,Church,Roman Catholic Church,Low,Misinformation,Barriers to Engagement,1,3
878863016,2026-09-26,Ituri,Djugu,Mangala,Tchele,Church,ECC,Low,Misinformation,Barriers to Engagement,1,3
878869824,2026-09-26,Ituri,Djugu,Mangala,Tchele,Church,ECC,Low,Misinformation,Barriers to Engagement,1,3
878896880,2026-09-26,Ituri,Djugu,Mangala,Tchele,Church,ECC,Low,Misinformation,Barriers to Engagement,0,3
878997028,2026-09-26,Ituri,Djugu,Lita,Bahwere,Denominational school,ECC,Low,Misinformation,Barriers to Engagement,0,3
878997035,2026-09-26,Ituri,Djugu,Lita,Bahwere,Denominational school,ECC,Low,Misinformation,Barriers to Engagement,0,3
878997051,2026-09-26,Ituri,Djugu,Lita,Bahwere,Church,ECC,Low,Misinformation,Barriers to Engagement,0,3
878997059,2026-09-26,Ituri,Djugu,Lita,Bahwere,Church,ECC,Moderate,Misinformation,Barriers to Engagement,0,3
878997068,2026-09-26,Ituri,Djugu,Lita,Bahwere,Denominational school,ECC,Moderate,Misinformation,Barriers to Engagement,0,3
878997075,2026-09-26,Ituri,Djugu,Lita,Bahwere,Church,Roman Catholic Church,Moderate,Misinformation,Barriers to Engagement,0,3
878997091,2026-09-26,Ituri,Djugu,Lita,Bahwere,Church,ECC,Moderate,Misinformation,Barriers to Engagement,1,3
878997100,2026-09-26,Ituri,Djugu,Lita,Bahwere,Denominational organization,ECC,Moderate,Misinformation,Barriers to Engagement,0,3
878997108,2026-09-26,Ituri,Djugu,Lita,Bahwere,Church,ECC,Low,Misinformation,Barriers to Engagement,1,3
878997115,2026-09-26,Ituri,Djugu,Lita,Bahwere,Church,ECC,Moderate,Misinformation,Barriers to Engagement,0,3
879117541,2026-09-26,Ituri,Djugu,Mangala,Tchele,Church,ECC,Low,Misinformation,Barriers to Engagement,1,3
879122054,2026-09-26,Ituri,Djugu,Mangala,Tchele,Church,ECC,Low,Misinformation,Barriers to Engagement,1,3
879202178,2026-09-25,Ituri,Djugu,Mangala,Tchele,Church,ECC,Low,Misinformation,Barriers to Engagement,1,3
879365390,2026-09-25,Ituri,Djugu,Mangala,Tchele,Church,ECC,Low,Misinformation,Barriers to Engagement,1,3
879365392,2026-09-25,Ituri,Djugu,Mangala,Tchele,Church,ECC,Low,Misinformation,Barriers to Engagement,1,3
879365398,2026-09-25,Ituri,Djugu,Mangala,Tchele,Church,ECC,Low,Misinformation,Barriers to Engagement,0,3
879365403,2026-09-25,Ituri,Djugu,Mangala,Tchele,Church,ECC,Low,Misinformation,Barriers to Engagement,0,3
879365407,2026-09-26,Ituri,Djugu,Mangala,Tchele,Church,ECC,Low,Misinformation,Barriers to Engagement,1,3
879365412,2026-09-26,Ituri,Djugu,Mangala,Tchele,Church,ECC,Low,Misinformation,Barriers to Engagement,1,3
879365414,2026-09-26,Ituri,Djugu,Mangala,Tchele,Church,ECC,Low,Misinformation,Barriers to Engagement,1,3
879365416,2026-09-26,Ituri,Djugu,Mangala,Tchele,Church,ECC,Low,Misinformation,Barriers to Engagement,1,3
879365422,2026-09-26,Ituri,Djugu,Mangala,Tchele,Church,ECC,Low,Misinformation,Barriers to Engagement,1,3
879365427,2026-09-26,Ituri,Djugu,Mangala,Tchele,Church,ECC,Low,Misinformation,Barriers to Engagement,1,3
879365432,2026-09-26,Ituri,Djugu,Mangala,Tchele,Church,ECC,Low,Misinformation,Barriers to Engagement,0,3
879365444,2026-09-26,Ituri,Djugu,Mangala,Tcy,Church,ECC,Low,Misinformation,Barriers to Engagement,0,3
879365450,2026-09-26,Ituri,Djugu,Mangala,Tchele,Church,ECC,Low,Misinformation,Barriers to Engagement,0,3
879365457,2026-09-26,Ituri,Djugu,Mangala,Tchele,Church,ECC,Low,Misinformation,Barriers to Engagement,0,3
879365462,2026-09-26,Ituri,Djugu,Mangala,Tchele,Church,ECC,Low,Misinformation,Barriers to Engagement,0,3
879365465,2026-09-26,Ituri,Djugu,Mangala,Tchele,Church,ECC,Low,Misinformation,Barriers to Engagement,0,3
879365468,2026-09-26,Ituri,Djugu,Mangala,Tchele,Church,ECC,Low,Misinformation,Barriers to Engagement,1,3
879365474,2026-09-26,Ituri,Djugu,Mangala,Tchele,Church,ECC,Low,Misinformation,Barriers to Engagement,0,3
879365478,2026-09-26,Ituri,Djugu,Mangala,Tchele,Church,ECC,Low,Misinformation,Barriers to Engagement,1,3
879552531,2026-09-27,Ituri,Djugu,Mangala,Tchele,Church,ECC,Low,Misinformation,Barriers to Engagement,1,3
879554947,2026-09-27,Ituri,Djugu,Mangala,Tchele,Church,ECC,Low,Misinformation,Barriers to Engagement,0,3
879635788,2026-09-27,Ituri,Djugu,Lita,Mutumbi,Faith-based health care facility,Roman Catholic Church,High,Misinformation,Barriers to Engagement,0,3
879635794,2026-09-27,Ituri,Djugu,Lita,Mutumbi,Church,Roman Catholic Church,Moderate,Misinformation,Barriers to Engagement,0,3
879635804,2026-09-27,Ituri,Djugu,Lita,Mutumbi,Church,ECC,High,Misinformation,Barriers to Engagement,1,3
879635814,2026-09-27,Ituri,Djugu,Lita,Mutumbi,Church,Roman Catholic Church,Moderate,Misinformation,Barriers to Engagement,0,3
879635826,2026-09-27,Ituri,Djugu,Lita,Mutumbi,Denominational school,ECC,Moderate,Misinformation,Barriers to Engagement,0,3
879685393,2026-09-23,Ituri,Djugu,Lita,Katoto,Faith-based health care facility,ECC,Low,Misinformation,Barriers to Engagement,1,3
879685396,2026-09-24,Ituri,Djugu,Lita,Katoto,Church,ECC,High,Misinformation,Barriers to Engagement,0,3
879685410,2026-09-25,Ituri,Djugu,Lita,Katoto,Church,ECC,Low,Misinformation,Barriers to Engagement,1,3
879685425,2026-09-25,Ituri,Djugu,Lita,Katoto,Church,ECC,Moderate,Misinformation,Barriers to Engagement,1,3
879685439,2026-09-25,Ituri,Djugu,Lita,Katoto,Church,ECC,High,Misinformation,Barriers to Engagement,0,3
879685455,2026-09-25,Ituri,Djugu,Lita,Katoto,Church,Roman Catholic Church,Low,Misinformation,Barriers to Engagement,0,3
879685474,2026-09-26,Ituri,Djugu,Lita,Katoto,Church,ECC,High,Misinformation,Barriers to Engagement,0,3
879685485,2026-09-26,Ituri,Djugu,Lita,Katoto,Church,Roman Catholic Church,Moderate,Misinformation,Barriers to Engagement,1,3
879685494,2026-09-26,Ituri,Djugu,Lita,Katoto,Church,Roman Catholic Church,Moderate,Misinformation,Barriers to Engagement,1,3
879685509,2026-09-27,Ituri,Djugu,Lita,Katoto,Church,ECC,Low,Misinformation,Barriers to Engagement,0,3
879685519,2026-09-27,Ituri,Djugu,Lita,Katoto,Church,ECC,Low,Misinformation,Barriers to Engagement,0,3
879685625,2026-09-27,Ituri,Djugu,Lita,Katoto,Church,ECC,Low,Misinformation,Barriers to Engagement,0,3
879685659,2026-09-27,Ituri,Djugu,Lita,Katoto,Church,ECC,Low,Misinformation,Barriers to Engagement,0,3
879685672,2026-09-27,Ituri,Djugu,Lita,Katoto,Church,Roman Catholic Church,Low,Misinformation,Barriers to Engagement,0,3
879685682,2026-09-27,Ituri,Djugu,Lita,Katoto,Church,Roman Catholic Church,High,Misinformation,Barriers to Engagement,0,3
879685686,2026-09-27,Ituri,Djugu,Lita,Katoto,Church,Roman Catholic Church,Low,Misinformation,Barriers to Engagement,0,3
879686019,2026-09-27,Ituri,Djugu,Lita,Katoto,Church,ECC,Low,Misinformation,Barriers to Engagement,0,3
879686043,2026-09-27,Ituri,Djugu,Lita,Katoto,Church,ECC,Moderate,Misinformation,Barriers to Engagement,0,3
879686056,2026-09-27,Ituri,Djugu,Lita,Katoto,Church,ECC,Moderate,Misinformation,Barriers to Engagement,0,3
879686066,2026-09-27,Ituri,Djugu,Lita,Katoto,Church,ECC,Low,Misinformation,Barriers to Engagement,0,3
841199154,2026-08-16,North Kivu,Beni,Beni,Kanzuli,Church,ECC,Moderate,Lack of PPE,Barriers to Engagement,0,4
841548610,2026-08-17,North Kivu,Beni,Beni,Kanzuli,Church,ECC,Low,Lack of PPE,Barriers to Engagement,0,4
842785213,2026-08-18,North Kivu,Beni,Beni,Kanzuli,Church,ECC,Moderate,Lack of PPE,Barriers to Engagement,0,4
843341124,2026-08-18,North Kivu,Beni,Beni,Ngongolio,Church,ECC,High,Lack of PPE,Barriers to Engagement,0,4
843348882,2026-08-18,North Kivu,Beni,Beni,Ngongolio,Church,ECC,High,Lack of PPE,Barriers to Engagement,0,4
843365757,2026-08-18,North Kivu,Beni,Beni,Tamende,Church,ECC,High,Lack of PPE,Barriers to Engagement,0,4
843369063,2026-08-18,North Kivu,Beni,Beni,Ngongolio,Church,ECC,High,Lack of PPE,Barriers to Engagement,0,4
843770142,2026-08-19,North Kivu,Beni,Beni,Boikene,Church,ECC,High,Lack of PPE,Barriers to Engagement,0,4
843828499,2026-08-18,North Kivu,Beni,Beni,Tamende,Church,ECC,Low,Lack of PPE,Barriers to Engagement,0,4
843841750,2026-08-19,North Kivu,Beni,Beni,Tamende,Church,Roman Catholic Church,Moderate,Lack of PPE,Barriers to Engagement,0,4
843887195,2026-08-19,North Kivu,Beni,Beni,Boikene,Denominational school,ECC,Moderate,Lack of PPE,Barriers to Engagement,1,4
843917903,2026-08-19,North Kivu,Beni,Beni,Boikene,Church,ECC,High,Lack of PPE,Barriers to Engagement,1,4
843940314,2026-08-19,North Kivu,Beni,Beni,Boikene,Church,ECC,High,Lack of PPE,Barriers to Engagement,0,4
843992799,2026-08-19,North Kivu,Beni,Beni,Boikene,Church,ECC,High,Lack of PPE,Barriers to Engagement,1,4
844181691,2026-08-19,North Kivu,Beni,Beni,Boikene,Church,ECC,High,Lack of PPE,Barriers to Engagement,0,4
845990019,2026-08-21,North Kivu,Beni,Beni,Mabakanga,Faith-based health care facility,ECC,Moderate,Lack of PPE,Barriers to Engagement,0,4
846487418,2026-08-21,North Kivu,Beni,Beni,Kanzuli,Church,ECC,High,Lack of PPE,Barriers to Engagement,0,4
846728240,2026-08-22,North Kivu,Beni,Beni,Boikene,Church,ECC,Moderate,Lack of PPE,Barriers to Engagement,0,4
846742619,2026-08-22,North Kivu,Beni,Beni,Boikene,Church,ECC,Moderate,Lack of PPE,Barriers to Engagement,0,4
846748689,2026-08-22,North Kivu,Beni,Beni,Boikene,Denominational school,ECC,High,Lack of PPE,Barriers to Engagement,1,4
847057490,2026-08-22,North Kivu,Beni,Beni,Mandrandele,Church,ECC,High,Lack of PPE,Barriers to Engagement,0,4
847069287,2026-08-22,North Kivu,Beni,Beni,Mandrandele,Church,ECC,High,Lack of PPE,Barriers to Engagement,0,4
847082157,2026-08-22,North Kivu,Beni,Beni,Mandrandele,Church,ECC,High,Lack of PPE,Barriers to Engagement,1,4
847268921,2026-08-23,North Kivu,Beni,Beni,Kasabinyole,Church,ECC,Low,Lack of PPE,Barriers to Engagement,1,4
847273941,2026-08-23,North Kivu,Beni,Beni,Kasabinyole,Church,ECC,Low,Lack of PPE,Barriers to Engagement,0,4
847285482,2026-08-23,North Kivu,Beni,Beni,Tuungane,Church,ECC,Low,Lack of PPE,Barriers to Engagement,1,4
847289604,2026-08-23,North Kivu,Beni,Beni,Tuungane,Denominational school,ECC,Low,Lack of PPE,Barriers to Engagement,1,4
847293655,2026-08-23,North Kivu,Beni,Beni,Tuungane,Denominational school,ECC,Low,Lack of PPE,Barriers to Engagement,1,4
847297827,2026-08-23,North Kivu,Beni,Beni,Tuungane,Church,ECC,Low,Lack of PPE,Barriers to Engagement,1,4
847302416,2026-08-23,North Kivu,Beni,Beni,Tuungane,Church,ECC,Low,Lack of PPE,Barriers to Engagement,0,4
847307012,2026-08-23,North Kivu,Beni,Beni,Anglicane,Denominational school,ECC,Low,Lack of PPE,Barriers to Engagement,1,4
847311861,2026-08-23,North Kivu,Beni,Beni,Anglicane,Church,ECC,Low,Lack of PPE,Barriers to Engagement,1,4
847586408,2026-08-23,North Kivu,Beni,Beni,Kuka,Church,ECC,Moderate,Lack of PPE,Barriers to Engagement,1,4
847600556,2026-08-23,North Kivu,Beni,Beni,Kuka,Church,ECC,High,Lack of PPE,Barriers to Engagement,1,4
847610633,2026-08-23,North Kivu,Beni,Beni,Kuka,Church,ECC,High,Lack of PPE,Barriers to Engagement,1,4
847862794,2026-08-14,North Kivu,Beni,Beni,Malepe,Church,ECC,High,Lack of PPE,Barriers to Engagement,1,4
849046030,2026-08-25,North Kivu,Beni,Beni,Ngongolio,Church,ECC,High,Lack of PPE,Barriers to Engagement,0,4
850045824,2026-08-26,North Kivu,Beni,Beni,Mangothe,Church,ECC,Moderate,Lack of PPE,Barriers to Engagement,1,4
850145543,2026-08-24,North Kivu,Beni,Beni,Malepe,Church,ECC,High,Lack of PPE,Barriers to Engagement,0,4
850180468,2026-08-26,North Kivu,Beni,Beni,Butanuka,Church,ECC,High,Lack of PPE,Barriers to Engagement,0,4
850508336,2026-08-26,North Kivu,Beni,Beni,Mabakanga,Faith-based health care facility,ECC,Low,Lack of PPE,Barriers to Engagement,1,4
850633361,2026-08-26,North Kivu,Beni,Beni,Tamende,Church,ECC,Low,Lack of PPE,Barriers to Engagement,0,4
850649059,2026-08-26,North Kivu,Beni,Beni,Mabakanga,Church,ECC,Moderate,Lack of PPE,Barriers to Engagement,1,4
850652676,2026-08-26,North Kivu,Beni,Beni,Gongolio,Church,Roman Catholic Church,Low,Lack of PPE,Barriers to Engagement,0,4
850657352,2026-08-26,North Kivu,Beni,Beni,Mabakanga,Church,ECC,High,Lack of PPE,Barriers to Engagement,1,4
850690706,2026-08-26,North Kivu,Beni,Beni,Mandrandele,Church,ECC,High,Lack of PPE,Barriers to Engagement,1,4
851141363,2026-08-26,North Kivu,Beni,Beni,Boikene,Church,ECC,High,Lack of PPE,Barriers to Engagement,1,4
851144057,2026-08-27,North Kivu,Beni,Beni,Malepe,Church,ECC,High,Lack of PPE,Barriers to Engagement,1,4
851154720,2026-08-27,North Kivu,Beni,Beni,Malepe,Church,ECC,High,Lack of PPE,Barriers to Engagement,1,4
851221822,2026-08-27,North Kivu,Beni,Beni,Malepe,Church,ECC,High,Lack of PPE,Barriers to Engagement,1,4
851246506,2026-08-27,North Kivu,Beni,Beni,Malepe,Church,ECC,High,Lack of PPE,Barriers to Engagement,1,4
851251697,2026-08-27,North Kivu,Beni,Beni,Rwangoma,Church,ECC,Moderate,Lack of PPE,Barriers to Engagement,1,4
851267049,2026-08-27,North Kivu,Beni,Beni,Butanuka,Denominational school,ECC,High,Lack of PPE,Barriers to Engagement,1,4
851289789,2026-08-27,North Kivu,Beni,Beni,Butanuka,Denominational organization,ECC,High,Lack of PPE,Barriers to Engagement,1,4
851322369,2026-08-27,North Kivu,Beni,Beni,Rwangoma,Church,ECC,Moderate,Lack of PPE,Barriers to Engagement,1,4
852140309,2026-08-28,North Kivu,Butembo,Katwa,Mitoya,Denominational school,ECC,Moderate,Lack of PPE,Barriers to Engagement,0,4
852167593,2026-08-28,North Kivu,Beni,Beni,Kanzuli,Denominational school,ECC,Low,Lack of PPE,Barriers to Engagement,1,4
852170534,2026-08-28,North Kivu,Butembo,Katwa,Katwa,Denominational school,ECC,High,Lack of PPE,Barriers to Engagement,0,4
852209874,2026-08-28,North Kivu,Beni,Beni,Kanzuli,Church,ECC,Moderate,Lack of PPE,Barriers to Engagement,0,4
852221246,2026-08-28,North Kivu,Beni,Beni,Malepe,Church,ECC,Low,Lack of PPE,Barriers to Engagement,0,4
852223652,2026-08-28,North Kivu,Butembo,Katwa,Mitoya,Church,ECC,High,Lack of PPE,Barriers to Engagement,0,4
852306872,2026-08-28,North Kivu,Beni,Beni,Kasabinyole,Church,ECC,Low,Lack of PPE,Barriers to Engagement,1,4
852311269,2026-08-28,North Kivu,Beni,Beni,Gbadolite,Church,ECC,Moderate,Lack of PPE,Barriers to Engagement,1,4
852311817,2026-08-28,North Kivu,Beni,Beni,Kanzuli,Church,ECC,Low,Lack of PPE,Barriers to Engagement,1,4
853058765,2026-08-29,North Kivu,Beni,Beni,Kanzuli,Church,ECC,Low,Lack of PPE,Barriers to Engagement,1,4
853068833,2026-08-29,North Kivu,Beni,Beni,Kanzuli,Church,ECC,Low,Lack of PPE,Barriers to Engagement,0,4
853700686,2026-08-30,North Kivu,Butembo,Katwa,Katwa,Denominational school,ECC,Low,Lack of PPE,Barriers to Engagement,0,4
853885257,2026-08-29,North Kivu,Beni,Beni,Beni,Church,ECC,Moderate,Lack of PPE,Barriers to Engagement,0,4
854183549,2026-08-14,North Kivu,Beni,Beni,Kasabinyole,Church,ECC,High,Lack of PPE,Barriers to Engagement,0,4
854192402,2026-08-31,North Kivu,Beni,Beni,Mabolio,Church,ECC,Low,Lack of PPE,Barriers to Engagement,1,4
854226558,2026-08-31,North Kivu,Lubero,Lubero,Rughenda,Church,ECC,Moderate,Lack of PPE,Barriers to Engagement,0,4
854295690,2026-08-26,North Kivu,Beni,Beni,Malepe,Church,ECC,Moderate,Lack of PPE,Barriers to Engagement,0,4
854335472,2026-08-31,North Kivu,Butembo,Katwa,Katwa,Church,ECC,Low,Lack of PPE,Barriers to Engagement,0,4
854361138,2026-08-31,North Kivu,Beni,Beni,Kanzuli,Church,ECC,Moderate,Lack of PPE,Barriers to Engagement,0,4
854632904,2026-08-31,North Kivu,Butembo,Katwa,Vuhika,Denominational school,ECC,Moderate,Lack of PPE,Barriers to Engagement,0,4
857307057,2026-08-30,North Kivu,Butembo,Katwa,Masuli,Faith-based health care facility,ECC,High,Lack of PPE,Barriers to Engagement,0,4
858859254,2026-09-04,North Kivu,Beni,Beni,Mandrandele,Church,ECC,High,Lack of PPE,Barriers to Engagement,1,4
859495986,2026-08-31,North Kivu,Beni,Beni,Kasabinyole,Church,ECC,High,Lack of PPE,Barriers to Engagement,0,4
859495990,2026-08-31,North Kivu,Beni,Beni,Butsili,Church,ECC,High,Lack of PPE,Barriers to Engagement,0,4
859495993,2026-08-31,North Kivu,Beni,Beni,Butsili,Church,ECC,High,Lack of PPE,Barriers to Engagement,0,4
862786531,2026-09-09,North Kivu,Beni,Beni,Ngilinga Muloku,Church,ECC,High,Lack of PPE,Barriers to Engagement,1,4
862801808,2026-09-09,North Kivu,Beni,Beni,Kanzuli,Church,ECC,High,Lack of PPE,Barriers to Engagement,1,4
862818930,2026-09-09,North Kivu,Beni,Beni,Kanzuli,Church,ECC,Moderate,Lack of PPE,Barriers to Engagement,0,4
862836160,2026-09-09,North Kivu,Beni,Beni,Kanzuli,Denominational school,ECC,Moderate,Lack of PPE,Barriers to Engagement,1,4
862888563,2026-09-09,North Kivu,Beni,Beni,Kanzuli Nzuki,Denominational school,ECC,High,Lack of PPE,Barriers to Engagement,1,4
875869474,2026-09-21,North Kivu,Beni,Beni,Kasanga,Faith-based health care facility,ECC,Moderate,Lack of PPE,Barriers to Engagement,0,4
876079652,2026-09-23,North Kivu,Beni,Beni,Kasanga,Faith-based health care facility,ECC,Low,Lack of PPE,Barriers to Engagement,1,4
876920737,2026-09-22,Ituri,Djugu,Mangala,Tchele,Church,Roman Catholic Church,Low,Lack of PPE,Barriers to Engagement,0,4
876996119,2026-09-24,Ituri,Djugu,Mangala,Tchele,Church,Roman Catholic Church,Low,Lack of PPE,Barriers to Engagement,0,4
877017789,2026-09-24,Ituri,Djugu,Mangala,Tchele,Church,Roman Catholic Church,Low,Lack of PPE,Barriers to Engagement,0,4
877029755,2026-09-24,Ituri,Djugu,Mangala,Tchele,Church,Roman Catholic Church,Low,Lack of PPE,Barriers to Engagement,0,4
877043915,2026-09-24,Ituri,Djugu,Mangala,Tchele,Church,Roman Catholic Church,Low,Lack of PPE,Barriers to Engagement,0,4
878062446,2026-09-25,Ituri,Djugu,Lita,Mutumbi,Church,ECC,High,Lack of PPE,Barriers to Engagement,0,4
878062450,2026-09-25,Ituri,Djugu,Lita,Mutumbi,Church,ECC,Low,Lack of PPE,Barriers to Engagement,0,4
878062460,2026-09-25,Ituri,Djugu,Lita,Mutumbi,Church,ECC,Low,Lack of PPE,Barriers to Engagement,0,4
878062468,2026-09-25,Ituri,Djugu,Lita,Mutumbi,Church,ECC,High,Lack of PPE,Barriers to Engagement,0,4
878062475,2026-09-25,Ituri,Djugu,Lita,Mutumbi,Church,ECC,Moderate,Lack of PPE,Barriers to Engagement,0,4
878771972,2026-09-25,Ituri,Djugu,Mangala,Tchele,Church,Roman Catholic Church,Low,Lack of PPE,Barriers to Engagement,0,4
878771977,2026-09-26,Ituri,Djugu,Mangala,Tchele,Church,ECC,Low,Lack of PPE,Barriers to Engagement,0,4
878775076,2026-09-26,Ituri,Djugu,Mangala,Tchele,Church,ECC,Low,Lack of PPE,Barriers to Engagement,0,4
878784129,2026-09-26,Ituri,Djugu,Mangala,Tchele,Church,Roman Catholic Church,Low,Lack of PPE,Barriers to Engagement,0,4
878790544,2026-09-26,Ituri,Djugu,Mangala,Tchele,Church,Roman Catholic Church,Low,Lack of PPE,Barriers to Engagement,0,4
878794554,2026-09-26,Ituri,Djugu,Mangala,Tchele,Church,Roman Catholic Church,Low,Lack of PPE,Barriers to Engagement,0,4
878860056,2026-09-26,Ituri,Djugu,Mangala,Tchele,Church,Roman Catholic Church,Low,Lack of PPE,Barriers to Engagement,0,4
878863016,2026-09-26,Ituri,Djugu,Mangala,Tchele,Church,ECC,Low,Lack of PPE,Barriers to Engagement,0,4
878869824,2026-09-26,Ituri,Djugu,Mangala,Tchele,Church,ECC,Low,Lack of PPE,Barriers to Engagement,0,4
878896880,2026-09-26,Ituri,Djugu,Mangala,Tchele,Church,ECC,Low,Lack of PPE,Barriers to Engagement,0,4
878997028,2026-09-26,Ituri,Djugu,Lita,Bahwere,Denominational school,ECC,Low,Lack of PPE,Barriers to Engagement,0,4
878997035,2026-09-26,Ituri,Djugu,Lita,Bahwere,Denominational school,ECC,Low,Lack of PPE,Barriers to Engagement,0,4
878997051,2026-09-26,Ituri,Djugu,Lita,Bahwere,Church,ECC,Low,Lack of PPE,Barriers to Engagement,0,4
878997059,2026-09-26,Ituri,Djugu,Lita,Bahwere,Church,ECC,Moderate,Lack of PPE,Barriers to Engagement,0,4
878997068,2026-09-26,Ituri,Djugu,Lita,Bahwere,Denominational school,ECC,Moderate,Lack of PPE,Barriers to Engagement,0,4
878997075,2026-09-26,Ituri,Djugu,Lita,Bahwere,Church,Roman Catholic Church,Moderate,Lack of PPE,Barriers to Engagement,0,4
878997091,2026-09-26,Ituri,Djugu,Lita,Bahwere,Church,ECC,Moderate,Lack of PPE,Barriers to Engagement,0,4
878997100,2026-09-26,Ituri,Djugu,Lita,Bahwere,Denominational organization,ECC,Moderate,Lack of PPE,Barriers to Engagement,0,4
878997108,2026-09-26,Ituri,Djugu,Lita,Bahwere,Church,ECC,Low,Lack of PPE,Barriers to Engagement,0,4
878997115,2026-09-26,Ituri,Djugu,Lita,Bahwere,Church,ECC,Moderate,Lack of PPE,Barriers to Engagement,0,4
879117541,2026-09-26,Ituri,Djugu,Mangala,Tchele,Church,ECC,Low,Lack of PPE,Barriers to Engagement,0,4
879122054,2026-09-26,Ituri,Djugu,Mangala,Tchele,Church,ECC,Low,Lack of PPE,Barriers to Engagement,0,4
879202178,2026-09-25,Ituri,Djugu,Mangala,Tchele,Church,ECC,Low,Lack of PPE,Barriers to Engagement,1,4
879365390,2026-09-25,Ituri,Djugu,Mangala,Tchele,Church,ECC,Low,Lack of PPE,Barriers to Engagement,0,4
879365392,2026-09-25,Ituri,Djugu,Mangala,Tchele,Church,ECC,Low,Lack of PPE,Barriers to Engagement,0,4
879365398,2026-09-25,Ituri,Djugu,Mangala,Tchele,Church,ECC,Low,Lack of PPE,Barriers to Engagement,1,4
879365403,2026-09-25,Ituri,Djugu,Mangala,Tchele,Church,ECC,Low,Lack of PPE,Barriers to Engagement,1,4
879365407,2026-09-26,Ituri,Djugu,Mangala,Tchele,Church,ECC,Low,Lack of PPE,Barriers to Engagement,0,4
879365412,2026-09-26,Ituri,Djugu,Mangala,Tchele,Church,ECC,Low,Lack of PPE,Barriers to Engagement,0,4
879365414,2026-09-26,Ituri,Djugu,Mangala,Tchele,Church,ECC,Low,Lack of PPE,Barriers to Engagement,0,4
879365416,2026-09-26,Ituri,Djugu,Mangala,Tchele,Church,ECC,Low,Lack of PPE,Barriers to Engagement,1,4
879365422,2026-09-26,Ituri,Djugu,Mangala,Tchele,Church,ECC,Low,Lack of PPE,Barriers to Engagement,1,4
879365427,2026-09-26,Ituri,Djugu,Mangala,Tchele,Church,ECC,Low,Lack of PPE,Barriers to Engagement,1,4
879365432,2026-09-26,Ituri,Djugu,Mangala,Tchele,Church,ECC,Low,Lack of PPE,Barriers to Engagement,1,4
879365444,2026-09-26,Ituri,Djugu,Mangala,Tcy,Church,ECC,Low,Lack of PPE,Barriers to Engagement,1,4
879365450,2026-09-26,Ituri,Djugu,Mangala,Tchele,Church,ECC,Low,Lack of PPE,Barriers to Engagement,1,4
879365457,2026-09-26,Ituri,Djugu,Mangala,Tchele,Church,ECC,Low,Lack of PPE,Barriers to Engagement,1,4
879365462,2026-09-26,Ituri,Djugu,Mangala,Tchele,Church,ECC,Low,Lack of PPE,Barriers to Engagement,1,4
879365465,2026-09-26,Ituri,Djugu,Mangala,Tchele,Church,ECC,Low,Lack of PPE,Barriers to Engagement,1,4
879365468,2026-09-26,Ituri,Djugu,Mangala,Tchele,Church,ECC,Low,Lack of PPE,Barriers to Engagement,1,4
879365474,2026-09-26,Ituri,Djugu,Mangala,Tchele,Church,ECC,Low,Lack of PPE,Barriers to Engagement,1,4
879365478,2026-09-26,Ituri,Djugu,Mangala,Tchele,Church,ECC,Low,Lack of PPE,Barriers to Engagement,1,4
879552531,2026-09-27,Ituri,Djugu,Mangala,Tchele,Church,ECC,Low,Lack of PPE,Barriers to Engagement,0,4
879554947,2026-09-27,Ituri,Djugu,Mangala,Tchele,Church,ECC,Low,Lack of PPE,Barriers to Engagement,0,4
879635788,2026-09-27,Ituri,Djugu,Lita,Mutumbi,Faith-based health care facility,Roman Catholic Church,High,Lack of PPE,Barriers to Engagement,0,4
879635794,2026-09-27,Ituri,Djugu,Lita,Mutumbi,Church,Roman Catholic Church,Moderate,Lack of PPE,Barriers to Engagement,0,4
879635804,2026-09-27,Ituri,Djugu,Lita,Mutumbi,Church,ECC,High,Lack of PPE,Barriers to Engagement,0,4
879635814,2026-09-27,Ituri,Djugu,Lita,Mutumbi,Church,Roman Catholic Church,Moderate,Lack of PPE,Barriers to Engagement,0,4
879635826,2026-09-27,Ituri,Djugu,Lita,Mutumbi,Denominational school,ECC,Moderate,Lack of PPE,Barriers to Engagement,0,4
879685393,2026-09-23,Ituri,Djugu,Lita,Katoto,Faith-based health care facility,ECC,Low,Lack of PPE,Barriers to Engagement,0,4
879685396,2026-09-24,Ituri,Djugu,Lita,Katoto,Church,ECC,High,Lack of PPE,Barriers to Engagement,0,4
879685410,2026-09-25,Ituri,Djugu,Lita,Katoto,Church,ECC,Low,Lack of PPE,Barriers to Engagement,0,4
879685425,2026-09-25,Ituri,Djugu,Lita,Katoto,Church,ECC,Moderate,Lack of PPE,Barriers to Engagement,0,4
879685439,2026-09-25,Ituri,Djugu,Lita,Katoto,Church,ECC,High,Lack of PPE,Barriers to Engagement,0,4
879685455,2026-09-25,Ituri,Djugu,Lita,Katoto,Church,Roman Catholic Church,Low,Lack of PPE,Barriers to Engagement,0,4
879685474,2026-09-26,Ituri,Djugu,Lita,Katoto,Church,ECC,High,Lack of PPE,Barriers to Engagement,0,4
879685485,2026-09-26,Ituri,Djugu,Lita,Katoto,Church,Roman Catholic Church,Moderate,Lack of PPE,Barriers to Engagement,0,4
879685494,2026-09-26,Ituri,Djugu,Lita,Katoto,Church,Roman Catholic Church,Moderate,Lack of PPE,Barriers to Engagement,0,4
879685509,2026-09-27,Ituri,Djugu,Lita,Katoto,Church,ECC,Low,Lack of PPE,Barriers to Engagement,0,4
879685519,2026-09-27,Ituri,Djugu,Lita,Katoto,Church,ECC,Low,Lack of PPE,Barriers to Engagement,0,4
879685625,2026-09-27,Ituri,Djugu,Lita,Katoto,Church,ECC,Low,Lack of PPE,Barriers to Engagement,0,4
879685659,2026-09-27,Ituri,Djugu,Lita,Katoto,Church,ECC,Low,Lack of PPE,Barriers to Engagement,0,4
879685672,2026-09-27,Ituri,Djugu,Lita,Katoto,Church,Roman Catholic Church,Low,Lack of PPE,Barriers to Engagement,0,4
879685682,2026-09-27,Ituri,Djugu,Lita,Katoto,Church,Roman Catholic Church,High,Lack of PPE,Barriers to Engagement,0,4
879685686,2026-09-27,Ituri,Djugu,Lita,Katoto,Church,Roman Catholic Church,Low,Lack of PPE,Barriers to Engagement,0,4
879686019,2026-09-27,Ituri,Djugu,Lita,Katoto,Church,ECC,Low,Lack of PPE,Barriers to Engagement,0,4
879686043,2026-09-27,Ituri,Djugu,Lita,Katoto,Church,ECC,Moderate,Lack of PPE,Barriers to Engagement,0,4
879686056,2026-09-27,Ituri,Djugu,Lita,Katoto,Church,ECC,Moderate,Lack of PPE,Barriers to Engagement,0,4
879686066,2026-09-27,Ituri,Djugu,Lita,Katoto,Church,ECC,Low,Lack of PPE,Barriers to Engagement,0,4
841199154,2026-08-16,North Kivu,Beni,Beni,Kanzuli,Church,ECC,Moderate,Community mistrust,Barriers to Engagement,0,5
841548610,2026-08-17,North Kivu,Beni,Beni,Kanzuli,Church,ECC,Low,Community mistrust,Barriers to Engagement,1,5
842785213,2026-08-18,North Kivu,Beni,Beni,Kanzuli,Church,ECC,Moderate,Community mistrust,Barriers to Engagement,0,5
843341124,2026-08-18,North Kivu,Beni,Beni,Ngongolio,Church,ECC,High,Community mistrust,Barriers to Engagement,1,5
843348882,2026-08-18,North Kivu,Beni,Beni,Ngongolio,Church,ECC,High,Community mistrust,Barriers to Engagement,1,5
843365757,2026-08-18,North Kivu,Beni,Beni,Tamende,Church,ECC,High,Community mistrust,Barriers to Engagement,1,5
843369063,2026-08-18,North Kivu,Beni,Beni,Ngongolio,Church,ECC,High,Community mistrust,Barriers to Engagement,1,5
843770142,2026-08-19,North Kivu,Beni,Beni,Boikene,Church,ECC,High,Community mistrust,Barriers to Engagement,0,5
843828499,2026-08-18,North Kivu,Beni,Beni,Tamende,Church,ECC,Low,Community mistrust,Barriers to Engagement,1,5
843841750,2026-08-19,North Kivu,Beni,Beni,Tamende,Church,Roman Catholic Church,Moderate,Community mistrust,Barriers to Engagement,0,5
843887195,2026-08-19,North Kivu,Beni,Beni,Boikene,Denominational school,ECC,Moderate,Community mistrust,Barriers to Engagement,0,5
843917903,2026-08-19,North Kivu,Beni,Beni,Boikene,Church,ECC,High,Community mistrust,Barriers to Engagement,0,5
843940314,2026-08-19,North Kivu,Beni,Beni,Boikene,Church,ECC,High,Community mistrust,Barriers to Engagement,1,5
843992799,2026-08-19,North Kivu,Beni,Beni,Boikene,Church,ECC,High,Community mistrust,Barriers to Engagement,0,5
844181691,2026-08-19,North Kivu,Beni,Beni,Boikene,Church,ECC,High,Community mistrust,Barriers to Engagement,1,5
845990019,2026-08-21,North Kivu,Beni,Beni,Mabakanga,Faith-based health care facility,ECC,Moderate,Community mistrust,Barriers to Engagement,0,5
846487418,2026-08-21,North Kivu,Beni,Beni,Kanzuli,Church,ECC,High,Community mistrust,Barriers to Engagement,1,5
846728240,2026-08-22,North Kivu,Beni,Beni,Boikene,Church,ECC,Moderate,Community mistrust,Barriers to Engagement,0,5
846742619,2026-08-22,North Kivu,Beni,Beni,Boikene,Church,ECC,Moderate,Community mistrust,Barriers to Engagement,1,5
846748689,2026-08-22,North Kivu,Beni,Beni,Boikene,Denominational school,ECC,High,Community mistrust,Barriers to Engagement,0,5
847057490,2026-08-22,North Kivu,Beni,Beni,Mandrandele,Church,ECC,High,Community mistrust,Barriers to Engagement,1,5
847069287,2026-08-22,North Kivu,Beni,Beni,Mandrandele,Church,ECC,High,Community mistrust,Barriers to Engagement,0,5
847082157,2026-08-22,North Kivu,Beni,Beni,Mandrandele,Church,ECC,High,Community mistrust,Barriers to Engagement,1,5
847268921,2026-08-23,North Kivu,Beni,Beni,Kasabinyole,Church,ECC,Low,Community mistrust,Barriers to Engagement,0,5
847273941,2026-08-23,North Kivu,Beni,Beni,Kasabinyole,Church,ECC,Low,Community mistrust,Barriers to Engagement,0,5
847285482,2026-08-23,North Kivu,Beni,Beni,Tuungane,Church,ECC,Low,Community mistrust,Barriers to Engagement,1,5
847289604,2026-08-23,North Kivu,Beni,Beni,Tuungane,Denominational school,ECC,Low,Community mistrust,Barriers to Engagement,0,5
847293655,2026-08-23,North Kivu,Beni,Beni,Tuungane,Denominational school,ECC,Low,Community mistrust,Barriers to Engagement,0,5
847297827,2026-08-23,North Kivu,Beni,Beni,Tuungane,Church,ECC,Low,Community mistrust,Barriers to Engagement,0,5
847302416,2026-08-23,North Kivu,Beni,Beni,Tuungane,Church,ECC,Low,Community mistrust,Barriers to Engagement,0,5
847307012,2026-08-23,North Kivu,Beni,Beni,Anglicane,Denominational school,ECC,Low,Community mistrust,Barriers to Engagement,0,5
847311861,2026-08-23,North Kivu,Beni,Beni,Anglicane,Church,ECC,Low,Community mistrust,Barriers to Engagement,0,5
847586408,2026-08-23,North Kivu,Beni,Beni,Kuka,Church,ECC,Moderate,Community mistrust,Barriers to Engagement,0,5
847600556,2026-08-23,North Kivu,Beni,Beni,Kuka,Church,ECC,High,Community mistrust,Barriers to Engagement,0,5
847610633,2026-08-23,North Kivu,Beni,Beni,Kuka,Church,ECC,High,Community mistrust,Barriers to Engagement,0,5
847862794,2026-08-14,North Kivu,Beni,Beni,Malepe,Church,ECC,High,Community mistrust,Barriers to Engagement,1,5
849046030,2026-08-25,North Kivu,Beni,Beni,Ngongolio,Church,ECC,High,Community mistrust,Barriers to Engagement,1,5
850045824,2026-08-26,North Kivu,Beni,Beni,Mangothe,Church,ECC,Moderate,Community mistrust,Barriers to Engagement,0,5
850145543,2026-08-24,North Kivu,Beni,Beni,Malepe,Church,ECC,High,Community mistrust,Barriers to Engagement,1,5
850180468,2026-08-26,North Kivu,Beni,Beni,Butanuka,Church,ECC,High,Community mistrust,Barriers to Engagement,1,5
850508336,2026-08-26,North Kivu,Beni,Beni,Mabakanga,Faith-based health care facility,ECC,Low,Community mistrust,Barriers to Engagement,0,5
850633361,2026-08-26,North Kivu,Beni,Beni,Tamende,Church,ECC,Low,Community mistrust,Barriers to Engagement,1,5
850649059,2026-08-26,North Kivu,Beni,Beni,Mabakanga,Church,ECC,Moderate,Community mistrust,Barriers to Engagement,0,5
850652676,2026-08-26,North Kivu,Beni,Beni,Gongolio,Church,Roman Catholic Church,Low,Community mistrust,Barriers to Engagement,0,5
850657352,2026-08-26,North Kivu,Beni,Beni,Mabakanga,Church,ECC,High,Community mistrust,Barriers to Engagement,1,5
850690706,2026-08-26,North Kivu,Beni,Beni,Mandrandele,Church,ECC,High,Community mistrust,Barriers to Engagement,0,5
851141363,2026-08-26,North Kivu,Beni,Beni,Boikene,Church,ECC,High,Community mistrust,Barriers to Engagement,1,5
851144057,2026-08-27,North Kivu,Beni,Beni,Malepe,Church,ECC,High,Community mistrust,Barriers to Engagement,1,5
851154720,2026-08-27,North Kivu,Beni,Beni,Malepe,Church,ECC,High,Community mistrust,Barriers to Engagement,1,5
851221822,2026-08-27,North Kivu,Beni,Beni,Malepe,Church,ECC,High,Community mistrust,Barriers to Engagement,1,5
851246506,2026-08-27,North Kivu,Beni,Beni,Malepe,Church,ECC,High,Community mistrust,Barriers to Engagement,0,5
851251697,2026-08-27,North Kivu,Beni,Beni,Rwangoma,Church,ECC,Moderate,Community mistrust,Barriers to Engagement,0,5
851267049,2026-08-27,North Kivu,Beni,Beni,Butanuka,Denominational school,ECC,High,Community mistrust,Barriers to Engagement,0,5
851289789,2026-08-27,North Kivu,Beni,Beni,Butanuka,Denominational organization,ECC,High,Community mistrust,Barriers to Engagement,0,5
851322369,2026-08-27,North Kivu,Beni,Beni,Rwangoma,Church,ECC,Moderate,Community mistrust,Barriers to Engagement,0,5
852140309,2026-08-28,North Kivu,Butembo,Katwa,Mitoya,Denominational school,ECC,Moderate,Community mistrust,Barriers to Engagement,0,5
852167593,2026-08-28,North Kivu,Beni,Beni,Kanzuli,Denominational school,ECC,Low,Community mistrust,Barriers to Engagement,1,5
852170534,2026-08-28,North Kivu,Butembo,Katwa,Katwa,Denominational school,ECC,High,Community mistrust,Barriers to Engagement,1,5
852209874,2026-08-28,North Kivu,Beni,Beni,Kanzuli,Church,ECC,Moderate,Community mistrust,Barriers to Engagement,1,5
852221246,2026-08-28,North Kivu,Beni,Beni,Malepe,Church,ECC,Low,Community mistrust,Barriers to Engagement,1,5
852223652,2026-08-28,North Kivu,Butembo,Katwa,Mitoya,Church,ECC,High,Community mistrust,Barriers to Engagement,1,5
852306872,2026-08-28,North Kivu,Beni,Beni,Kasabinyole,Church,ECC,Low,Community mistrust,Barriers to Engagement,1,5
852311269,2026-08-28,North Kivu,Beni,Beni,Gbadolite,Church,ECC,Moderate,Community mistrust,Barriers to Engagement,1,5
852311817,2026-08-28,North Kivu,Beni,Beni,Kanzuli,Church,ECC,Low,Community mistrust,Barriers to Engagement,1,5
853058765,2026-08-29,North Kivu,Beni,Beni,Kanzuli,Church,ECC,Low,Community mistrust,Barriers to Engagement,0,5
853068833,2026-08-29,North Kivu,Beni,Beni,Kanzuli,Church,ECC,Low,Community mistrust,Barriers to Engagement,1,5
853700686,2026-08-30,North Kivu,Butembo,Katwa,Katwa,Denominational school,ECC,Low,Community mistrust,Barriers to Engagement,0,5
853885257,2026-08-29,North Kivu,Beni,Beni,Beni,Church,ECC,Moderate,Community mistrust,Barriers to Engagement,1,5
854183549,2026-08-14,North Kivu,Beni,Beni,Kasabinyole,Church,ECC,High,Community mistrust,Barriers to Engagement,0,5
854192402,2026-08-31,North Kivu,Beni,Beni,Mabolio,Church,ECC,Low,Community mistrust,Barriers to Engagement,0,5
854226558,2026-08-31,North Kivu,Lubero,Lubero,Rughenda,Church,ECC,Moderate,Community mistrust,Barriers to Engagement,0,5
854295690,2026-08-26,North Kivu,Beni,Beni,Malepe,Church,ECC,Moderate,Community mistrust,Barriers to Engagement,1,5
854335472,2026-08-31,North Kivu,Butembo,Katwa,Katwa,Church,ECC,Low,Community mistrust,Barriers to Engagement,0,5
854361138,2026-08-31,North Kivu,Beni,Beni,Kanzuli,Church,ECC,Moderate,Community mistrust,Barriers to Engagement,1,5
854632904,2026-08-31,North Kivu,Butembo,Katwa,Vuhika,Denominational school,ECC,Moderate,Community mistrust,Barriers to Engagement,0,5
857307057,2026-08-30,North Kivu,Butembo,Katwa,Masuli,Faith-based health care facility,ECC,High,Community mistrust,Barriers to Engagement,0,5
858859254,2026-09-04,North Kivu,Beni,Beni,Mandrandele,Church,ECC,High,Community mistrust,Barriers to Engagement,0,5
859495986,2026-08-31,North Kivu,Beni,Beni,Kasabinyole,Church,ECC,High,Community mistrust,Barriers to Engagement,1,5
859495990,2026-08-31,North Kivu,Beni,Beni,Butsili,Church,ECC,High,Community mistrust,Barriers to Engagement,1,5
859495993,2026-08-31,North Kivu,Beni,Beni,Butsili,Church,ECC,High,Community mistrust,Barriers to Engagement,1,5
862786531,2026-09-09,North Kivu,Beni,Beni,Ngilinga Muloku,Church,ECC,High,Community mistrust,Barriers to Engagement,0,5
862801808,2026-09-09,North Kivu,Beni,Beni,Kanzuli,Church,ECC,High,Community mistrust,Barriers to Engagement,0,5
862818930,2026-09-09,North Kivu,Beni,Beni,Kanzuli,Church,ECC,Moderate,Community mistrust,Barriers to Engagement,0,5
862836160,2026-09-09,North Kivu,Beni,Beni,Kanzuli,Denominational school,ECC,Moderate,Community mistrust,Barriers to Engagement,0,5
862888563,2026-09-09,North Kivu,Beni,Beni,Kanzuli Nzuki,Denominational school,ECC,High,Community mistrust,Barriers to Engagement,0,5
875869474,2026-09-21,North Kivu,Beni,Beni,Kasanga,Faith-based health care facility,ECC,Moderate,Community mistrust,Barriers to Engagement,0,5
876079652,2026-09-23,North Kivu,Beni,Beni,Kasanga,Faith-based health care facility,ECC,Low,Community mistrust,Barriers to Engagement,0,5
876920737,2026-09-22,Ituri,Djugu,Mangala,Tchele,Church,Roman Catholic Church,Low,Community mistrust,Barriers to Engagement,0,5
876996119,2026-09-24,Ituri,Djugu,Mangala,Tchele,Church,Roman Catholic Church,Low,Community mistrust,Barriers to Engagement,0,5
877017789,2026-09-24,Ituri,Djugu,Mangala,Tchele,Church,Roman Catholic Church,Low,Community mistrust,Barriers to Engagement,0,5
877029755,2026-09-24,Ituri,Djugu,Mangala,Tchele,Church,Roman Catholic Church,Low,Community mistrust,Barriers to Engagement,0,5
877043915,2026-09-24,Ituri,Djugu,Mangala,Tchele,Church,Roman Catholic Church,Low,Community mistrust,Barriers to Engagement,0,5
878062446,2026-09-25,Ituri,Djugu,Lita,Mutumbi,Church,ECC,High,Community mistrust,Barriers to Engagement,0,5
878062450,2026-09-25,Ituri,Djugu,Lita,Mutumbi,Church,ECC,Low,Community mistrust,Barriers to Engagement,0,5
878062460,2026-09-25,Ituri,Djugu,Lita,Mutumbi,Church,ECC,Low,Community mistrust,Barriers to Engagement,0,5
878062468,2026-09-25,Ituri,Djugu,Lita,Mutumbi,Church,ECC,High,Community mistrust,Barriers to Engagement,0,5
878062475,2026-09-25,Ituri,Djugu,Lita,Mutumbi,Church,ECC,Moderate,Community mistrust,Barriers to Engagement,0,5
878771972,2026-09-25,Ituri,Djugu,Mangala,Tchele,Church,Roman Catholic Church,Low,Community mistrust,Barriers to Engagement,0,5
878771977,2026-09-26,Ituri,Djugu,Mangala,Tchele,Church,ECC,Low,Community mistrust,Barriers to Engagement,0,5
878775076,2026-09-26,Ituri,Djugu,Mangala,Tchele,Church,ECC,Low,Community mistrust,Barriers to Engagement,0,5
878784129,2026-09-26,Ituri,Djugu,Mangala,Tchele,Church,Roman Catholic Church,Low,Community mistrust,Barriers to Engagement,0,5
878790544,2026-09-26,Ituri,Djugu,Mangala,Tchele,Church,Roman Catholic Church,Low,Community mistrust,Barriers to Engagement,0,5
878794554,2026-09-26,Ituri,Djugu,Mangala,Tchele,Church,Roman Catholic Church,Low,Community mistrust,Barriers to Engagement,0,5
878860056,2026-09-26,Ituri,Djugu,Mangala,Tchele,Church,Roman Catholic Church,Low,Community mistrust,Barriers to Engagement,0,5
878863016,2026-09-26,Ituri,Djugu,Mangala,Tchele,Church,ECC,Low,Community mistrust,Barriers to Engagement,0,5
878869824,2026-09-26,Ituri,Djugu,Mangala,Tchele,Church,ECC,Low,Community mistrust,Barriers to Engagement,0,5
878896880,2026-09-26,Ituri,Djugu,Mangala,Tchele,Church,ECC,Low,Community mistrust,Barriers to Engagement,0,5
878997028,2026-09-26,Ituri,Djugu,Lita,Bahwere,Denominational school,ECC,Low,Community mistrust,Barriers to Engagement,0,5
878997035,2026-09-26,Ituri,Djugu,Lita,Bahwere,Denominational school,ECC,Low,Community mistrust,Barriers to Engagement,0,5
878997051,2026-09-26,Ituri,Djugu,Lita,Bahwere,Church,ECC,Low,Community mistrust,Barriers to Engagement,0,5
878997059,2026-09-26,Ituri,Djugu,Lita,Bahwere,Church,ECC,Moderate,Community mistrust,Barriers to Engagement,0,5
878997068,2026-09-26,Ituri,Djugu,Lita,Bahwere,Denominational school,ECC,Moderate,Community mistrust,Barriers to Engagement,1,5
878997075,2026-09-26,Ituri,Djugu,Lita,Bahwere,Church,Roman Catholic Church,Moderate,Community mistrust,Barriers to Engagement,1,5
878997091,2026-09-26,Ituri,Djugu,Lita,Bahwere,Church,ECC,Moderate,Community mistrust,Barriers to Engagement,0,5
878997100,2026-09-26,Ituri,Djugu,Lita,Bahwere,Denominational organization,ECC,Moderate,Community mistrust,Barriers to Engagement,1,5
878997108,2026-09-26,Ituri,Djugu,Lita,Bahwere,Church,ECC,Low,Community mistrust,Barriers to Engagement,1,5
878997115,2026-09-26,Ituri,Djugu,Lita,Bahwere,Church,ECC,Moderate,Community mistrust,Barriers to Engagement,1,5
879117541,2026-09-26,Ituri,Djugu,Mangala,Tchele,Church,ECC,Low,Community mistrust,Barriers to Engagement,0,5
879122054,2026-09-26,Ituri,Djugu,Mangala,Tchele,Church,ECC,Low,Community mistrust,Barriers to Engagement,0,5
879202178,2026-09-25,Ituri,Djugu,Mangala,Tchele,Church,ECC,Low,Community mistrust,Barriers to Engagement,0,5
879365390,2026-09-25,Ituri,Djugu,Mangala,Tchele,Church,ECC,Low,Community mistrust,Barriers to Engagement,0,5
879365392,2026-09-25,Ituri,Djugu,Mangala,Tchele,Church,ECC,Low,Community mistrust,Barriers to Engagement,0,5
879365398,2026-09-25,Ituri,Djugu,Mangala,Tchele,Church,ECC,Low,Community mistrust,Barriers to Engagement,0,5
879365403,2026-09-25,Ituri,Djugu,Mangala,Tchele,Church,ECC,Low,Community mistrust,Barriers to Engagement,0,5
879365407,2026-09-26,Ituri,Djugu,Mangala,Tchele,Church,ECC,Low,Community mistrust,Barriers to Engagement,1,5
879365412,2026-09-26,Ituri,Djugu,Mangala,Tchele,Church,ECC,Low,Community mistrust,Barriers to Engagement,0,5
879365414,2026-09-26,Ituri,Djugu,Mangala,Tchele,Church,ECC,Low,Community mistrust,Barriers to Engagement,0,5
879365416,2026-09-26,Ituri,Djugu,Mangala,Tchele,Church,ECC,Low,Community mistrust,Barriers to Engagement,0,5
879365422,2026-09-26,Ituri,Djugu,Mangala,Tchele,Church,ECC,Low,Community mistrust,Barriers to Engagement,0,5
879365427,2026-09-26,Ituri,Djugu,Mangala,Tchele,Church,ECC,Low,Community mistrust,Barriers to Engagement,0,5
879365432,2026-09-26,Ituri,Djugu,Mangala,Tchele,Church,ECC,Low,Community mistrust,Barriers to Engagement,0,5
879365444,2026-09-26,Ituri,Djugu,Mangala,Tcy,Church,ECC,Low,Community mistrust,Barriers to Engagement,0,5
879365450,2026-09-26,Ituri,Djugu,Mangala,Tchele,Church,ECC,Low,Community mistrust,Barriers to Engagement,0,5
879365457,2026-09-26,Ituri,Djugu,Mangala,Tchele,Church,ECC,Low,Community mistrust,Barriers to Engagement,0,5
879365462,2026-09-26,Ituri,Djugu,Mangala,Tchele,Church,ECC,Low,Community mistrust,Barriers to Engagement,0,5
879365465,2026-09-26,Ituri,Djugu,Mangala,Tchele,Church,ECC,Low,Community mistrust,Barriers to Engagement,0,5
879365468,2026-09-26,Ituri,Djugu,Mangala,Tchele,Church,ECC,Low,Community mistrust,Barriers to Engagement,0,5
879365474,2026-09-26,Ituri,Djugu,Mangala,Tchele,Church,ECC,Low,Community mistrust,Barriers to Engagement,0,5
879365478,2026-09-26,Ituri,Djugu,Mangala,Tchele,Church,ECC,Low,Community mistrust,Barriers to Engagement,0,5
879552531,2026-09-27,Ituri,Djugu,Mangala,Tchele,Church,ECC,Low,Community mistrust,Barriers to Engagement,1,5
879554947,2026-09-27,Ituri,Djugu,Mangala,Tchele,Church,ECC,Low,Community mistrust,Barriers to Engagement,1,5
879635788,2026-09-27,Ituri,Djugu,Lita,Mutumbi,Faith-based health care facility,Roman Catholic Church,High,Community mistrust,Barriers to Engagement,0,5
879635794,2026-09-27,Ituri,Djugu,Lita,Mutumbi,Church,Roman Catholic Church,Moderate,Community mistrust,Barriers to Engagement,0,5
879635804,2026-09-27,Ituri,Djugu,Lita,Mutumbi,Church,ECC,High,Community mistrust,Barriers to Engagement,0,5
879635814,2026-09-27,Ituri,Djugu,Lita,Mutumbi,Church,Roman Catholic Church,Moderate,Community mistrust,Barriers to Engagement,0,5
879635826,2026-09-27,Ituri,Djugu,Lita,Mutumbi,Denominational school,ECC,Moderate,Community mistrust,Barriers to Engagement,0,5
879685393,2026-09-23,Ituri,Djugu,Lita,Katoto,Faith-based health care facility,ECC,Low,Community mistrust,Barriers to Engagement,0,5
879685396,2026-09-24,Ituri,Djugu,Lita,Katoto,Church,ECC,High,Community mistrust,Barriers to Engagement,0,5
879685410,2026-09-25,Ituri,Djugu,Lita,Katoto,Church,ECC,Low,Community mistrust,Barriers to Engagement,0,5
879685425,2026-09-25,Ituri,Djugu,Lita,Katoto,Church,ECC,Moderate,Community mistrust,Barriers to Engagement,0,5
879685439,2026-09-25,Ituri,Djugu,Lita,Katoto,Church,ECC,High,Community mistrust,Barriers to Engagement,0,5
879685455,2026-09-25,Ituri,Djugu,Lita,Katoto,Church,Roman Catholic Church,Low,Community mistrust,Barriers to Engagement,0,5
879685474,2026-09-26,Ituri,Djugu,Lita,Katoto,Church,ECC,High,Community mistrust,Barriers to Engagement,0,5
879685485,2026-09-26,Ituri,Djugu,Lita,Katoto,Church,Roman Catholic Church,Moderate,Community mistrust,Barriers to Engagement,1,5
879685494,2026-09-26,Ituri,Djugu,Lita,Katoto,Church,Roman Catholic Church,Moderate,Community mistrust,Barriers to Engagement,1,5
879685509,2026-09-27,Ituri,Djugu,Lita,Katoto,Church,ECC,Low,Community mistrust,Barriers to Engagement,0,5
879685519,2026-09-27,Ituri,Djugu,Lita,Katoto,Church,ECC,Low,Community mistrust,Barriers to Engagement,0,5
879685625,2026-09-27,Ituri,Djugu,Lita,Katoto,Church,ECC,Low,Community mistrust,Barriers to Engagement,0,5
879685659,2026-09-27,Ituri,Djugu,Lita,Katoto,Church,ECC,Low,Community mistrust,Barriers to Engagement,0,5
879685672,2026-09-27,Ituri,Djugu,Lita,Katoto,Church,Roman Catholic Church,Low,Community mistrust,Barriers to Engagement,0,5
879685682,2026-09-27,Ituri,Djugu,Lita,Katoto,Church,Roman Catholic Church,High,Community mistrust,Barriers to Engagement,0,5
879685686,2026-09-27,Ituri,Djugu,Lita,Katoto,Church,Roman Catholic Church,Low,Community mistrust,Barriers to Engagement,0,5
879686019,2026-09-27,Ituri,Djugu,Lita,Katoto,Church,ECC,Low,Community mistrust,Barriers to Engagement,0,5
879686043,2026-09-27,Ituri,Djugu,Lita,Katoto,Church,ECC,Moderate,Community mistrust,Barriers to Engagement,0,5
879686056,2026-09-27,Ituri,Djugu,Lita,Katoto,Church,ECC,Moderate,Community mistrust,Barriers to Engagement,0,5
879686066,2026-09-27,Ituri,Djugu,Lita,Katoto,Church,ECC,Low,Community mistrust,Barriers to Engagement,0,5
841199154,2026-08-16,North Kivu,Beni,Beni,Kanzuli,Church,ECC,Moderate,Poor communication,Barriers to Engagement,1,6
841548610,2026-08-17,North Kivu,Beni,Beni,Kanzuli,Church,ECC,Low,Poor communication,Barriers to Engagement,1,6
842785213,2026-08-18,North Kivu,Beni,Beni,Kanzuli,Church,ECC,Moderate,Poor communication,Barriers to Engagement,0,6
843341124,2026-08-18,North Kivu,Beni,Beni,Ngongolio,Church,ECC,High,Poor communication,Barriers to Engagement,1,6
843348882,2026-08-18,North Kivu,Beni,Beni,Ngongolio,Church,ECC,High,Poor communication,Barriers to Engagement,1,6
843365757,2026-08-18,North Kivu,Beni,Beni,Tamende,Church,ECC,High,Poor communication,Barriers to Engagement,1,6
843369063,2026-08-18,North Kivu,Beni,Beni,Ngongolio,Church,ECC,High,Poor communication,Barriers to Engagement,1,6
843770142,2026-08-19,North Kivu,Beni,Beni,Boikene,Church,ECC,High,Poor communication,Barriers to Engagement,0,6
843828499,2026-08-18,North Kivu,Beni,Beni,Tamende,Church,ECC,Low,Poor communication,Barriers to Engagement,1,6
843841750,2026-08-19,North Kivu,Beni,Beni,Tamende,Church,Roman Catholic Church,Moderate,Poor communication,Barriers to Engagement,1,6
843887195,2026-08-19,North Kivu,Beni,Beni,Boikene,Denominational school,ECC,Moderate,Poor communication,Barriers to Engagement,0,6
843917903,2026-08-19,North Kivu,Beni,Beni,Boikene,Church,ECC,High,Poor communication,Barriers to Engagement,0,6
843940314,2026-08-19,North Kivu,Beni,Beni,Boikene,Church,ECC,High,Poor communication,Barriers to Engagement,0,6
843992799,2026-08-19,North Kivu,Beni,Beni,Boikene,Church,ECC,High,Poor communication,Barriers to Engagement,0,6
844181691,2026-08-19,North Kivu,Beni,Beni,Boikene,Church,ECC,High,Poor communication,Barriers to Engagement,0,6
845990019,2026-08-21,North Kivu,Beni,Beni,Mabakanga,Faith-based health care facility,ECC,Moderate,Poor communication,Barriers to Engagement,1,6
846487418,2026-08-21,North Kivu,Beni,Beni,Kanzuli,Church,ECC,High,Poor communication,Barriers to Engagement,0,6
846728240,2026-08-22,North Kivu,Beni,Beni,Boikene,Church,ECC,Moderate,Poor communication,Barriers to Engagement,0,6
846742619,2026-08-22,North Kivu,Beni,Beni,Boikene,Church,ECC,Moderate,Poor communication,Barriers to Engagement,0,6
846748689,2026-08-22,North Kivu,Beni,Beni,Boikene,Denominational school,ECC,High,Poor communication,Barriers to Engagement,0,6
847057490,2026-08-22,North Kivu,Beni,Beni,Mandrandele,Church,ECC,High,Poor communication,Barriers to Engagement,0,6
847069287,2026-08-22,North Kivu,Beni,Beni,Mandrandele,Church,ECC,High,Poor communication,Barriers to Engagement,0,6
847082157,2026-08-22,North Kivu,Beni,Beni,Mandrandele,Church,ECC,High,Poor communication,Barriers to Engagement,0,6
847268921,2026-08-23,North Kivu,Beni,Beni,Kasabinyole,Church,ECC,Low,Poor communication,Barriers to Engagement,1,6
847273941,2026-08-23,North Kivu,Beni,Beni,Kasabinyole,Church,ECC,Low,Poor communication,Barriers to Engagement,1,6
847285482,2026-08-23,North Kivu,Beni,Beni,Tuungane,Church,ECC,Low,Poor communication,Barriers to Engagement,0,6
847289604,2026-08-23,North Kivu,Beni,Beni,Tuungane,Denominational school,ECC,Low,Poor communication,Barriers to Engagement,0,6
847293655,2026-08-23,North Kivu,Beni,Beni,Tuungane,Denominational school,ECC,Low,Poor communication,Barriers to Engagement,0,6
847297827,2026-08-23,North Kivu,Beni,Beni,Tuungane,Church,ECC,Low,Poor communication,Barriers to Engagement,0,6
847302416,2026-08-23,North Kivu,Beni,Beni,Tuungane,Church,ECC,Low,Poor communication,Barriers to Engagement,0,6
847307012,2026-08-23,North Kivu,Beni,Beni,Anglicane,Denominational school,ECC,Low,Poor communication,Barriers to Engagement,0,6
847311861,2026-08-23,North Kivu,Beni,Beni,Anglicane,Church,ECC,Low,Poor communication,Barriers to Engagement,0,6
847586408,2026-08-23,North Kivu,Beni,Beni,Kuka,Church,ECC,Moderate,Poor communication,Barriers to Engagement,0,6
847600556,2026-08-23,North Kivu,Beni,Beni,Kuka,Church,ECC,High,Poor communication,Barriers to Engagement,0,6
847610633,2026-08-23,North Kivu,Beni,Beni,Kuka,Church,ECC,High,Poor communication,Barriers to Engagement,0,6
847862794,2026-08-14,North Kivu,Beni,Beni,Malepe,Church,ECC,High,Poor communication,Barriers to Engagement,1,6
849046030,2026-08-25,North Kivu,Beni,Beni,Ngongolio,Church,ECC,High,Poor communication,Barriers to Engagement,1,6
850045824,2026-08-26,North Kivu,Beni,Beni,Mangothe,Church,ECC,Moderate,Poor communication,Barriers to Engagement,0,6
850145543,2026-08-24,North Kivu,Beni,Beni,Malepe,Church,ECC,High,Poor communication,Barriers to Engagement,1,6
850180468,2026-08-26,North Kivu,Beni,Beni,Butanuka,Church,ECC,High,Poor communication,Barriers to Engagement,1,6
850508336,2026-08-26,North Kivu,Beni,Beni,Mabakanga,Faith-based health care facility,ECC,Low,Poor communication,Barriers to Engagement,1,6
850633361,2026-08-26,North Kivu,Beni,Beni,Tamende,Church,ECC,Low,Poor communication,Barriers to Engagement,1,6
850649059,2026-08-26,North Kivu,Beni,Beni,Mabakanga,Church,ECC,Moderate,Poor communication,Barriers to Engagement,0,6
850652676,2026-08-26,North Kivu,Beni,Beni,Gongolio,Church,Roman Catholic Church,Low,Poor communication,Barriers to Engagement,1,6
850657352,2026-08-26,North Kivu,Beni,Beni,Mabakanga,Church,ECC,High,Poor communication,Barriers to Engagement,0,6
850690706,2026-08-26,North Kivu,Beni,Beni,Mandrandele,Church,ECC,High,Poor communication,Barriers to Engagement,0,6
851141363,2026-08-26,North Kivu,Beni,Beni,Boikene,Church,ECC,High,Poor communication,Barriers to Engagement,0,6
851144057,2026-08-27,North Kivu,Beni,Beni,Malepe,Church,ECC,High,Poor communication,Barriers to Engagement,0,6
851154720,2026-08-27,North Kivu,Beni,Beni,Malepe,Church,ECC,High,Poor communication,Barriers to Engagement,0,6
851221822,2026-08-27,North Kivu,Beni,Beni,Malepe,Church,ECC,High,Poor communication,Barriers to Engagement,0,6
851246506,2026-08-27,North Kivu,Beni,Beni,Malepe,Church,ECC,High,Poor communication,Barriers to Engagement,0,6
851251697,2026-08-27,North Kivu,Beni,Beni,Rwangoma,Church,ECC,Moderate,Poor communication,Barriers to Engagement,0,6
851267049,2026-08-27,North Kivu,Beni,Beni,Butanuka,Denominational school,ECC,High,Poor communication,Barriers to Engagement,0,6
851289789,2026-08-27,North Kivu,Beni,Beni,Butanuka,Denominational organization,ECC,High,Poor communication,Barriers to Engagement,0,6
851322369,2026-08-27,North Kivu,Beni,Beni,Rwangoma,Church,ECC,Moderate,Poor communication,Barriers to Engagement,0,6
852140309,2026-08-28,North Kivu,Butembo,Katwa,Mitoya,Denominational school,ECC,Moderate,Poor communication,Barriers to Engagement,0,6
852167593,2026-08-28,North Kivu,Beni,Beni,Kanzuli,Denominational school,ECC,Low,Poor communication,Barriers to Engagement,1,6
852170534,2026-08-28,North Kivu,Butembo,Katwa,Katwa,Denominational school,ECC,High,Poor communication,Barriers to Engagement,0,6
852209874,2026-08-28,North Kivu,Beni,Beni,Kanzuli,Church,ECC,Moderate,Poor communication,Barriers to Engagement,1,6
852221246,2026-08-28,North Kivu,Beni,Beni,Malepe,Church,ECC,Low,Poor communication,Barriers to Engagement,0,6
852223652,2026-08-28,North Kivu,Butembo,Katwa,Mitoya,Church,ECC,High,Poor communication,Barriers to Engagement,1,6
852306872,2026-08-28,North Kivu,Beni,Beni,Kasabinyole,Church,ECC,Low,Poor communication,Barriers to Engagement,0,6
852311269,2026-08-28,North Kivu,Beni,Beni,Gbadolite,Church,ECC,Moderate,Poor communication,Barriers to Engagement,1,6
852311817,2026-08-28,North Kivu,Beni,Beni,Kanzuli,Church,ECC,Low,Poor communication,Barriers to Engagement,0,6
853058765,2026-08-29,North Kivu,Beni,Beni,Kanzuli,Church,ECC,Low,Poor communication,Barriers to Engagement,0,6
853068833,2026-08-29,North Kivu,Beni,Beni,Kanzuli,Church,ECC,Low,Poor communication,Barriers to Engagement,0,6
853700686,2026-08-30,North Kivu,Butembo,Katwa,Katwa,Denominational school,ECC,Low,Poor communication,Barriers to Engagement,0,6
853885257,2026-08-29,North Kivu,Beni,Beni,Beni,Church,ECC,Moderate,Poor communication,Barriers to Engagement,0,6
854183549,2026-08-14,North Kivu,Beni,Beni,Kasabinyole,Church,ECC,High,Poor communication,Barriers to Engagement,0,6
854192402,2026-08-31,North Kivu,Beni,Beni,Mabolio,Church,ECC,Low,Poor communication,Barriers to Engagement,0,6
854226558,2026-08-31,North Kivu,Lubero,Lubero,Rughenda,Church,ECC,Moderate,Poor communication,Barriers to Engagement,0,6
854295690,2026-08-26,North Kivu,Beni,Beni,Malepe,Church,ECC,Moderate,Poor communication,Barriers to Engagement,1,6
854335472,2026-08-31,North Kivu,Butembo,Katwa,Katwa,Church,ECC,Low,Poor communication,Barriers to Engagement,0,6
854361138,2026-08-31,North Kivu,Beni,Beni,Kanzuli,Church,ECC,Moderate,Poor communication,Barriers to Engagement,1,6
854632904,2026-08-31,North Kivu,Butembo,Katwa,Vuhika,Denominational school,ECC,Moderate,Poor communication,Barriers to Engagement,0,6
857307057,2026-08-30,North Kivu,Butembo,Katwa,Masuli,Faith-based health care facility,ECC,High,Poor communication,Barriers to Engagement,1,6
858859254,2026-09-04,North Kivu,Beni,Beni,Mandrandele,Church,ECC,High,Poor communication,Barriers to Engagement,0,6
859495986,2026-08-31,North Kivu,Beni,Beni,Kasabinyole,Church,ECC,High,Poor communication,Barriers to Engagement,1,6
859495990,2026-08-31,North Kivu,Beni,Beni,Butsili,Church,ECC,High,Poor communication,Barriers to Engagement,1,6
859495993,2026-08-31,North Kivu,Beni,Beni,Butsili,Church,ECC,High,Poor communication,Barriers to Engagement,1,6
862786531,2026-09-09,North Kivu,Beni,Beni,Ngilinga Muloku,Church,ECC,High,Poor communication,Barriers to Engagement,0,6
862801808,2026-09-09,North Kivu,Beni,Beni,Kanzuli,Church,ECC,High,Poor communication,Barriers to Engagement,0,6
862818930,2026-09-09,North Kivu,Beni,Beni,Kanzuli,Church,ECC,Moderate,Poor communication,Barriers to Engagement,0,6
862836160,2026-09-09,North Kivu,Beni,Beni,Kanzuli,Denominational school,ECC,Moderate,Poor communication,Barriers to Engagement,1,6
862888563,2026-09-09,North Kivu,Beni,Beni,Kanzuli Nzuki,Denominational school,ECC,High,Poor communication,Barriers to Engagement,0,6
875869474,2026-09-21,North Kivu,Beni,Beni,Kasanga,Faith-based health care facility,ECC,Moderate,Poor communication,Barriers to Engagement,1,6
876079652,2026-09-23,North Kivu,Beni,Beni,Kasanga,Faith-based health care facility,ECC,Low,Poor communication,Barriers to Engagement,0,6
876920737,2026-09-22,Ituri,Djugu,Mangala,Tchele,Church,Roman Catholic Church,Low,Poor communication,Barriers to Engagement,0,6
876996119,2026-09-24,Ituri,Djugu,Mangala,Tchele,Church,Roman Catholic Church,Low,Poor communication,Barriers to Engagement,0,6
877017789,2026-09-24,Ituri,Djugu,Mangala,Tchele,Church,Roman Catholic Church,Low,Poor communication,Barriers to Engagement,0,6
877029755,2026-09-24,Ituri,Djugu,Mangala,Tchele,Church,Roman Catholic Church,Low,Poor communication,Barriers to Engagement,0,6
877043915,2026-09-24,Ituri,Djugu,Mangala,Tchele,Church,Roman Catholic Church,Low,Poor communication,Barriers to Engagement,0,6
878062446,2026-09-25,Ituri,Djugu,Lita,Mutumbi,Church,ECC,High,Poor communication,Barriers to Engagement,0,6
878062450,2026-09-25,Ituri,Djugu,Lita,Mutumbi,Church,ECC,Low,Poor communication,Barriers to Engagement,0,6
878062460,2026-09-25,Ituri,Djugu,Lita,Mutumbi,Church,ECC,Low,Poor communication,Barriers to Engagement,0,6
878062468,2026-09-25,Ituri,Djugu,Lita,Mutumbi,Church,ECC,High,Poor communication,Barriers to Engagement,0,6
878062475,2026-09-25,Ituri,Djugu,Lita,Mutumbi,Church,ECC,Moderate,Poor communication,Barriers to Engagement,0,6
878771972,2026-09-25,Ituri,Djugu,Mangala,Tchele,Church,Roman Catholic Church,Low,Poor communication,Barriers to Engagement,0,6
878771977,2026-09-26,Ituri,Djugu,Mangala,Tchele,Church,ECC,Low,Poor communication,Barriers to Engagement,0,6
878775076,2026-09-26,Ituri,Djugu,Mangala,Tchele,Church,ECC,Low,Poor communication,Barriers to Engagement,0,6
878784129,2026-09-26,Ituri,Djugu,Mangala,Tchele,Church,Roman Catholic Church,Low,Poor communication,Barriers to Engagement,0,6
878790544,2026-09-26,Ituri,Djugu,Mangala,Tchele,Church,Roman Catholic Church,Low,Poor communication,Barriers to Engagement,0,6
878794554,2026-09-26,Ituri,Djugu,Mangala,Tchele,Church,Roman Catholic Church,Low,Poor communication,Barriers to Engagement,0,6
878860056,2026-09-26,Ituri,Djugu,Mangala,Tchele,Church,Roman Catholic Church,Low,Poor communication,Barriers to Engagement,0,6
878863016,2026-09-26,Ituri,Djugu,Mangala,Tchele,Church,ECC,Low,Poor communication,Barriers to Engagement,0,6
878869824,2026-09-26,Ituri,Djugu,Mangala,Tchele,Church,ECC,Low,Poor communication,Barriers to Engagement,0,6
878896880,2026-09-26,Ituri,Djugu,Mangala,Tchele,Church,ECC,Low,Poor communication,Barriers to Engagement,0,6
878997028,2026-09-26,Ituri,Djugu,Lita,Bahwere,Denominational school,ECC,Low,Poor communication,Barriers to Engagement,1,6
878997035,2026-09-26,Ituri,Djugu,Lita,Bahwere,Denominational school,ECC,Low,Poor communication,Barriers to Engagement,0,6
878997051,2026-09-26,Ituri,Djugu,Lita,Bahwere,Church,ECC,Low,Poor communication,Barriers to Engagement,0,6
878997059,2026-09-26,Ituri,Djugu,Lita,Bahwere,Church,ECC,Moderate,Poor communication,Barriers to Engagement,0,6
878997068,2026-09-26,Ituri,Djugu,Lita,Bahwere,Denominational school,ECC,Moderate,Poor communication,Barriers to Engagement,0,6
878997075,2026-09-26,Ituri,Djugu,Lita,Bahwere,Church,Roman Catholic Church,Moderate,Poor communication,Barriers to Engagement,0,6
878997091,2026-09-26,Ituri,Djugu,Lita,Bahwere,Church,ECC,Moderate,Poor communication,Barriers to Engagement,0,6
878997100,2026-09-26,Ituri,Djugu,Lita,Bahwere,Denominational organization,ECC,Moderate,Poor communication,Barriers to Engagement,1,6
878997108,2026-09-26,Ituri,Djugu,Lita,Bahwere,Church,ECC,Low,Poor communication,Barriers to Engagement,0,6
878997115,2026-09-26,Ituri,Djugu,Lita,Bahwere,Church,ECC,Moderate,Poor communication,Barriers to Engagement,1,6
879117541,2026-09-26,Ituri,Djugu,Mangala,Tchele,Church,ECC,Low,Poor communication,Barriers to Engagement,0,6
879122054,2026-09-26,Ituri,Djugu,Mangala,Tchele,Church,ECC,Low,Poor communication,Barriers to Engagement,0,6
879202178,2026-09-25,Ituri,Djugu,Mangala,Tchele,Church,ECC,Low,Poor communication,Barriers to Engagement,0,6
879365390,2026-09-25,Ituri,Djugu,Mangala,Tchele,Church,ECC,Low,Poor communication,Barriers to Engagement,1,6
879365392,2026-09-25,Ituri,Djugu,Mangala,Tchele,Church,ECC,Low,Poor communication,Barriers to Engagement,1,6
879365398,2026-09-25,Ituri,Djugu,Mangala,Tchele,Church,ECC,Low,Poor communication,Barriers to Engagement,0,6
879365403,2026-09-25,Ituri,Djugu,Mangala,Tchele,Church,ECC,Low,Poor communication,Barriers to Engagement,0,6
879365407,2026-09-26,Ituri,Djugu,Mangala,Tchele,Church,ECC,Low,Poor communication,Barriers to Engagement,0,6
879365412,2026-09-26,Ituri,Djugu,Mangala,Tchele,Church,ECC,Low,Poor communication,Barriers to Engagement,0,6
879365414,2026-09-26,Ituri,Djugu,Mangala,Tchele,Church,ECC,Low,Poor communication,Barriers to Engagement,0,6
879365416,2026-09-26,Ituri,Djugu,Mangala,Tchele,Church,ECC,Low,Poor communication,Barriers to Engagement,0,6
879365422,2026-09-26,Ituri,Djugu,Mangala,Tchele,Church,ECC,Low,Poor communication,Barriers to Engagement,0,6
879365427,2026-09-26,Ituri,Djugu,Mangala,Tchele,Church,ECC,Low,Poor communication,Barriers to Engagement,0,6
879365432,2026-09-26,Ituri,Djugu,Mangala,Tchele,Church,ECC,Low,Poor communication,Barriers to Engagement,0,6
879365444,2026-09-26,Ituri,Djugu,Mangala,Tcy,Church,ECC,Low,Poor communication,Barriers to Engagement,0,6
879365450,2026-09-26,Ituri,Djugu,Mangala,Tchele,Church,ECC,Low,Poor communication,Barriers to Engagement,0,6
879365457,2026-09-26,Ituri,Djugu,Mangala,Tchele,Church,ECC,Low,Poor communication,Barriers to Engagement,0,6
879365462,2026-09-26,Ituri,Djugu,Mangala,Tchele,Church,ECC,Low,Poor communication,Barriers to Engagement,0,6
879365465,2026-09-26,Ituri,Djugu,Mangala,Tchele,Church,ECC,Low,Poor communication,Barriers to Engagement,0,6
879365468,2026-09-26,Ituri,Djugu,Mangala,Tchele,Church,ECC,Low,Poor communication,Barriers to Engagement,0,6
879365474,2026-09-26,Ituri,Djugu,Mangala,Tchele,Church,ECC,Low,Poor communication,Barriers to Engagement,0,6
879365478,2026-09-26,Ituri,Djugu,Mangala,Tchele,Church,ECC,Low,Poor communication,Barriers to Engagement,0,6
879552531,2026-09-27,Ituri,Djugu,Mangala,Tchele,Church,ECC,Low,Poor communication,Barriers to Engagement,0,6
879554947,2026-09-27,Ituri,Djugu,Mangala,Tchele,Church,ECC,Low,Poor communication,Barriers to Engagement,0,6
879635788,2026-09-27,Ituri,Djugu,Lita,Mutumbi,Faith-based health care facility,Roman Catholic Church,High,Poor communication,Barriers to Engagement,0,6
879635794,2026-09-27,Ituri,Djugu,Lita,Mutumbi,Church,Roman Catholic Church,Moderate,Poor communication,Barriers to Engagement,0,6
879635804,2026-09-27,Ituri,Djugu,Lita,Mutumbi,Church,ECC,High,Poor communication,Barriers to Engagement,1,6
879635814,2026-09-27,Ituri,Djugu,Lita,Mutumbi,Church,Roman Catholic Church,Moderate,Poor communication,Barriers to Engagement,0,6
879635826,2026-09-27,Ituri,Djugu,Lita,Mutumbi,Denominational school,ECC,Moderate,Poor communication,Barriers to Engagement,0,6
879685393,2026-09-23,Ituri,Djugu,Lita,Katoto,Faith-based health care facility,ECC,Low,Poor communication,Barriers to Engagement,0,6
879685396,2026-09-24,Ituri,Djugu,Lita,Katoto,Church,ECC,High,Poor communication,Barriers to Engagement,0,6
879685410,2026-09-25,Ituri,Djugu,Lita,Katoto,Church,ECC,Low,Poor communication,Barriers to Engagement,1,6
879685425,2026-09-25,Ituri,Djugu,Lita,Katoto,Church,ECC,Moderate,Poor communication,Barriers to Engagement,0,6
879685439,2026-09-25,Ituri,Djugu,Lita,Katoto,Church,ECC,High,Poor communication,Barriers to Engagement,0,6
879685455,2026-09-25,Ituri,Djugu,Lita,Katoto,Church,Roman Catholic Church,Low,Poor communication,Barriers to Engagement,0,6
879685474,2026-09-26,Ituri,Djugu,Lita,Katoto,Church,ECC,High,Poor communication,Barriers to Engagement,0,6
879685485,2026-09-26,Ituri,Djugu,Lita,Katoto,Church,Roman Catholic Church,Moderate,Poor communication,Barriers to Engagement,0,6
879685494,2026-09-26,Ituri,Djugu,Lita,Katoto,Church,Roman Catholic Church,Moderate,Poor communication,Barriers to Engagement,1,6
879685509,2026-09-27,Ituri,Djugu,Lita,Katoto,Church,ECC,Low,Poor communication,Barriers to Engagement,1,6
879685519,2026-09-27,Ituri,Djugu,Lita,Katoto,Church,ECC,Low,Poor communication,Barriers to Engagement,0,6
879685625,2026-09-27,Ituri,Djugu,Lita,Katoto,Church,ECC,Low,Poor communication,Barriers to Engagement,0,6
879685659,2026-09-27,Ituri,Djugu,Lita,Katoto,Church,ECC,Low,Poor communication,Barriers to Engagement,0,6
879685672,2026-09-27,Ituri,Djugu,Lita,Katoto,Church,Roman Catholic Church,Low,Poor communication,Barriers to Engagement,0,6
879685682,2026-09-27,Ituri,Djugu,Lita,Katoto,Church,Roman Catholic Church,High,Poor communication,Barriers to Engagement,0,6
879685686,2026-09-27,Ituri,Djugu,Lita,Katoto,Church,Roman Catholic Church,Low,Poor communication,Barriers to Engagement,0,6
879686019,2026-09-27,Ituri,Djugu,Lita,Katoto,Church,ECC,Low,Poor communication,Barriers to Engagement,0,6
879686043,2026-09-27,Ituri,Djugu,Lita,Katoto,Church,ECC,Moderate,Poor communication,Barriers to Engagement,0,6
879686056,2026-09-27,Ituri,Djugu,Lita,Katoto,Church,ECC,Moderate,Poor communication,Barriers to Engagement,0,6
879686066,2026-09-27,Ituri,Djugu,Lita,Katoto,Church,ECC,Low,Poor communication,Barriers to Engagement,0,6
841199154,2026-08-16,North Kivu,Beni,Beni,Kanzuli,Church,ECC,Moderate,Other barriers,Barriers to Engagement,1,7
841548610,2026-08-17,North Kivu,Beni,Beni,Kanzuli,Church,ECC,Low,Other barriers,Barriers to Engagement,0,7
842785213,2026-08-18,North Kivu,Beni,Beni,Kanzuli,Church,ECC,Moderate,Other barriers,Barriers to Engagement,0,7
843341124,2026-08-18,North Kivu,Beni,Beni,Ngongolio,Church,ECC,High,Other barriers,Barriers to Engagement,1,7
843348882,2026-08-18,North Kivu,Beni,Beni,Ngongolio,Church,ECC,High,Other barriers,Barriers to Engagement,1,7
843365757,2026-08-18,North Kivu,Beni,Beni,Tamende,Church,ECC,High,Other barriers,Barriers to Engagement,1,7
843369063,2026-08-18,North Kivu,Beni,Beni,Ngongolio,Church,ECC,High,Other barriers,Barriers to Engagement,1,7
843770142,2026-08-19,North Kivu,Beni,Beni,Boikene,Church,ECC,High,Other barriers,Barriers to Engagement,0,7
843828499,2026-08-18,North Kivu,Beni,Beni,Tamende,Church,ECC,Low,Other barriers,Barriers to Engagement,0,7
843841750,2026-08-19,North Kivu,Beni,Beni,Tamende,Church,Roman Catholic Church,Moderate,Other barriers,Barriers to Engagement,0,7
843887195,2026-08-19,North Kivu,Beni,Beni,Boikene,Denominational school,ECC,Moderate,Other barriers,Barriers to Engagement,0,7
843917903,2026-08-19,North Kivu,Beni,Beni,Boikene,Church,ECC,High,Other barriers,Barriers to Engagement,0,7
843940314,2026-08-19,North Kivu,Beni,Beni,Boikene,Church,ECC,High,Other barriers,Barriers to Engagement,0,7
843992799,2026-08-19,North Kivu,Beni,Beni,Boikene,Church,ECC,High,Other barriers,Barriers to Engagement,0,7
844181691,2026-08-19,North Kivu,Beni,Beni,Boikene,Church,ECC,High,Other barriers,Barriers to Engagement,0,7
845990019,2026-08-21,North Kivu,Beni,Beni,Mabakanga,Faith-based health care facility,ECC,Moderate,Other barriers,Barriers to Engagement,0,7
846487418,2026-08-21,North Kivu,Beni,Beni,Kanzuli,Church,ECC,High,Other barriers,Barriers to Engagement,0,7
846728240,2026-08-22,North Kivu,Beni,Beni,Boikene,Church,ECC,Moderate,Other barriers,Barriers to Engagement,0,7
846742619,2026-08-22,North Kivu,Beni,Beni,Boikene,Church,ECC,Moderate,Other barriers,Barriers to Engagement,0,7
846748689,2026-08-22,North Kivu,Beni,Beni,Boikene,Denominational school,ECC,High,Other barriers,Barriers to Engagement,0,7
847057490,2026-08-22,North Kivu,Beni,Beni,Mandrandele,Church,ECC,High,Other barriers,Barriers to Engagement,0,7
847069287,2026-08-22,North Kivu,Beni,Beni,Mandrandele,Church,ECC,High,Other barriers,Barriers to Engagement,0,7
847082157,2026-08-22,North Kivu,Beni,Beni,Mandrandele,Church,ECC,High,Other barriers,Barriers to Engagement,0,7
847268921,2026-08-23,North Kivu,Beni,Beni,Kasabinyole,Church,ECC,Low,Other barriers,Barriers to Engagement,0,7
847273941,2026-08-23,North Kivu,Beni,Beni,Kasabinyole,Church,ECC,Low,Other barriers,Barriers to Engagement,0,7
847285482,2026-08-23,North Kivu,Beni,Beni,Tuungane,Church,ECC,Low,Other barriers,Barriers to Engagement,0,7
847289604,2026-08-23,North Kivu,Beni,Beni,Tuungane,Denominational school,ECC,Low,Other barriers,Barriers to Engagement,0,7
847293655,2026-08-23,North Kivu,Beni,Beni,Tuungane,Denominational school,ECC,Low,Other barriers,Barriers to Engagement,0,7
847297827,2026-08-23,North Kivu,Beni,Beni,Tuungane,Church,ECC,Low,Other barriers,Barriers to Engagement,0,7
847302416,2026-08-23,North Kivu,Beni,Beni,Tuungane,Church,ECC,Low,Other barriers,Barriers to Engagement,0,7
847307012,2026-08-23,North Kivu,Beni,Beni,Anglicane,Denominational school,ECC,Low,Other barriers,Barriers to Engagement,0,7
847311861,2026-08-23,North Kivu,Beni,Beni,Anglicane,Church,ECC,Low,Other barriers,Barriers to Engagement,0,7
847586408,2026-08-23,North Kivu,Beni,Beni,Kuka,Church,ECC,Moderate,Other barriers,Barriers to Engagement,0,7
847600556,2026-08-23,North Kivu,Beni,Beni,Kuka,Church,ECC,High,Other barriers,Barriers to Engagement,0,7
847610633,2026-08-23,North Kivu,Beni,Beni,Kuka,Church,ECC,High,Other barriers,Barriers to Engagement,0,7
847862794,2026-08-14,North Kivu,Beni,Beni,Malepe,Church,ECC,High,Other barriers,Barriers to Engagement,1,7
849046030,2026-08-25,North Kivu,Beni,Beni,Ngongolio,Church,ECC,High,Other barriers,Barriers to Engagement,1,7
850045824,2026-08-26,North Kivu,Beni,Beni,Mangothe,Church,ECC,Moderate,Other barriers,Barriers to Engagement,0,7
850145543,2026-08-24,North Kivu,Beni,Beni,Malepe,Church,ECC,High,Other barriers,Barriers to Engagement,1,7
850180468,2026-08-26,North Kivu,Beni,Beni,Butanuka,Church,ECC,High,Other barriers,Barriers to Engagement,1,7
850508336,2026-08-26,North Kivu,Beni,Beni,Mabakanga,Faith-based health care facility,ECC,Low,Other barriers,Barriers to Engagement,0,7
850633361,2026-08-26,North Kivu,Beni,Beni,Tamende,Church,ECC,Low,Other barriers,Barriers to Engagement,0,7
850649059,2026-08-26,North Kivu,Beni,Beni,Mabakanga,Church,ECC,Moderate,Other barriers,Barriers to Engagement,0,7
850652676,2026-08-26,North Kivu,Beni,Beni,Gongolio,Church,Roman Catholic Church,Low,Other barriers,Barriers to Engagement,0,7
850657352,2026-08-26,North Kivu,Beni,Beni,Mabakanga,Church,ECC,High,Other barriers,Barriers to Engagement,0,7
850690706,2026-08-26,North Kivu,Beni,Beni,Mandrandele,Church,ECC,High,Other barriers,Barriers to Engagement,0,7
851141363,2026-08-26,North Kivu,Beni,Beni,Boikene,Church,ECC,High,Other barriers,Barriers to Engagement,0,7
851144057,2026-08-27,North Kivu,Beni,Beni,Malepe,Church,ECC,High,Other barriers,Barriers to Engagement,0,7
851154720,2026-08-27,North Kivu,Beni,Beni,Malepe,Church,ECC,High,Other barriers,Barriers to Engagement,0,7
851221822,2026-08-27,North Kivu,Beni,Beni,Malepe,Church,ECC,High,Other barriers,Barriers to Engagement,0,7
851246506,2026-08-27,North Kivu,Beni,Beni,Malepe,Church,ECC,High,Other barriers,Barriers to Engagement,1,7
851251697,2026-08-27,North Kivu,Beni,Beni,Rwangoma,Church,ECC,Moderate,Other barriers,Barriers to Engagement,0,7
851267049,2026-08-27,North Kivu,Beni,Beni,Butanuka,Denominational school,ECC,High,Other barriers,Barriers to Engagement,0,7
851289789,2026-08-27,North Kivu,Beni,Beni,Butanuka,Denominational organization,ECC,High,Other barriers,Barriers to Engagement,1,7
851322369,2026-08-27,North Kivu,Beni,Beni,Rwangoma,Church,ECC,Moderate,Other barriers,Barriers to Engagement,1,7
852140309,2026-08-28,North Kivu,Butembo,Katwa,Mitoya,Denominational school,ECC,Moderate,Other barriers,Barriers to Engagement,0,7
852167593,2026-08-28,North Kivu,Beni,Beni,Kanzuli,Denominational school,ECC,Low,Other barriers,Barriers to Engagement,0,7
852170534,2026-08-28,North Kivu,Butembo,Katwa,Katwa,Denominational school,ECC,High,Other barriers,Barriers to Engagement,0,7
852209874,2026-08-28,North Kivu,Beni,Beni,Kanzuli,Church,ECC,Moderate,Other barriers,Barriers to Engagement,0,7
852221246,2026-08-28,North Kivu,Beni,Beni,Malepe,Church,ECC,Low,Other barriers,Barriers to Engagement,0,7
852223652,2026-08-28,North Kivu,Butembo,Katwa,Mitoya,Church,ECC,High,Other barriers,Barriers to Engagement,0,7
852306872,2026-08-28,North Kivu,Beni,Beni,Kasabinyole,Church,ECC,Low,Other barriers,Barriers to Engagement,1,7
852311269,2026-08-28,North Kivu,Beni,Beni,Gbadolite,Church,ECC,Moderate,Other barriers,Barriers to Engagement,1,7
852311817,2026-08-28,North Kivu,Beni,Beni,Kanzuli,Church,ECC,Low,Other barriers,Barriers to Engagement,1,7
853058765,2026-08-29,North Kivu,Beni,Beni,Kanzuli,Church,ECC,Low,Other barriers,Barriers to Engagement,0,7
853068833,2026-08-29,North Kivu,Beni,Beni,Kanzuli,Church,ECC,Low,Other barriers,Barriers to Engagement,0,7
853700686,2026-08-30,North Kivu,Butembo,Katwa,Katwa,Denominational school,ECC,Low,Other barriers,Barriers to Engagement,0,7
853885257,2026-08-29,North Kivu,Beni,Beni,Beni,Church,ECC,Moderate,Other barriers,Barriers to Engagement,0,7
854183549,2026-08-14,North Kivu,Beni,Beni,Kasabinyole,Church,ECC,High,Other barriers,Barriers to Engagement,0,7
854192402,2026-08-31,North Kivu,Beni,Beni,Mabolio,Church,ECC,Low,Other barriers,Barriers to Engagement,0,7
854226558,2026-08-31,North Kivu,Lubero,Lubero,Rughenda,Church,ECC,Moderate,Other barriers,Barriers to Engagement,1,7
854295690,2026-08-26,North Kivu,Beni,Beni,Malepe,Church,ECC,Moderate,Other barriers,Barriers to Engagement,1,7
854335472,2026-08-31,North Kivu,Butembo,Katwa,Katwa,Church,ECC,Low,Other barriers,Barriers to Engagement,1,7
854361138,2026-08-31,North Kivu,Beni,Beni,Kanzuli,Church,ECC,Moderate,Other barriers,Barriers to Engagement,1,7
854632904,2026-08-31,North Kivu,Butembo,Katwa,Vuhika,Denominational school,ECC,Moderate,Other barriers,Barriers to Engagement,1,7
857307057,2026-08-30,North Kivu,Butembo,Katwa,Masuli,Faith-based health care facility,ECC,High,Other barriers,Barriers to Engagement,0,7
858859254,2026-09-04,North Kivu,Beni,Beni,Mandrandele,Church,ECC,High,Other barriers,Barriers to Engagement,0,7
859495986,2026-08-31,North Kivu,Beni,Beni,Kasabinyole,Church,ECC,High,Other barriers,Barriers to Engagement,1,7
859495990,2026-08-31,North Kivu,Beni,Beni,Butsili,Church,ECC,High,Other barriers,Barriers to Engagement,1,7
859495993,2026-08-31,North Kivu,Beni,Beni,Butsili,Church,ECC,High,Other barriers,Barriers to Engagement,1,7
862786531,2026-09-09,North Kivu,Beni,Beni,Ngilinga Muloku,Church,ECC,High,Other barriers,Barriers to Engagement,0,7
862801808,2026-09-09,North Kivu,Beni,Beni,Kanzuli,Church,ECC,High,Other barriers,Barriers to Engagement,1,7
862818930,2026-09-09,North Kivu,Beni,Beni,Kanzuli,Church,ECC,Moderate,Other barriers,Barriers to Engagement,1,7
862836160,2026-09-09,North Kivu,Beni,Beni,Kanzuli,Denominational school,ECC,Moderate,Other barriers,Barriers to Engagement,0,7
862888563,2026-09-09,North Kivu,Beni,Beni,Kanzuli Nzuki,Denominational school,ECC,High,Other barriers,Barriers to Engagement,1,7
875869474,2026-09-21,North Kivu,Beni,Beni,Kasanga,Faith-based health care facility,ECC,Moderate,Other barriers,Barriers to Engagement,0,7
876079652,2026-09-23,North Kivu,Beni,Beni,Kasanga,Faith-based health care facility,ECC,Low,Other barriers,Barriers to Engagement,0,7
876920737,2026-09-22,Ituri,Djugu,Mangala,Tchele,Church,Roman Catholic Church,Low,Other barriers,Barriers to Engagement,0,7
876996119,2026-09-24,Ituri,Djugu,Mangala,Tchele,Church,Roman Catholic Church,Low,Other barriers,Barriers to Engagement,0,7
877017789,2026-09-24,Ituri,Djugu,Mangala,Tchele,Church,Roman Catholic Church,Low,Other barriers,Barriers to Engagement,0,7
877029755,2026-09-24,Ituri,Djugu,Mangala,Tchele,Church,Roman Catholic Church,Low,Other barriers,Barriers to Engagement,0,7
877043915,2026-09-24,Ituri,Djugu,Mangala,Tchele,Church,Roman Catholic Church,Low,Other barriers,Barriers to Engagement,0,7
878062446,2026-09-25,Ituri,Djugu,Lita,Mutumbi,Church,ECC,High,Other barriers,Barriers to Engagement,0,7
878062450,2026-09-25,Ituri,Djugu,Lita,Mutumbi,Church,ECC,Low,Other barriers,Barriers to Engagement,0,7
878062460,2026-09-25,Ituri,Djugu,Lita,Mutumbi,Church,ECC,Low,Other barriers,Barriers to Engagement,0,7
878062468,2026-09-25,Ituri,Djugu,Lita,Mutumbi,Church,ECC,High,Other barriers,Barriers to Engagement,0,7
878062475,2026-09-25,Ituri,Djugu,Lita,Mutumbi,Church,ECC,Moderate,Other barriers,Barriers to Engagement,0,7
878771972,2026-09-25,Ituri,Djugu,Mangala,Tchele,Church,Roman Catholic Church,Low,Other barriers,Barriers to Engagement,0,7
878771977,2026-09-26,Ituri,Djugu,Mangala,Tchele,Church,ECC,Low,Other barriers,Barriers to Engagement,0,7
878775076,2026-09-26,Ituri,Djugu,Mangala,Tchele,Church,ECC,Low,Other barriers,Barriers to Engagement,0,7
878784129,2026-09-26,Ituri,Djugu,Mangala,Tchele,Church,Roman Catholic Church,Low,Other barriers,Barriers to Engagement,0,7
878790544,2026-09-26,Ituri,Djugu,Mangala,Tchele,Church,Roman Catholic Church,Low,Other barriers,Barriers to Engagement,0,7
878794554,2026-09-26,Ituri,Djugu,Mangala,Tchele,Church,Roman Catholic Church,Low,Other barriers,Barriers to Engagement,0,7
878860056,2026-09-26,Ituri,Djugu,Mangala,Tchele,Church,Roman Catholic Church,Low,Other barriers,Barriers to Engagement,0,7
878863016,2026-09-26,Ituri,Djugu,Mangala,Tchele,Church,ECC,Low,Other barriers,Barriers to Engagement,0,7
878869824,2026-09-26,Ituri,Djugu,Mangala,Tchele,Church,ECC,Low,Other barriers,Barriers to Engagement,0,7
878896880,2026-09-26,Ituri,Djugu,Mangala,Tchele,Church,ECC,Low,Other barriers,Barriers to Engagement,0,7
878997028,2026-09-26,Ituri,Djugu,Lita,Bahwere,Denominational school,ECC,Low,Other barriers,Barriers to Engagement,0,7
878997035,2026-09-26,Ituri,Djugu,Lita,Bahwere,Denominational school,ECC,Low,Other barriers,Barriers to Engagement,0,7
878997051,2026-09-26,Ituri,Djugu,Lita,Bahwere,Church,ECC,Low,Other barriers,Barriers to Engagement,0,7
878997059,2026-09-26,Ituri,Djugu,Lita,Bahwere,Church,ECC,Moderate,Other barriers,Barriers to Engagement,0,7
878997068,2026-09-26,Ituri,Djugu,Lita,Bahwere,Denominational school,ECC,Moderate,Other barriers,Barriers to Engagement,0,7
878997075,2026-09-26,Ituri,Djugu,Lita,Bahwere,Church,Roman Catholic Church,Moderate,Other barriers,Barriers to Engagement,0,7
878997091,2026-09-26,Ituri,Djugu,Lita,Bahwere,Church,ECC,Moderate,Other barriers,Barriers to Engagement,0,7
878997100,2026-09-26,Ituri,Djugu,Lita,Bahwere,Denominational organization,ECC,Moderate,Other barriers,Barriers to Engagement,0,7
878997108,2026-09-26,Ituri,Djugu,Lita,Bahwere,Church,ECC,Low,Other barriers,Barriers to Engagement,0,7
878997115,2026-09-26,Ituri,Djugu,Lita,Bahwere,Church,ECC,Moderate,Other barriers,Barriers to Engagement,0,7
879117541,2026-09-26,Ituri,Djugu,Mangala,Tchele,Church,ECC,Low,Other barriers,Barriers to Engagement,0,7
879122054,2026-09-26,Ituri,Djugu,Mangala,Tchele,Church,ECC,Low,Other barriers,Barriers to Engagement,0,7
879202178,2026-09-25,Ituri,Djugu,Mangala,Tchele,Church,ECC,Low,Other barriers,Barriers to Engagement,0,7
879365390,2026-09-25,Ituri,Djugu,Mangala,Tchele,Church,ECC,Low,Other barriers,Barriers to Engagement,0,7
879365392,2026-09-25,Ituri,Djugu,Mangala,Tchele,Church,ECC,Low,Other barriers,Barriers to Engagement,0,7
879365398,2026-09-25,Ituri,Djugu,Mangala,Tchele,Church,ECC,Low,Other barriers,Barriers to Engagement,0,7
879365403,2026-09-25,Ituri,Djugu,Mangala,Tchele,Church,ECC,Low,Other barriers,Barriers to Engagement,0,7
879365407,2026-09-26,Ituri,Djugu,Mangala,Tchele,Church,ECC,Low,Other barriers,Barriers to Engagement,0,7
879365412,2026-09-26,Ituri,Djugu,Mangala,Tchele,Church,ECC,Low,Other barriers,Barriers to Engagement,0,7
879365414,2026-09-26,Ituri,Djugu,Mangala,Tchele,Church,ECC,Low,Other barriers,Barriers to Engagement,0,7
879365416,2026-09-26,Ituri,Djugu,Mangala,Tchele,Church,ECC,Low,Other barriers,Barriers to Engagement,0,7
879365422,2026-09-26,Ituri,Djugu,Mangala,Tchele,Church,ECC,Low,Other barriers,Barriers to Engagement,0,7
879365427,2026-09-26,Ituri,Djugu,Mangala,Tchele,Church,ECC,Low,Other barriers,Barriers to Engagement,0,7
879365432,2026-09-26,Ituri,Djugu,Mangala,Tchele,Church,ECC,Low,Other barriers,Barriers to Engagement,0,7
879365444,2026-09-26,Ituri,Djugu,Mangala,Tcy,Church,ECC,Low,Other barriers,Barriers to Engagement,0,7
879365450,2026-09-26,Ituri,Djugu,Mangala,Tchele,Church,ECC,Low,Other barriers,Barriers to Engagement,0,7
879365457,2026-09-26,Ituri,Djugu,Mangala,Tchele,Church,ECC,Low,Other barriers,Barriers to Engagement,0,7
879365462,2026-09-26,Ituri,Djugu,Mangala,Tchele,Church,ECC,Low,Other barriers,Barriers to Engagement,0,7
879365465,2026-09-26,Ituri,Djugu,Mangala,Tchele,Church,ECC,Low,Other barriers,Barriers to Engagement,0,7
879365468,2026-09-26,Ituri,Djugu,Mangala,Tchele,Church,ECC,Low,Other barriers,Barriers to Engagement,0,7
879365474,2026-09-26,Ituri,Djugu,Mangala,Tchele,Church,ECC,Low,Other barriers,Barriers to Engagement,0,7
879365478,2026-09-26,Ituri,Djugu,Mangala,Tchele,Church,ECC,Low,Other barriers,Barriers to Engagement,0,7
879552531,2026-09-27,Ituri,Djugu,Mangala,Tchele,Church,ECC,Low,Other barriers,Barriers to Engagement,0,7
879554947,2026-09-27,Ituri,Djugu,Mangala,Tchele,Church,ECC,Low,Other barriers,Barriers to Engagement,0,7
879635788,2026-09-27,Ituri,Djugu,Lita,Mutumbi,Faith-based health care facility,Roman Catholic Church,High,Other barriers,Barriers to Engagement,0,7
879635794,2026-09-27,Ituri,Djugu,Lita,Mutumbi,Church,Roman Catholic Church,Moderate,Other barriers,Barriers to Engagement,0,7
879635804,2026-09-27,Ituri,Djugu,Lita,Mutumbi,Church,ECC,High,Other barriers,Barriers to Engagement,0,7
879635814,2026-09-27,Ituri,Djugu,Lita,Mutumbi,Church,Roman Catholic Church,Moderate,Other barriers,Barriers to Engagement,0,7
879635826,2026-09-27,Ituri,Djugu,Lita,Mutumbi,Denominational school,ECC,Moderate,Other barriers,Barriers to Engagement,0,7
879685393,2026-09-23,Ituri,Djugu,Lita,Katoto,Faith-based health care facility,ECC,Low,Other barriers,Barriers to Engagement,0,7
879685396,2026-09-24,Ituri,Djugu,Lita,Katoto,Church,ECC,High,Other barriers,Barriers to Engagement,0,7
879685410,2026-09-25,Ituri,Djugu,Lita,Katoto,Church,ECC,Low,Other barriers,Barriers to Engagement,0,7
879685425,2026-09-25,Ituri,Djugu,Lita,Katoto,Church,ECC,Moderate,Other barriers,Barriers to Engagement,1,7
879685439,2026-09-25,Ituri,Djugu,Lita,Katoto,Church,ECC,High,Other barriers,Barriers to Engagement,0,7
879685455,2026-09-25,Ituri,Djugu,Lita,Katoto,Church,Roman Catholic Church,Low,Other barriers,Barriers to Engagement,0,7
879685474,2026-09-26,Ituri,Djugu,Lita,Katoto,Church,ECC,High,Other barriers,Barriers to Engagement,0,7
879685485,2026-09-26,Ituri,Djugu,Lita,Katoto,Church,Roman Catholic Church,Moderate,Other barriers,Barriers to Engagement,1,7
879685494,2026-09-26,Ituri,Djugu,Lita,Katoto,Church,Roman Catholic Church,Moderate,Other barriers,Barriers to Engagement,0,7
879685509,2026-09-27,Ituri,Djugu,Lita,Katoto,Church,ECC,Low,Other barriers,Barriers to Engagement,0,7
879685519,2026-09-27,Ituri,Djugu,Lita,Katoto,Church,ECC,Low,Other barriers,Barriers to Engagement,0,7
879685625,2026-09-27,Ituri,Djugu,Lita,Katoto,Church,ECC,Low,Other barriers,Barriers to Engagement,0,7
879685659,2026-09-27,Ituri,Djugu,Lita,Katoto,Church,ECC,Low,Other barriers,Barriers to Engagement,0,7
879685672,2026-09-27,Ituri,Djugu,Lita,Katoto,Church,Roman Catholic Church,Low,Other barriers,Barriers to Engagement,0,7
879685682,2026-09-27,Ituri,Djugu,Lita,Katoto,Church,Roman Catholic Church,High,Other barriers,Barriers to Engagement,0,7
879685686,2026-09-27,Ituri,Djugu,Lita,Katoto,Church,Roman Catholic Church,Low,Other barriers,Barriers to Engagement,0,7
879686019,2026-09-27,Ituri,Djugu,Lita,Katoto,Church,ECC,Low,Other barriers,Barriers to Engagement,0,7
879686043,2026-09-27,Ituri,Djugu,Lita,Katoto,Church,ECC,Moderate,Other barriers,Barriers to Engagement,0,7
879686056,2026-09-27,Ituri,Djugu,Lita,Katoto,Church,ECC,Moderate,Other barriers,Barriers to Engagement,0,7
879686066,2026-09-27,Ituri,Djugu,Lita,Katoto,Church,ECC,Low,Other barriers,Barriers to Engagement,0,7
841199154,2026-08-16,North Kivu,Beni,Beni,Kanzuli,Church,ECC,Moderate,Poor coordination,Barriers to Engagement,0,8
841548610,2026-08-17,North Kivu,Beni,Beni,Kanzuli,Church,ECC,Low,Poor coordination,Barriers to Engagement,1,8
842785213,2026-08-18,North Kivu,Beni,Beni,Kanzuli,Church,ECC,Moderate,Poor coordination,Barriers to Engagement,0,8
843341124,2026-08-18,North Kivu,Beni,Beni,Ngongolio,Church,ECC,High,Poor coordination,Barriers to Engagement,1,8
843348882,2026-08-18,North Kivu,Beni,Beni,Ngongolio,Church,ECC,High,Poor coordination,Barriers to Engagement,1,8
843365757,2026-08-18,North Kivu,Beni,Beni,Tamende,Church,ECC,High,Poor coordination,Barriers to Engagement,1,8
843369063,2026-08-18,North Kivu,Beni,Beni,Ngongolio,Church,ECC,High,Poor coordination,Barriers to Engagement,1,8
843770142,2026-08-19,North Kivu,Beni,Beni,Boikene,Church,ECC,High,Poor coordination,Barriers to Engagement,0,8
843828499,2026-08-18,North Kivu,Beni,Beni,Tamende,Church,ECC,Low,Poor coordination,Barriers to Engagement,1,8
843841750,2026-08-19,North Kivu,Beni,Beni,Tamende,Church,Roman Catholic Church,Moderate,Poor coordination,Barriers to Engagement,1,8
843887195,2026-08-19,North Kivu,Beni,Beni,Boikene,Denominational school,ECC,Moderate,Poor coordination,Barriers to Engagement,0,8
843917903,2026-08-19,North Kivu,Beni,Beni,Boikene,Church,ECC,High,Poor coordination,Barriers to Engagement,0,8
843940314,2026-08-19,North Kivu,Beni,Beni,Boikene,Church,ECC,High,Poor coordination,Barriers to Engagement,0,8
843992799,2026-08-19,North Kivu,Beni,Beni,Boikene,Church,ECC,High,Poor coordination,Barriers to Engagement,0,8
844181691,2026-08-19,North Kivu,Beni,Beni,Boikene,Church,ECC,High,Poor coordination,Barriers to Engagement,0,8
845990019,2026-08-21,North Kivu,Beni,Beni,Mabakanga,Faith-based health care facility,ECC,Moderate,Poor coordination,Barriers to Engagement,1,8
846487418,2026-08-21,North Kivu,Beni,Beni,Kanzuli,Church,ECC,High,Poor coordination,Barriers to Engagement,0,8
846728240,2026-08-22,North Kivu,Beni,Beni,Boikene,Church,ECC,Moderate,Poor coordination,Barriers to Engagement,0,8
846742619,2026-08-22,North Kivu,Beni,Beni,Boikene,Church,ECC,Moderate,Poor coordination,Barriers to Engagement,0,8
846748689,2026-08-22,North Kivu,Beni,Beni,Boikene,Denominational school,ECC,High,Poor coordination,Barriers to Engagement,0,8
847057490,2026-08-22,North Kivu,Beni,Beni,Mandrandele,Church,ECC,High,Poor coordination,Barriers to Engagement,0,8
847069287,2026-08-22,North Kivu,Beni,Beni,Mandrandele,Church,ECC,High,Poor coordination,Barriers to Engagement,0,8
847082157,2026-08-22,North Kivu,Beni,Beni,Mandrandele,Church,ECC,High,Poor coordination,Barriers to Engagement,0,8
847268921,2026-08-23,North Kivu,Beni,Beni,Kasabinyole,Church,ECC,Low,Poor coordination,Barriers to Engagement,0,8
847273941,2026-08-23,North Kivu,Beni,Beni,Kasabinyole,Church,ECC,Low,Poor coordination,Barriers to Engagement,0,8
847285482,2026-08-23,North Kivu,Beni,Beni,Tuungane,Church,ECC,Low,Poor coordination,Barriers to Engagement,1,8
847289604,2026-08-23,North Kivu,Beni,Beni,Tuungane,Denominational school,ECC,Low,Poor coordination,Barriers to Engagement,0,8
847293655,2026-08-23,North Kivu,Beni,Beni,Tuungane,Denominational school,ECC,Low,Poor coordination,Barriers to Engagement,1,8
847297827,2026-08-23,North Kivu,Beni,Beni,Tuungane,Church,ECC,Low,Poor coordination,Barriers to Engagement,0,8
847302416,2026-08-23,North Kivu,Beni,Beni,Tuungane,Church,ECC,Low,Poor coordination,Barriers to Engagement,0,8
847307012,2026-08-23,North Kivu,Beni,Beni,Anglicane,Denominational school,ECC,Low,Poor coordination,Barriers to Engagement,0,8
847311861,2026-08-23,North Kivu,Beni,Beni,Anglicane,Church,ECC,Low,Poor coordination,Barriers to Engagement,1,8
847586408,2026-08-23,North Kivu,Beni,Beni,Kuka,Church,ECC,Moderate,Poor coordination,Barriers to Engagement,0,8
847600556,2026-08-23,North Kivu,Beni,Beni,Kuka,Church,ECC,High,Poor coordination,Barriers to Engagement,0,8
847610633,2026-08-23,North Kivu,Beni,Beni,Kuka,Church,ECC,High,Poor coordination,Barriers to Engagement,0,8
847862794,2026-08-14,North Kivu,Beni,Beni,Malepe,Church,ECC,High,Poor coordination,Barriers to Engagement,0,8
849046030,2026-08-25,North Kivu,Beni,Beni,Ngongolio,Church,ECC,High,Poor coordination,Barriers to Engagement,1,8
850045824,2026-08-26,North Kivu,Beni,Beni,Mangothe,Church,ECC,Moderate,Poor coordination,Barriers to Engagement,0,8
850145543,2026-08-24,North Kivu,Beni,Beni,Malepe,Church,ECC,High,Poor coordination,Barriers to Engagement,0,8
850180468,2026-08-26,North Kivu,Beni,Beni,Butanuka,Church,ECC,High,Poor coordination,Barriers to Engagement,0,8
850508336,2026-08-26,North Kivu,Beni,Beni,Mabakanga,Faith-based health care facility,ECC,Low,Poor coordination,Barriers to Engagement,1,8
850633361,2026-08-26,North Kivu,Beni,Beni,Tamende,Church,ECC,Low,Poor coordination,Barriers to Engagement,1,8
850649059,2026-08-26,North Kivu,Beni,Beni,Mabakanga,Church,ECC,Moderate,Poor coordination,Barriers to Engagement,0,8
850652676,2026-08-26,North Kivu,Beni,Beni,Gongolio,Church,Roman Catholic Church,Low,Poor coordination,Barriers to Engagement,1,8
850657352,2026-08-26,North Kivu,Beni,Beni,Mabakanga,Church,ECC,High,Poor coordination,Barriers to Engagement,0,8
850690706,2026-08-26,North Kivu,Beni,Beni,Mandrandele,Church,ECC,High,Poor coordination,Barriers to Engagement,0,8
851141363,2026-08-26,North Kivu,Beni,Beni,Boikene,Church,ECC,High,Poor coordination,Barriers to Engagement,0,8
851144057,2026-08-27,North Kivu,Beni,Beni,Malepe,Church,ECC,High,Poor coordination,Barriers to Engagement,0,8
851154720,2026-08-27,North Kivu,Beni,Beni,Malepe,Church,ECC,High,Poor coordination,Barriers to Engagement,0,8
851221822,2026-08-27,North Kivu,Beni,Beni,Malepe,Church,ECC,High,Poor coordination,Barriers to Engagement,0,8
851246506,2026-08-27,North Kivu,Beni,Beni,Malepe,Church,ECC,High,Poor coordination,Barriers to Engagement,0,8
851251697,2026-08-27,North Kivu,Beni,Beni,Rwangoma,Church,ECC,Moderate,Poor coordination,Barriers to Engagement,0,8
851267049,2026-08-27,North Kivu,Beni,Beni,Butanuka,Denominational school,ECC,High,Poor coordination,Barriers to Engagement,0,8
851289789,2026-08-27,North Kivu,Beni,Beni,Butanuka,Denominational organization,ECC,High,Poor coordination,Barriers to Engagement,0,8
851322369,2026-08-27,North Kivu,Beni,Beni,Rwangoma,Church,ECC,Moderate,Poor coordination,Barriers to Engagement,0,8
852140309,2026-08-28,North Kivu,Butembo,Katwa,Mitoya,Denominational school,ECC,Moderate,Poor coordination,Barriers to Engagement,0,8
852167593,2026-08-28,North Kivu,Beni,Beni,Kanzuli,Denominational school,ECC,Low,Poor coordination,Barriers to Engagement,1,8
852170534,2026-08-28,North Kivu,Butembo,Katwa,Katwa,Denominational school,ECC,High,Poor coordination,Barriers to Engagement,0,8
852209874,2026-08-28,North Kivu,Beni,Beni,Kanzuli,Church,ECC,Moderate,Poor coordination,Barriers to Engagement,1,8
852221246,2026-08-28,North Kivu,Beni,Beni,Malepe,Church,ECC,Low,Poor coordination,Barriers to Engagement,1,8
852223652,2026-08-28,North Kivu,Butembo,Katwa,Mitoya,Church,ECC,High,Poor coordination,Barriers to Engagement,0,8
852306872,2026-08-28,North Kivu,Beni,Beni,Kasabinyole,Church,ECC,Low,Poor coordination,Barriers to Engagement,1,8
852311269,2026-08-28,North Kivu,Beni,Beni,Gbadolite,Church,ECC,Moderate,Poor coordination,Barriers to Engagement,1,8
852311817,2026-08-28,North Kivu,Beni,Beni,Kanzuli,Church,ECC,Low,Poor coordination,Barriers to Engagement,0,8
853058765,2026-08-29,North Kivu,Beni,Beni,Kanzuli,Church,ECC,Low,Poor coordination,Barriers to Engagement,1,8
853068833,2026-08-29,North Kivu,Beni,Beni,Kanzuli,Church,ECC,Low,Poor coordination,Barriers to Engagement,0,8
853700686,2026-08-30,North Kivu,Butembo,Katwa,Katwa,Denominational school,ECC,Low,Poor coordination,Barriers to Engagement,0,8
853885257,2026-08-29,North Kivu,Beni,Beni,Beni,Church,ECC,Moderate,Poor coordination,Barriers to Engagement,0,8
854183549,2026-08-14,North Kivu,Beni,Beni,Kasabinyole,Church,ECC,High,Poor coordination,Barriers to Engagement,0,8
854192402,2026-08-31,North Kivu,Beni,Beni,Mabolio,Church,ECC,Low,Poor coordination,Barriers to Engagement,0,8
854226558,2026-08-31,North Kivu,Lubero,Lubero,Rughenda,Church,ECC,Moderate,Poor coordination,Barriers to Engagement,0,8
854295690,2026-08-26,North Kivu,Beni,Beni,Malepe,Church,ECC,Moderate,Poor coordination,Barriers to Engagement,0,8
854335472,2026-08-31,North Kivu,Butembo,Katwa,Katwa,Church,ECC,Low,Poor coordination,Barriers to Engagement,0,8
854361138,2026-08-31,North Kivu,Beni,Beni,Kanzuli,Church,ECC,Moderate,Poor coordination,Barriers to Engagement,0,8
854632904,2026-08-31,North Kivu,Butembo,Katwa,Vuhika,Denominational school,ECC,Moderate,Poor coordination,Barriers to Engagement,0,8
857307057,2026-08-30,North Kivu,Butembo,Katwa,Masuli,Faith-based health care facility,ECC,High,Poor coordination,Barriers to Engagement,0,8
858859254,2026-09-04,North Kivu,Beni,Beni,Mandrandele,Church,ECC,High,Poor coordination,Barriers to Engagement,0,8
859495986,2026-08-31,North Kivu,Beni,Beni,Kasabinyole,Church,ECC,High,Poor coordination,Barriers to Engagement,0,8
859495990,2026-08-31,North Kivu,Beni,Beni,Butsili,Church,ECC,High,Poor coordination,Barriers to Engagement,1,8
859495993,2026-08-31,North Kivu,Beni,Beni,Butsili,Church,ECC,High,Poor coordination,Barriers to Engagement,1,8
862786531,2026-09-09,North Kivu,Beni,Beni,Ngilinga Muloku,Church,ECC,High,Poor coordination,Barriers to Engagement,0,8
862801808,2026-09-09,North Kivu,Beni,Beni,Kanzuli,Church,ECC,High,Poor coordination,Barriers to Engagement,0,8
862818930,2026-09-09,North Kivu,Beni,Beni,Kanzuli,Church,ECC,Moderate,Poor coordination,Barriers to Engagement,0,8
862836160,2026-09-09,North Kivu,Beni,Beni,Kanzuli,Denominational school,ECC,Moderate,Poor coordination,Barriers to Engagement,0,8
862888563,2026-09-09,North Kivu,Beni,Beni,Kanzuli Nzuki,Denominational school,ECC,High,Poor coordination,Barriers to Engagement,0,8
875869474,2026-09-21,North Kivu,Beni,Beni,Kasanga,Faith-based health care facility,ECC,Moderate,Poor coordination,Barriers to Engagement,0,8
876079652,2026-09-23,North Kivu,Beni,Beni,Kasanga,Faith-based health care facility,ECC,Low,Poor coordination,Barriers to Engagement,0,8
876920737,2026-09-22,Ituri,Djugu,Mangala,Tchele,Church,Roman Catholic Church,Low,Poor coordination,Barriers to Engagement,0,8
876996119,2026-09-24,Ituri,Djugu,Mangala,Tchele,Church,Roman Catholic Church,Low,Poor coordination,Barriers to Engagement,0,8
877017789,2026-09-24,Ituri,Djugu,Mangala,Tchele,Church,Roman Catholic Church,Low,Poor coordination,Barriers to Engagement,0,8
877029755,2026-09-24,Ituri,Djugu,Mangala,Tchele,Church,Roman Catholic Church,Low,Poor coordination,Barriers to Engagement,0,8
877043915,2026-09-24,Ituri,Djugu,Mangala,Tchele,Church,Roman Catholic Church,Low,Poor coordination,Barriers to Engagement,0,8
878062446,2026-09-25,Ituri,Djugu,Lita,Mutumbi,Church,ECC,High,Poor coordination,Barriers to Engagement,0,8
878062450,2026-09-25,Ituri,Djugu,Lita,Mutumbi,Church,ECC,Low,Poor coordination,Barriers to Engagement,0,8
878062460,2026-09-25,Ituri,Djugu,Lita,Mutumbi,Church,ECC,Low,Poor coordination,Barriers to Engagement,0,8
878062468,2026-09-25,Ituri,Djugu,Lita,Mutumbi,Church,ECC,High,Poor coordination,Barriers to Engagement,0,8
878062475,2026-09-25,Ituri,Djugu,Lita,Mutumbi,Church,ECC,Moderate,Poor coordination,Barriers to Engagement,0,8
878771972,2026-09-25,Ituri,Djugu,Mangala,Tchele,Church,Roman Catholic Church,Low,Poor coordination,Barriers to Engagement,0,8
878771977,2026-09-26,Ituri,Djugu,Mangala,Tchele,Church,ECC,Low,Poor coordination,Barriers to Engagement,0,8
878775076,2026-09-26,Ituri,Djugu,Mangala,Tchele,Church,ECC,Low,Poor coordination,Barriers to Engagement,0,8
878784129,2026-09-26,Ituri,Djugu,Mangala,Tchele,Church,Roman Catholic Church,Low,Poor coordination,Barriers to Engagement,0,8
878790544,2026-09-26,Ituri,Djugu,Mangala,Tchele,Church,Roman Catholic Church,Low,Poor coordination,Barriers to Engagement,0,8
878794554,2026-09-26,Ituri,Djugu,Mangala,Tchele,Church,Roman Catholic Church,Low,Poor coordination,Barriers to Engagement,0,8
878860056,2026-09-26,Ituri,Djugu,Mangala,Tchele,Church,Roman Catholic Church,Low,Poor coordination,Barriers to Engagement,0,8
878863016,2026-09-26,Ituri,Djugu,Mangala,Tchele,Church,ECC,Low,Poor coordination,Barriers to Engagement,0,8
878869824,2026-09-26,Ituri,Djugu,Mangala,Tchele,Church,ECC,Low,Poor coordination,Barriers to Engagement,0,8
878896880,2026-09-26,Ituri,Djugu,Mangala,Tchele,Church,ECC,Low,Poor coordination,Barriers to Engagement,0,8
878997028,2026-09-26,Ituri,Djugu,Lita,Bahwere,Denominational school,ECC,Low,Poor coordination,Barriers to Engagement,0,8
878997035,2026-09-26,Ituri,Djugu,Lita,Bahwere,Denominational school,ECC,Low,Poor coordination,Barriers to Engagement,0,8
878997051,2026-09-26,Ituri,Djugu,Lita,Bahwere,Church,ECC,Low,Poor coordination,Barriers to Engagement,0,8
878997059,2026-09-26,Ituri,Djugu,Lita,Bahwere,Church,ECC,Moderate,Poor coordination,Barriers to Engagement,0,8
878997068,2026-09-26,Ituri,Djugu,Lita,Bahwere,Denominational school,ECC,Moderate,Poor coordination,Barriers to Engagement,0,8
878997075,2026-09-26,Ituri,Djugu,Lita,Bahwere,Church,Roman Catholic Church,Moderate,Poor coordination,Barriers to Engagement,0,8
878997091,2026-09-26,Ituri,Djugu,Lita,Bahwere,Church,ECC,Moderate,Poor coordination,Barriers to Engagement,0,8
878997100,2026-09-26,Ituri,Djugu,Lita,Bahwere,Denominational organization,ECC,Moderate,Poor coordination,Barriers to Engagement,0,8
878997108,2026-09-26,Ituri,Djugu,Lita,Bahwere,Church,ECC,Low,Poor coordination,Barriers to Engagement,1,8
878997115,2026-09-26,Ituri,Djugu,Lita,Bahwere,Church,ECC,Moderate,Poor coordination,Barriers to Engagement,0,8
879117541,2026-09-26,Ituri,Djugu,Mangala,Tchele,Church,ECC,Low,Poor coordination,Barriers to Engagement,0,8
879122054,2026-09-26,Ituri,Djugu,Mangala,Tchele,Church,ECC,Low,Poor coordination,Barriers to Engagement,0,8
879202178,2026-09-25,Ituri,Djugu,Mangala,Tchele,Church,ECC,Low,Poor coordination,Barriers to Engagement,0,8
879365390,2026-09-25,Ituri,Djugu,Mangala,Tchele,Church,ECC,Low,Poor coordination,Barriers to Engagement,0,8
879365392,2026-09-25,Ituri,Djugu,Mangala,Tchele,Church,ECC,Low,Poor coordination,Barriers to Engagement,0,8
879365398,2026-09-25,Ituri,Djugu,Mangala,Tchele,Church,ECC,Low,Poor coordination,Barriers to Engagement,0,8
879365403,2026-09-25,Ituri,Djugu,Mangala,Tchele,Church,ECC,Low,Poor coordination,Barriers to Engagement,0,8
879365407,2026-09-26,Ituri,Djugu,Mangala,Tchele,Church,ECC,Low,Poor coordination,Barriers to Engagement,0,8
879365412,2026-09-26,Ituri,Djugu,Mangala,Tchele,Church,ECC,Low,Poor coordination,Barriers to Engagement,0,8
879365414,2026-09-26,Ituri,Djugu,Mangala,Tchele,Church,ECC,Low,Poor coordination,Barriers to Engagement,0,8
879365416,2026-09-26,Ituri,Djugu,Mangala,Tchele,Church,ECC,Low,Poor coordination,Barriers to Engagement,0,8
879365422,2026-09-26,Ituri,Djugu,Mangala,Tchele,Church,ECC,Low,Poor coordination,Barriers to Engagement,0,8
879365427,2026-09-26,Ituri,Djugu,Mangala,Tchele,Church,ECC,Low,Poor coordination,Barriers to Engagement,0,8
879365432,2026-09-26,Ituri,Djugu,Mangala,Tchele,Church,ECC,Low,Poor coordination,Barriers to Engagement,0,8
879365444,2026-09-26,Ituri,Djugu,Mangala,Tcy,Church,ECC,Low,Poor coordination,Barriers to Engagement,0,8
879365450,2026-09-26,Ituri,Djugu,Mangala,Tchele,Church,ECC,Low,Poor coordination,Barriers to Engagement,0,8
879365457,2026-09-26,Ituri,Djugu,Mangala,Tchele,Church,ECC,Low,Poor coordination,Barriers to Engagement,0,8
879365462,2026-09-26,Ituri,Djugu,Mangala,Tchele,Church,ECC,Low,Poor coordination,Barriers to Engagement,0,8
879365465,2026-09-26,Ituri,Djugu,Mangala,Tchele,Church,ECC,Low,Poor coordination,Barriers to Engagement,0,8
879365468,2026-09-26,Ituri,Djugu,Mangala,Tchele,Church,ECC,Low,Poor coordination,Barriers to Engagement,0,8
879365474,2026-09-26,Ituri,Djugu,Mangala,Tchele,Church,ECC,Low,Poor coordination,Barriers to Engagement,0,8
879365478,2026-09-26,Ituri,Djugu,Mangala,Tchele,Church,ECC,Low,Poor coordination,Barriers to Engagement,0,8
879552531,2026-09-27,Ituri,Djugu,Mangala,Tchele,Church,ECC,Low,Poor coordination,Barriers to Engagement,0,8
879554947,2026-09-27,Ituri,Djugu,Mangala,Tchele,Church,ECC,Low,Poor coordination,Barriers to Engagement,0,8
879635788,2026-09-27,Ituri,Djugu,Lita,Mutumbi,Faith-based health care facility,Roman Catholic Church,High,Poor coordination,Barriers to Engagement,0,8
879635794,2026-09-27,Ituri,Djugu,Lita,Mutumbi,Church,Roman Catholic Church,Moderate,Poor coordination,Barriers to Engagement,0,8
879635804,2026-09-27,Ituri,Djugu,Lita,Mutumbi,Church,ECC,High,Poor coordination,Barriers to Engagement,0,8
879635814,2026-09-27,Ituri,Djugu,Lita,Mutumbi,Church,Roman Catholic Church,Moderate,Poor coordination,Barriers to Engagement,0,8
879635826,2026-09-27,Ituri,Djugu,Lita,Mutumbi,Denominational school,ECC,Moderate,Poor coordination,Barriers to Engagement,0,8
879685393,2026-09-23,Ituri,Djugu,Lita,Katoto,Faith-based health care facility,ECC,Low,Poor coordination,Barriers to Engagement,1,8
879685396,2026-09-24,Ituri,Djugu,Lita,Katoto,Church,ECC,High,Poor coordination,Barriers to Engagement,0,8
879685410,2026-09-25,Ituri,Djugu,Lita,Katoto,Church,ECC,Low,Poor coordination,Barriers to Engagement,1,8
879685425,2026-09-25,Ituri,Djugu,Lita,Katoto,Church,ECC,Moderate,Poor coordination,Barriers to Engagement,0,8
879685439,2026-09-25,Ituri,Djugu,Lita,Katoto,Church,ECC,High,Poor coordination,Barriers to Engagement,0,8
879685455,2026-09-25,Ituri,Djugu,Lita,Katoto,Church,Roman Catholic Church,Low,Poor coordination,Barriers to Engagement,0,8
879685474,2026-09-26,Ituri,Djugu,Lita,Katoto,Church,ECC,High,Poor coordination,Barriers to Engagement,0,8
879685485,2026-09-26,Ituri,Djugu,Lita,Katoto,Church,Roman Catholic Church,Moderate,Poor coordination,Barriers to Engagement,0,8
879685494,2026-09-26,Ituri,Djugu,Lita,Katoto,Church,Roman Catholic Church,Moderate,Poor coordination,Barriers to Engagement,1,8
879685509,2026-09-27,Ituri,Djugu,Lita,Katoto,Church,ECC,Low,Poor coordination,Barriers to Engagement,0,8
879685519,2026-09-27,Ituri,Djugu,Lita,Katoto,Church,ECC,Low,Poor coordination,Barriers to Engagement,0,8
879685625,2026-09-27,Ituri,Djugu,Lita,Katoto,Church,ECC,Low,Poor coordination,Barriers to Engagement,0,8
879685659,2026-09-27,Ituri,Djugu,Lita,Katoto,Church,ECC,Low,Poor coordination,Barriers to Engagement,0,8
879685672,2026-09-27,Ituri,Djugu,Lita,Katoto,Church,Roman Catholic Church,Low,Poor coordination,Barriers to Engagement,0,8
879685682,2026-09-27,Ituri,Djugu,Lita,Katoto,Church,Roman Catholic Church,High,Poor coordination,Barriers to Engagement,0,8
879685686,2026-09-27,Ituri,Djugu,Lita,Katoto,Church,Roman Catholic Church,Low,Poor coordination,Barriers to Engagement,0,8
879686019,2026-09-27,Ituri,Djugu,Lita,Katoto,Church,ECC,Low,Poor coordination,Barriers to Engagement,0,8
879686043,2026-09-27,Ituri,Djugu,Lita,Katoto,Church,ECC,Moderate,Poor coordination,Barriers to Engagement,0,8
879686056,2026-09-27,Ituri,Djugu,Lita,Katoto,Church,ECC,Moderate,Poor coordination,Barriers to Engagement,0,8
879686066,2026-09-27,Ituri,Djugu,Lita,Katoto,Church,ECC,Low,Poor coordination,Barriers to Engagement,0,8
841199154,2026-08-16,North Kivu,Beni,Beni,Kanzuli,Church,ECC,Moderate,Cultural barriers,Barriers to Engagement,0,9
841548610,2026-08-17,North Kivu,Beni,Beni,Kanzuli,Church,ECC,Low,Cultural barriers,Barriers to Engagement,0,9
842785213,2026-08-18,North Kivu,Beni,Beni,Kanzuli,Church,ECC,Moderate,Cultural barriers,Barriers to Engagement,0,9
843341124,2026-08-18,North Kivu,Beni,Beni,Ngongolio,Church,ECC,High,Cultural barriers,Barriers to Engagement,1,9
843348882,2026-08-18,North Kivu,Beni,Beni,Ngongolio,Church,ECC,High,Cultural barriers,Barriers to Engagement,1,9
843365757,2026-08-18,North Kivu,Beni,Beni,Tamende,Church,ECC,High,Cultural barriers,Barriers to Engagement,1,9
843369063,2026-08-18,North Kivu,Beni,Beni,Ngongolio,Church,ECC,High,Cultural barriers,Barriers to Engagement,1,9
843770142,2026-08-19,North Kivu,Beni,Beni,Boikene,Church,ECC,High,Cultural barriers,Barriers to Engagement,0,9
843828499,2026-08-18,North Kivu,Beni,Beni,Tamende,Church,ECC,Low,Cultural barriers,Barriers to Engagement,0,9
843841750,2026-08-19,North Kivu,Beni,Beni,Tamende,Church,Roman Catholic Church,Moderate,Cultural barriers,Barriers to Engagement,0,9
843887195,2026-08-19,North Kivu,Beni,Beni,Boikene,Denominational school,ECC,Moderate,Cultural barriers,Barriers to Engagement,0,9
843917903,2026-08-19,North Kivu,Beni,Beni,Boikene,Church,ECC,High,Cultural barriers,Barriers to Engagement,0,9
843940314,2026-08-19,North Kivu,Beni,Beni,Boikene,Church,ECC,High,Cultural barriers,Barriers to Engagement,0,9
843992799,2026-08-19,North Kivu,Beni,Beni,Boikene,Church,ECC,High,Cultural barriers,Barriers to Engagement,0,9
844181691,2026-08-19,North Kivu,Beni,Beni,Boikene,Church,ECC,High,Cultural barriers,Barriers to Engagement,0,9
845990019,2026-08-21,North Kivu,Beni,Beni,Mabakanga,Faith-based health care facility,ECC,Moderate,Cultural barriers,Barriers to Engagement,0,9
846487418,2026-08-21,North Kivu,Beni,Beni,Kanzuli,Church,ECC,High,Cultural barriers,Barriers to Engagement,0,9
846728240,2026-08-22,North Kivu,Beni,Beni,Boikene,Church,ECC,Moderate,Cultural barriers,Barriers to Engagement,0,9
846742619,2026-08-22,North Kivu,Beni,Beni,Boikene,Church,ECC,Moderate,Cultural barriers,Barriers to Engagement,0,9
846748689,2026-08-22,North Kivu,Beni,Beni,Boikene,Denominational school,ECC,High,Cultural barriers,Barriers to Engagement,0,9
847057490,2026-08-22,North Kivu,Beni,Beni,Mandrandele,Church,ECC,High,Cultural barriers,Barriers to Engagement,0,9
847069287,2026-08-22,North Kivu,Beni,Beni,Mandrandele,Church,ECC,High,Cultural barriers,Barriers to Engagement,0,9
847082157,2026-08-22,North Kivu,Beni,Beni,Mandrandele,Church,ECC,High,Cultural barriers,Barriers to Engagement,0,9
847268921,2026-08-23,North Kivu,Beni,Beni,Kasabinyole,Church,ECC,Low,Cultural barriers,Barriers to Engagement,0,9
847273941,2026-08-23,North Kivu,Beni,Beni,Kasabinyole,Church,ECC,Low,Cultural barriers,Barriers to Engagement,0,9
847285482,2026-08-23,North Kivu,Beni,Beni,Tuungane,Church,ECC,Low,Cultural barriers,Barriers to Engagement,0,9
847289604,2026-08-23,North Kivu,Beni,Beni,Tuungane,Denominational school,ECC,Low,Cultural barriers,Barriers to Engagement,0,9
847293655,2026-08-23,North Kivu,Beni,Beni,Tuungane,Denominational school,ECC,Low,Cultural barriers,Barriers to Engagement,0,9
847297827,2026-08-23,North Kivu,Beni,Beni,Tuungane,Church,ECC,Low,Cultural barriers,Barriers to Engagement,0,9
847302416,2026-08-23,North Kivu,Beni,Beni,Tuungane,Church,ECC,Low,Cultural barriers,Barriers to Engagement,0,9
847307012,2026-08-23,North Kivu,Beni,Beni,Anglicane,Denominational school,ECC,Low,Cultural barriers,Barriers to Engagement,0,9
847311861,2026-08-23,North Kivu,Beni,Beni,Anglicane,Church,ECC,Low,Cultural barriers,Barriers to Engagement,0,9
847586408,2026-08-23,North Kivu,Beni,Beni,Kuka,Church,ECC,Moderate,Cultural barriers,Barriers to Engagement,0,9
847600556,2026-08-23,North Kivu,Beni,Beni,Kuka,Church,ECC,High,Cultural barriers,Barriers to Engagement,0,9
847610633,2026-08-23,North Kivu,Beni,Beni,Kuka,Church,ECC,High,Cultural barriers,Barriers to Engagement,0,9
847862794,2026-08-14,North Kivu,Beni,Beni,Malepe,Church,ECC,High,Cultural barriers,Barriers to Engagement,1,9
849046030,2026-08-25,North Kivu,Beni,Beni,Ngongolio,Church,ECC,High,Cultural barriers,Barriers to Engagement,1,9
850045824,2026-08-26,North Kivu,Beni,Beni,Mangothe,Church,ECC,Moderate,Cultural barriers,Barriers to Engagement,0,9
850145543,2026-08-24,North Kivu,Beni,Beni,Malepe,Church,ECC,High,Cultural barriers,Barriers to Engagement,1,9
850180468,2026-08-26,North Kivu,Beni,Beni,Butanuka,Church,ECC,High,Cultural barriers,Barriers to Engagement,1,9
850508336,2026-08-26,North Kivu,Beni,Beni,Mabakanga,Faith-based health care facility,ECC,Low,Cultural barriers,Barriers to Engagement,0,9
850633361,2026-08-26,North Kivu,Beni,Beni,Tamende,Church,ECC,Low,Cultural barriers,Barriers to Engagement,1,9
850649059,2026-08-26,North Kivu,Beni,Beni,Mabakanga,Church,ECC,Moderate,Cultural barriers,Barriers to Engagement,0,9
850652676,2026-08-26,North Kivu,Beni,Beni,Gongolio,Church,Roman Catholic Church,Low,Cultural barriers,Barriers to Engagement,0,9
850657352,2026-08-26,North Kivu,Beni,Beni,Mabakanga,Church,ECC,High,Cultural barriers,Barriers to Engagement,0,9
850690706,2026-08-26,North Kivu,Beni,Beni,Mandrandele,Church,ECC,High,Cultural barriers,Barriers to Engagement,0,9
851141363,2026-08-26,North Kivu,Beni,Beni,Boikene,Church,ECC,High,Cultural barriers,Barriers to Engagement,0,9
851144057,2026-08-27,North Kivu,Beni,Beni,Malepe,Church,ECC,High,Cultural barriers,Barriers to Engagement,0,9
851154720,2026-08-27,North Kivu,Beni,Beni,Malepe,Church,ECC,High,Cultural barriers,Barriers to Engagement,0,9
851221822,2026-08-27,North Kivu,Beni,Beni,Malepe,Church,ECC,High,Cultural barriers,Barriers to Engagement,0,9
851246506,2026-08-27,North Kivu,Beni,Beni,Malepe,Church,ECC,High,Cultural barriers,Barriers to Engagement,0,9
851251697,2026-08-27,North Kivu,Beni,Beni,Rwangoma,Church,ECC,Moderate,Cultural barriers,Barriers to Engagement,0,9
851267049,2026-08-27,North Kivu,Beni,Beni,Butanuka,Denominational school,ECC,High,Cultural barriers,Barriers to Engagement,0,9
851289789,2026-08-27,North Kivu,Beni,Beni,Butanuka,Denominational organization,ECC,High,Cultural barriers,Barriers to Engagement,0,9
851322369,2026-08-27,North Kivu,Beni,Beni,Rwangoma,Church,ECC,Moderate,Cultural barriers,Barriers to Engagement,0,9
852140309,2026-08-28,North Kivu,Butembo,Katwa,Mitoya,Denominational school,ECC,Moderate,Cultural barriers,Barriers to Engagement,0,9
852167593,2026-08-28,North Kivu,Beni,Beni,Kanzuli,Denominational school,ECC,Low,Cultural barriers,Barriers to Engagement,0,9
852170534,2026-08-28,North Kivu,Butembo,Katwa,Katwa,Denominational school,ECC,High,Cultural barriers,Barriers to Engagement,0,9
852209874,2026-08-28,North Kivu,Beni,Beni,Kanzuli,Church,ECC,Moderate,Cultural barriers,Barriers to Engagement,0,9
852221246,2026-08-28,North Kivu,Beni,Beni,Malepe,Church,ECC,Low,Cultural barriers,Barriers to Engagement,0,9
852223652,2026-08-28,North Kivu,Butembo,Katwa,Mitoya,Church,ECC,High,Cultural barriers,Barriers to Engagement,1,9
852306872,2026-08-28,North Kivu,Beni,Beni,Kasabinyole,Church,ECC,Low,Cultural barriers,Barriers to Engagement,1,9
852311269,2026-08-28,North Kivu,Beni,Beni,Gbadolite,Church,ECC,Moderate,Cultural barriers,Barriers to Engagement,1,9
852311817,2026-08-28,North Kivu,Beni,Beni,Kanzuli,Church,ECC,Low,Cultural barriers,Barriers to Engagement,0,9
853058765,2026-08-29,North Kivu,Beni,Beni,Kanzuli,Church,ECC,Low,Cultural barriers,Barriers to Engagement,0,9
853068833,2026-08-29,North Kivu,Beni,Beni,Kanzuli,Church,ECC,Low,Cultural barriers,Barriers to Engagement,0,9
853700686,2026-08-30,North Kivu,Butembo,Katwa,Katwa,Denominational school,ECC,Low,Cultural barriers,Barriers to Engagement,0,9
853885257,2026-08-29,North Kivu,Beni,Beni,Beni,Church,ECC,Moderate,Cultural barriers,Barriers to Engagement,1,9
854183549,2026-08-14,North Kivu,Beni,Beni,Kasabinyole,Church,ECC,High,Cultural barriers,Barriers to Engagement,0,9
854192402,2026-08-31,North Kivu,Beni,Beni,Mabolio,Church,ECC,Low,Cultural barriers,Barriers to Engagement,0,9
854226558,2026-08-31,North Kivu,Lubero,Lubero,Rughenda,Church,ECC,Moderate,Cultural barriers,Barriers to Engagement,0,9
854295690,2026-08-26,North Kivu,Beni,Beni,Malepe,Church,ECC,Moderate,Cultural barriers,Barriers to Engagement,1,9
854335472,2026-08-31,North Kivu,Butembo,Katwa,Katwa,Church,ECC,Low,Cultural barriers,Barriers to Engagement,0,9
854361138,2026-08-31,North Kivu,Beni,Beni,Kanzuli,Church,ECC,Moderate,Cultural barriers,Barriers to Engagement,1,9
854632904,2026-08-31,North Kivu,Butembo,Katwa,Vuhika,Denominational school,ECC,Moderate,Cultural barriers,Barriers to Engagement,0,9
857307057,2026-08-30,North Kivu,Butembo,Katwa,Masuli,Faith-based health care facility,ECC,High,Cultural barriers,Barriers to Engagement,0,9
858859254,2026-09-04,North Kivu,Beni,Beni,Mandrandele,Church,ECC,High,Cultural barriers,Barriers to Engagement,0,9
859495986,2026-08-31,North Kivu,Beni,Beni,Kasabinyole,Church,ECC,High,Cultural barriers,Barriers to Engagement,1,9
859495990,2026-08-31,North Kivu,Beni,Beni,Butsili,Church,ECC,High,Cultural barriers,Barriers to Engagement,1,9
859495993,2026-08-31,North Kivu,Beni,Beni,Butsili,Church,ECC,High,Cultural barriers,Barriers to Engagement,1,9
862786531,2026-09-09,North Kivu,Beni,Beni,Ngilinga Muloku,Church,ECC,High,Cultural barriers,Barriers to Engagement,0,9
862801808,2026-09-09,North Kivu,Beni,Beni,Kanzuli,Church,ECC,High,Cultural barriers,Barriers to Engagement,0,9
862818930,2026-09-09,North Kivu,Beni,Beni,Kanzuli,Church,ECC,Moderate,Cultural barriers,Barriers to Engagement,0,9
862836160,2026-09-09,North Kivu,Beni,Beni,Kanzuli,Denominational school,ECC,Moderate,Cultural barriers,Barriers to Engagement,0,9
862888563,2026-09-09,North Kivu,Beni,Beni,Kanzuli Nzuki,Denominational school,ECC,High,Cultural barriers,Barriers to Engagement,0,9
875869474,2026-09-21,North Kivu,Beni,Beni,Kasanga,Faith-based health care facility,ECC,Moderate,Cultural barriers,Barriers to Engagement,0,9
876079652,2026-09-23,North Kivu,Beni,Beni,Kasanga,Faith-based health care facility,ECC,Low,Cultural barriers,Barriers to Engagement,0,9
876920737,2026-09-22,Ituri,Djugu,Mangala,Tchele,Church,Roman Catholic Church,Low,Cultural barriers,Barriers to Engagement,1,9
876996119,2026-09-24,Ituri,Djugu,Mangala,Tchele,Church,Roman Catholic Church,Low,Cultural barriers,Barriers to Engagement,0,9
877017789,2026-09-24,Ituri,Djugu,Mangala,Tchele,Church,Roman Catholic Church,Low,Cultural barriers,Barriers to Engagement,0,9
877029755,2026-09-24,Ituri,Djugu,Mangala,Tchele,Church,Roman Catholic Church,Low,Cultural barriers,Barriers to Engagement,0,9
877043915,2026-09-24,Ituri,Djugu,Mangala,Tchele,Church,Roman Catholic Church,Low,Cultural barriers,Barriers to Engagement,0,9
878062446,2026-09-25,Ituri,Djugu,Lita,Mutumbi,Church,ECC,High,Cultural barriers,Barriers to Engagement,0,9
878062450,2026-09-25,Ituri,Djugu,Lita,Mutumbi,Church,ECC,Low,Cultural barriers,Barriers to Engagement,0,9
878062460,2026-09-25,Ituri,Djugu,Lita,Mutumbi,Church,ECC,Low,Cultural barriers,Barriers to Engagement,0,9
878062468,2026-09-25,Ituri,Djugu,Lita,Mutumbi,Church,ECC,High,Cultural barriers,Barriers to Engagement,0,9
878062475,2026-09-25,Ituri,Djugu,Lita,Mutumbi,Church,ECC,Moderate,Cultural barriers,Barriers to Engagement,0,9
878771972,2026-09-25,Ituri,Djugu,Mangala,Tchele,Church,Roman Catholic Church,Low,Cultural barriers,Barriers to Engagement,0,9
878771977,2026-09-26,Ituri,Djugu,Mangala,Tchele,Church,ECC,Low,Cultural barriers,Barriers to Engagement,0,9
878775076,2026-09-26,Ituri,Djugu,Mangala,Tchele,Church,ECC,Low,Cultural barriers,Barriers to Engagement,0,9
878784129,2026-09-26,Ituri,Djugu,Mangala,Tchele,Church,Roman Catholic Church,Low,Cultural barriers,Barriers to Engagement,0,9
878790544,2026-09-26,Ituri,Djugu,Mangala,Tchele,Church,Roman Catholic Church,Low,Cultural barriers,Barriers to Engagement,0,9
878794554,2026-09-26,Ituri,Djugu,Mangala,Tchele,Church,Roman Catholic Church,Low,Cultural barriers,Barriers to Engagement,0,9
878860056,2026-09-26,Ituri,Djugu,Mangala,Tchele,Church,Roman Catholic Church,Low,Cultural barriers,Barriers to Engagement,0,9
878863016,2026-09-26,Ituri,Djugu,Mangala,Tchele,Church,ECC,Low,Cultural barriers,Barriers to Engagement,0,9
878869824,2026-09-26,Ituri,Djugu,Mangala,Tchele,Church,ECC,Low,Cultural barriers,Barriers to Engagement,1,9
878896880,2026-09-26,Ituri,Djugu,Mangala,Tchele,Church,ECC,Low,Cultural barriers,Barriers to Engagement,0,9
878997028,2026-09-26,Ituri,Djugu,Lita,Bahwere,Denominational school,ECC,Low,Cultural barriers,Barriers to Engagement,0,9
878997035,2026-09-26,Ituri,Djugu,Lita,Bahwere,Denominational school,ECC,Low,Cultural barriers,Barriers to Engagement,0,9
878997051,2026-09-26,Ituri,Djugu,Lita,Bahwere,Church,ECC,Low,Cultural barriers,Barriers to Engagement,0,9
878997059,2026-09-26,Ituri,Djugu,Lita,Bahwere,Church,ECC,Moderate,Cultural barriers,Barriers to Engagement,0,9
878997068,2026-09-26,Ituri,Djugu,Lita,Bahwere,Denominational school,ECC,Moderate,Cultural barriers,Barriers to Engagement,0,9
878997075,2026-09-26,Ituri,Djugu,Lita,Bahwere,Church,Roman Catholic Church,Moderate,Cultural barriers,Barriers to Engagement,0,9
878997091,2026-09-26,Ituri,Djugu,Lita,Bahwere,Church,ECC,Moderate,Cultural barriers,Barriers to Engagement,0,9
878997100,2026-09-26,Ituri,Djugu,Lita,Bahwere,Denominational organization,ECC,Moderate,Cultural barriers,Barriers to Engagement,0,9
878997108,2026-09-26,Ituri,Djugu,Lita,Bahwere,Church,ECC,Low,Cultural barriers,Barriers to Engagement,0,9
878997115,2026-09-26,Ituri,Djugu,Lita,Bahwere,Church,ECC,Moderate,Cultural barriers,Barriers to Engagement,0,9
879117541,2026-09-26,Ituri,Djugu,Mangala,Tchele,Church,ECC,Low,Cultural barriers,Barriers to Engagement,0,9
879122054,2026-09-26,Ituri,Djugu,Mangala,Tchele,Church,ECC,Low,Cultural barriers,Barriers to Engagement,0,9
879202178,2026-09-25,Ituri,Djugu,Mangala,Tchele,Church,ECC,Low,Cultural barriers,Barriers to Engagement,0,9
879365390,2026-09-25,Ituri,Djugu,Mangala,Tchele,Church,ECC,Low,Cultural barriers,Barriers to Engagement,0,9
879365392,2026-09-25,Ituri,Djugu,Mangala,Tchele,Church,ECC,Low,Cultural barriers,Barriers to Engagement,0,9
879365398,2026-09-25,Ituri,Djugu,Mangala,Tchele,Church,ECC,Low,Cultural barriers,Barriers to Engagement,0,9
879365403,2026-09-25,Ituri,Djugu,Mangala,Tchele,Church,ECC,Low,Cultural barriers,Barriers to Engagement,0,9
879365407,2026-09-26,Ituri,Djugu,Mangala,Tchele,Church,ECC,Low,Cultural barriers,Barriers to Engagement,0,9
879365412,2026-09-26,Ituri,Djugu,Mangala,Tchele,Church,ECC,Low,Cultural barriers,Barriers to Engagement,0,9
879365414,2026-09-26,Ituri,Djugu,Mangala,Tchele,Church,ECC,Low,Cultural barriers,Barriers to Engagement,0,9
879365416,2026-09-26,Ituri,Djugu,Mangala,Tchele,Church,ECC,Low,Cultural barriers,Barriers to Engagement,0,9
879365422,2026-09-26,Ituri,Djugu,Mangala,Tchele,Church,ECC,Low,Cultural barriers,Barriers to Engagement,0,9
879365427,2026-09-26,Ituri,Djugu,Mangala,Tchele,Church,ECC,Low,Cultural barriers,Barriers to Engagement,0,9
879365432,2026-09-26,Ituri,Djugu,Mangala,Tchele,Church,ECC,Low,Cultural barriers,Barriers to Engagement,0,9
879365444,2026-09-26,Ituri,Djugu,Mangala,Tcy,Church,ECC,Low,Cultural barriers,Barriers to Engagement,0,9
879365450,2026-09-26,Ituri,Djugu,Mangala,Tchele,Church,ECC,Low,Cultural barriers,Barriers to Engagement,1,9
879365457,2026-09-26,Ituri,Djugu,Mangala,Tchele,Church,ECC,Low,Cultural barriers,Barriers to Engagement,0,9
879365462,2026-09-26,Ituri,Djugu,Mangala,Tchele,Church,ECC,Low,Cultural barriers,Barriers to Engagement,0,9
879365465,2026-09-26,Ituri,Djugu,Mangala,Tchele,Church,ECC,Low,Cultural barriers,Barriers to Engagement,0,9
879365468,2026-09-26,Ituri,Djugu,Mangala,Tchele,Church,ECC,Low,Cultural barriers,Barriers to Engagement,0,9
879365474,2026-09-26,Ituri,Djugu,Mangala,Tchele,Church,ECC,Low,Cultural barriers,Barriers to Engagement,0,9
879365478,2026-09-26,Ituri,Djugu,Mangala,Tchele,Church,ECC,Low,Cultural barriers,Barriers to Engagement,0,9
879552531,2026-09-27,Ituri,Djugu,Mangala,Tchele,Church,ECC,Low,Cultural barriers,Barriers to Engagement,0,9
879554947,2026-09-27,Ituri,Djugu,Mangala,Tchele,Church,ECC,Low,Cultural barriers,Barriers to Engagement,0,9
879635788,2026-09-27,Ituri,Djugu,Lita,Mutumbi,Faith-based health care facility,Roman Catholic Church,High,Cultural barriers,Barriers to Engagement,0,9
879635794,2026-09-27,Ituri,Djugu,Lita,Mutumbi,Church,Roman Catholic Church,Moderate,Cultural barriers,Barriers to Engagement,0,9
879635804,2026-09-27,Ituri,Djugu,Lita,Mutumbi,Church,ECC,High,Cultural barriers,Barriers to Engagement,0,9
879635814,2026-09-27,Ituri,Djugu,Lita,Mutumbi,Church,Roman Catholic Church,Moderate,Cultural barriers,Barriers to Engagement,0,9
879635826,2026-09-27,Ituri,Djugu,Lita,Mutumbi,Denominational school,ECC,Moderate,Cultural barriers,Barriers to Engagement,0,9
879685393,2026-09-23,Ituri,Djugu,Lita,Katoto,Faith-based health care facility,ECC,Low,Cultural barriers,Barriers to Engagement,0,9
879685396,2026-09-24,Ituri,Djugu,Lita,Katoto,Church,ECC,High,Cultural barriers,Barriers to Engagement,0,9
879685410,2026-09-25,Ituri,Djugu,Lita,Katoto,Church,ECC,Low,Cultural barriers,Barriers to Engagement,1,9
879685425,2026-09-25,Ituri,Djugu,Lita,Katoto,Church,ECC,Moderate,Cultural barriers,Barriers to Engagement,0,9
879685439,2026-09-25,Ituri,Djugu,Lita,Katoto,Church,ECC,High,Cultural barriers,Barriers to Engagement,0,9
879685455,2026-09-25,Ituri,Djugu,Lita,Katoto,Church,Roman Catholic Church,Low,Cultural barriers,Barriers to Engagement,0,9
879685474,2026-09-26,Ituri,Djugu,Lita,Katoto,Church,ECC,High,Cultural barriers,Barriers to Engagement,0,9
879685485,2026-09-26,Ituri,Djugu,Lita,Katoto,Church,Roman Catholic Church,Moderate,Cultural barriers,Barriers to Engagement,0,9
879685494,2026-09-26,Ituri,Djugu,Lita,Katoto,Church,Roman Catholic Church,Moderate,Cultural barriers,Barriers to Engagement,0,9
879685509,2026-09-27,Ituri,Djugu,Lita,Katoto,Church,ECC,Low,Cultural barriers,Barriers to Engagement,0,9
879685519,2026-09-27,Ituri,Djugu,Lita,Katoto,Church,ECC,Low,Cultural barriers,Barriers to Engagement,0,9
879685625,2026-09-27,Ituri,Djugu,Lita,Katoto,Church,ECC,Low,Cultural barriers,Barriers to Engagement,0,9
879685659,2026-09-27,Ituri,Djugu,Lita,Katoto,Church,ECC,Low,Cultural barriers,Barriers to Engagement,0,9
879685672,2026-09-27,Ituri,Djugu,Lita,Katoto,Church,Roman Catholic Church,Low,Cultural barriers,Barriers to Engagement,0,9
879685682,2026-09-27,Ituri,Djugu,Lita,Katoto,Church,Roman Catholic Church,High,Cultural barriers,Barriers to Engagement,0,9
879685686,2026-09-27,Ituri,Djugu,Lita,Katoto,Church,Roman Catholic Church,Low,Cultural barriers,Barriers to Engagement,0,9
879686019,2026-09-27,Ituri,Djugu,Lita,Katoto,Church,ECC,Low,Cultural barriers,Barriers to Engagement,0,9
879686043,2026-09-27,Ituri,Djugu,Lita,Katoto,Church,ECC,Moderate,Cultural barriers,Barriers to Engagement,0,9
879686056,2026-09-27,Ituri,Djugu,Lita,Katoto,Church,ECC,Moderate,Cultural barriers,Barriers to Engagement,0,9
879686066,2026-09-27,Ituri,Djugu,Lita,Katoto,Church,ECC,Low,Cultural barriers,Barriers to Engagement,0,9
841199154,2026-08-16,North Kivu,Beni,Beni,Kanzuli,Church,ECC,Moderate,Training,Support Required,1,1
841548610,2026-08-17,North Kivu,Beni,Beni,Kanzuli,Church,ECC,Low,Training,Support Required,1,1
842785213,2026-08-18,North Kivu,Beni,Beni,Kanzuli,Church,ECC,Moderate,Training,Support Required,0,1
843341124,2026-08-18,North Kivu,Beni,Beni,Ngongolio,Church,ECC,High,Training,Support Required,1,1
843348882,2026-08-18,North Kivu,Beni,Beni,Ngongolio,Church,ECC,High,Training,Support Required,1,1
843365757,2026-08-18,North Kivu,Beni,Beni,Tamende,Church,ECC,High,Training,Support Required,1,1
843369063,2026-08-18,North Kivu,Beni,Beni,Ngongolio,Church,ECC,High,Training,Support Required,1,1
843770142,2026-08-19,North Kivu,Beni,Beni,Boikene,Church,ECC,High,Training,Support Required,1,1
843828499,2026-08-18,North Kivu,Beni,Beni,Tamende,Church,ECC,Low,Training,Support Required,1,1
843841750,2026-08-19,North Kivu,Beni,Beni,Tamende,Church,Roman Catholic Church,Moderate,Training,Support Required,1,1
843887195,2026-08-19,North Kivu,Beni,Beni,Boikene,Denominational school,ECC,Moderate,Training,Support Required,1,1
843917903,2026-08-19,North Kivu,Beni,Beni,Boikene,Church,ECC,High,Training,Support Required,1,1
843940314,2026-08-19,North Kivu,Beni,Beni,Boikene,Church,ECC,High,Training,Support Required,0,1
843992799,2026-08-19,North Kivu,Beni,Beni,Boikene,Church,ECC,High,Training,Support Required,1,1
844181691,2026-08-19,North Kivu,Beni,Beni,Boikene,Church,ECC,High,Training,Support Required,1,1
845990019,2026-08-21,North Kivu,Beni,Beni,Mabakanga,Faith-based health care facility,ECC,Moderate,Training,Support Required,1,1
846487418,2026-08-21,North Kivu,Beni,Beni,Kanzuli,Church,ECC,High,Training,Support Required,1,1
846728240,2026-08-22,North Kivu,Beni,Beni,Boikene,Church,ECC,Moderate,Training,Support Required,1,1
846742619,2026-08-22,North Kivu,Beni,Beni,Boikene,Church,ECC,Moderate,Training,Support Required,1,1
846748689,2026-08-22,North Kivu,Beni,Beni,Boikene,Denominational school,ECC,High,Training,Support Required,1,1
847057490,2026-08-22,North Kivu,Beni,Beni,Mandrandele,Church,ECC,High,Training,Support Required,1,1
847069287,2026-08-22,North Kivu,Beni,Beni,Mandrandele,Church,ECC,High,Training,Support Required,1,1
847082157,2026-08-22,North Kivu,Beni,Beni,Mandrandele,Church,ECC,High,Training,Support Required,1,1
847268921,2026-08-23,North Kivu,Beni,Beni,Kasabinyole,Church,ECC,Low,Training,Support Required,1,1
847273941,2026-08-23,North Kivu,Beni,Beni,Kasabinyole,Church,ECC,Low,Training,Support Required,1,1
847285482,2026-08-23,North Kivu,Beni,Beni,Tuungane,Church,ECC,Low,Training,Support Required,1,1
847289604,2026-08-23,North Kivu,Beni,Beni,Tuungane,Denominational school,ECC,Low,Training,Support Required,1,1
847293655,2026-08-23,North Kivu,Beni,Beni,Tuungane,Denominational school,ECC,Low,Training,Support Required,1,1
847297827,2026-08-23,North Kivu,Beni,Beni,Tuungane,Church,ECC,Low,Training,Support Required,1,1
847302416,2026-08-23,North Kivu,Beni,Beni,Tuungane,Church,ECC,Low,Training,Support Required,1,1
847307012,2026-08-23,North Kivu,Beni,Beni,Anglicane,Denominational school,ECC,Low,Training,Support Required,1,1
847311861,2026-08-23,North Kivu,Beni,Beni,Anglicane,Church,ECC,Low,Training,Support Required,1,1
847586408,2026-08-23,North Kivu,Beni,Beni,Kuka,Church,ECC,Moderate,Training,Support Required,1,1
847600556,2026-08-23,North Kivu,Beni,Beni,Kuka,Church,ECC,High,Training,Support Required,1,1
847610633,2026-08-23,North Kivu,Beni,Beni,Kuka,Church,ECC,High,Training,Support Required,1,1
847862794,2026-08-14,North Kivu,Beni,Beni,Malepe,Church,ECC,High,Training,Support Required,1,1
849046030,2026-08-25,North Kivu,Beni,Beni,Ngongolio,Church,ECC,High,Training,Support Required,1,1
850045824,2026-08-26,North Kivu,Beni,Beni,Mangothe,Church,ECC,Moderate,Training,Support Required,1,1
850145543,2026-08-24,North Kivu,Beni,Beni,Malepe,Church,ECC,High,Training,Support Required,1,1
850180468,2026-08-26,North Kivu,Beni,Beni,Butanuka,Church,ECC,High,Training,Support Required,1,1
850508336,2026-08-26,North Kivu,Beni,Beni,Mabakanga,Faith-based health care facility,ECC,Low,Training,Support Required,1,1
850633361,2026-08-26,North Kivu,Beni,Beni,Tamende,Church,ECC,Low,Training,Support Required,1,1
850649059,2026-08-26,North Kivu,Beni,Beni,Mabakanga,Church,ECC,Moderate,Training,Support Required,1,1
850652676,2026-08-26,North Kivu,Beni,Beni,Gongolio,Church,Roman Catholic Church,Low,Training,Support Required,1,1
850657352,2026-08-26,North Kivu,Beni,Beni,Mabakanga,Church,ECC,High,Training,Support Required,1,1
850690706,2026-08-26,North Kivu,Beni,Beni,Mandrandele,Church,ECC,High,Training,Support Required,0,1
851141363,2026-08-26,North Kivu,Beni,Beni,Boikene,Church,ECC,High,Training,Support Required,1,1
851144057,2026-08-27,North Kivu,Beni,Beni,Malepe,Church,ECC,High,Training,Support Required,1,1
851154720,2026-08-27,North Kivu,Beni,Beni,Malepe,Church,ECC,High,Training,Support Required,1,1
851221822,2026-08-27,North Kivu,Beni,Beni,Malepe,Church,ECC,High,Training,Support Required,1,1
851246506,2026-08-27,North Kivu,Beni,Beni,Malepe,Church,ECC,High,Training,Support Required,1,1
851251697,2026-08-27,North Kivu,Beni,Beni,Rwangoma,Church,ECC,Moderate,Training,Support Required,1,1
851267049,2026-08-27,North Kivu,Beni,Beni,Butanuka,Denominational school,ECC,High,Training,Support Required,1,1
851289789,2026-08-27,North Kivu,Beni,Beni,Butanuka,Denominational organization,ECC,High,Training,Support Required,1,1
851322369,2026-08-27,North Kivu,Beni,Beni,Rwangoma,Church,ECC,Moderate,Training,Support Required,1,1
852140309,2026-08-28,North Kivu,Butembo,Katwa,Mitoya,Denominational school,ECC,Moderate,Training,Support Required,1,1
852167593,2026-08-28,North Kivu,Beni,Beni,Kanzuli,Denominational school,ECC,Low,Training,Support Required,1,1
852170534,2026-08-28,North Kivu,Butembo,Katwa,Katwa,Denominational school,ECC,High,Training,Support Required,1,1
852209874,2026-08-28,North Kivu,Beni,Beni,Kanzuli,Church,ECC,Moderate,Training,Support Required,1,1
852221246,2026-08-28,North Kivu,Beni,Beni,Malepe,Church,ECC,Low,Training,Support Required,1,1
852223652,2026-08-28,North Kivu,Butembo,Katwa,Mitoya,Church,ECC,High,Training,Support Required,1,1
852306872,2026-08-28,North Kivu,Beni,Beni,Kasabinyole,Church,ECC,Low,Training,Support Required,1,1
852311269,2026-08-28,North Kivu,Beni,Beni,Gbadolite,Church,ECC,Moderate,Training,Support Required,1,1
852311817,2026-08-28,North Kivu,Beni,Beni,Kanzuli,Church,ECC,Low,Training,Support Required,1,1
853058765,2026-08-29,North Kivu,Beni,Beni,Kanzuli,Church,ECC,Low,Training,Support Required,1,1
853068833,2026-08-29,North Kivu,Beni,Beni,Kanzuli,Church,ECC,Low,Training,Support Required,1,1
853700686,2026-08-30,North Kivu,Butembo,Katwa,Katwa,Denominational school,ECC,Low,Training,Support Required,1,1
853885257,2026-08-29,North Kivu,Beni,Beni,Beni,Church,ECC,Moderate,Training,Support Required,1,1
854183549,2026-08-14,North Kivu,Beni,Beni,Kasabinyole,Church,ECC,High,Training,Support Required,1,1
854192402,2026-08-31,North Kivu,Beni,Beni,Mabolio,Church,ECC,Low,Training,Support Required,1,1
854226558,2026-08-31,North Kivu,Lubero,Lubero,Rughenda,Church,ECC,Moderate,Training,Support Required,0,1
854295690,2026-08-26,North Kivu,Beni,Beni,Malepe,Church,ECC,Moderate,Training,Support Required,1,1
854335472,2026-08-31,North Kivu,Butembo,Katwa,Katwa,Church,ECC,Low,Training,Support Required,0,1
854361138,2026-08-31,North Kivu,Beni,Beni,Kanzuli,Church,ECC,Moderate,Training,Support Required,1,1
854632904,2026-08-31,North Kivu,Butembo,Katwa,Vuhika,Denominational school,ECC,Moderate,Training,Support Required,0,1
857307057,2026-08-30,North Kivu,Butembo,Katwa,Masuli,Faith-based health care facility,ECC,High,Training,Support Required,0,1
858859254,2026-09-04,North Kivu,Beni,Beni,Mandrandele,Church,ECC,High,Training,Support Required,1,1
859495986,2026-08-31,North Kivu,Beni,Beni,Kasabinyole,Church,ECC,High,Training,Support Required,1,1
859495990,2026-08-31,North Kivu,Beni,Beni,Butsili,Church,ECC,High,Training,Support Required,1,1
859495993,2026-08-31,North Kivu,Beni,Beni,Butsili,Church,ECC,High,Training,Support Required,1,1
862786531,2026-09-09,North Kivu,Beni,Beni,Ngilinga Muloku,Church,ECC,High,Training,Support Required,0,1
862801808,2026-09-09,North Kivu,Beni,Beni,Kanzuli,Church,ECC,High,Training,Support Required,1,1
862818930,2026-09-09,North Kivu,Beni,Beni,Kanzuli,Church,ECC,Moderate,Training,Support Required,0,1
862836160,2026-09-09,North Kivu,Beni,Beni,Kanzuli,Denominational school,ECC,Moderate,Training,Support Required,1,1
862888563,2026-09-09,North Kivu,Beni,Beni,Kanzuli Nzuki,Denominational school,ECC,High,Training,Support Required,1,1
875869474,2026-09-21,North Kivu,Beni,Beni,Kasanga,Faith-based health care facility,ECC,Moderate,Training,Support Required,1,1
876079652,2026-09-23,North Kivu,Beni,Beni,Kasanga,Faith-based health care facility,ECC,Low,Training,Support Required,1,1
876920737,2026-09-22,Ituri,Djugu,Mangala,Tchele,Church,Roman Catholic Church,Low,Training,Support Required,1,1
876996119,2026-09-24,Ituri,Djugu,Mangala,Tchele,Church,Roman Catholic Church,Low,Training,Support Required,0,1
877017789,2026-09-24,Ituri,Djugu,Mangala,Tchele,Church,Roman Catholic Church,Low,Training,Support Required,0,1
877029755,2026-09-24,Ituri,Djugu,Mangala,Tchele,Church,Roman Catholic Church,Low,Training,Support Required,0,1
877043915,2026-09-24,Ituri,Djugu,Mangala,Tchele,Church,Roman Catholic Church,Low,Training,Support Required,1,1
878062446,2026-09-25,Ituri,Djugu,Lita,Mutumbi,Church,ECC,High,Training,Support Required,1,1
878062450,2026-09-25,Ituri,Djugu,Lita,Mutumbi,Church,ECC,Low,Training,Support Required,1,1
878062460,2026-09-25,Ituri,Djugu,Lita,Mutumbi,Church,ECC,Low,Training,Support Required,1,1
878062468,2026-09-25,Ituri,Djugu,Lita,Mutumbi,Church,ECC,High,Training,Support Required,1,1
878062475,2026-09-25,Ituri,Djugu,Lita,Mutumbi,Church,ECC,Moderate,Training,Support Required,1,1
878771972,2026-09-25,Ituri,Djugu,Mangala,Tchele,Church,Roman Catholic Church,Low,Training,Support Required,0,1
878771977,2026-09-26,Ituri,Djugu,Mangala,Tchele,Church,ECC,Low,Training,Support Required,0,1
878775076,2026-09-26,Ituri,Djugu,Mangala,Tchele,Church,ECC,Low,Training,Support Required,1,1
878784129,2026-09-26,Ituri,Djugu,Mangala,Tchele,Church,Roman Catholic Church,Low,Training,Support Required,1,1
878790544,2026-09-26,Ituri,Djugu,Mangala,Tchele,Church,Roman Catholic Church,Low,Training,Support Required,1,1
878794554,2026-09-26,Ituri,Djugu,Mangala,Tchele,Church,Roman Catholic Church,Low,Training,Support Required,1,1
878860056,2026-09-26,Ituri,Djugu,Mangala,Tchele,Church,Roman Catholic Church,Low,Training,Support Required,1,1
878863016,2026-09-26,Ituri,Djugu,Mangala,Tchele,Church,ECC,Low,Training,Support Required,0,1
878869824,2026-09-26,Ituri,Djugu,Mangala,Tchele,Church,ECC,Low,Training,Support Required,0,1
878896880,2026-09-26,Ituri,Djugu,Mangala,Tchele,Church,ECC,Low,Training,Support Required,0,1
878997028,2026-09-26,Ituri,Djugu,Lita,Bahwere,Denominational school,ECC,Low,Training,Support Required,1,1
878997035,2026-09-26,Ituri,Djugu,Lita,Bahwere,Denominational school,ECC,Low,Training,Support Required,0,1
878997051,2026-09-26,Ituri,Djugu,Lita,Bahwere,Church,ECC,Low,Training,Support Required,1,1
878997059,2026-09-26,Ituri,Djugu,Lita,Bahwere,Church,ECC,Moderate,Training,Support Required,1,1
878997068,2026-09-26,Ituri,Djugu,Lita,Bahwere,Denominational school,ECC,Moderate,Training,Support Required,1,1
878997075,2026-09-26,Ituri,Djugu,Lita,Bahwere,Church,Roman Catholic Church,Moderate,Training,Support Required,1,1
878997091,2026-09-26,Ituri,Djugu,Lita,Bahwere,Church,ECC,Moderate,Training,Support Required,1,1
878997100,2026-09-26,Ituri,Djugu,Lita,Bahwere,Denominational organization,ECC,Moderate,Training,Support Required,1,1
878997108,2026-09-26,Ituri,Djugu,Lita,Bahwere,Church,ECC,Low,Training,Support Required,1,1
878997115,2026-09-26,Ituri,Djugu,Lita,Bahwere,Church,ECC,Moderate,Training,Support Required,1,1
879117541,2026-09-26,Ituri,Djugu,Mangala,Tchele,Church,ECC,Low,Training,Support Required,0,1
879122054,2026-09-26,Ituri,Djugu,Mangala,Tchele,Church,ECC,Low,Training,Support Required,0,1
879202178,2026-09-25,Ituri,Djugu,Mangala,Tchele,Church,ECC,Low,Training,Support Required,1,1
879365390,2026-09-25,Ituri,Djugu,Mangala,Tchele,Church,ECC,Low,Training,Support Required,1,1
879365392,2026-09-25,Ituri,Djugu,Mangala,Tchele,Church,ECC,Low,Training,Support Required,1,1
879365398,2026-09-25,Ituri,Djugu,Mangala,Tchele,Church,ECC,Low,Training,Support Required,0,1
879365403,2026-09-25,Ituri,Djugu,Mangala,Tchele,Church,ECC,Low,Training,Support Required,1,1
879365407,2026-09-26,Ituri,Djugu,Mangala,Tchele,Church,ECC,Low,Training,Support Required,1,1
879365412,2026-09-26,Ituri,Djugu,Mangala,Tchele,Church,ECC,Low,Training,Support Required,1,1
879365414,2026-09-26,Ituri,Djugu,Mangala,Tchele,Church,ECC,Low,Training,Support Required,1,1
879365416,2026-09-26,Ituri,Djugu,Mangala,Tchele,Church,ECC,Low,Training,Support Required,1,1
879365422,2026-09-26,Ituri,Djugu,Mangala,Tchele,Church,ECC,Low,Training,Support Required,1,1
879365427,2026-09-26,Ituri,Djugu,Mangala,Tchele,Church,ECC,Low,Training,Support Required,0,1
879365432,2026-09-26,Ituri,Djugu,Mangala,Tchele,Church,ECC,Low,Training,Support Required,1,1
879365444,2026-09-26,Ituri,Djugu,Mangala,Tcy,Church,ECC,Low,Training,Support Required,0,1
879365450,2026-09-26,Ituri,Djugu,Mangala,Tchele,Church,ECC,Low,Training,Support Required,1,1
879365457,2026-09-26,Ituri,Djugu,Mangala,Tchele,Church,ECC,Low,Training,Support Required,1,1
879365462,2026-09-26,Ituri,Djugu,Mangala,Tchele,Church,ECC,Low,Training,Support Required,1,1
879365465,2026-09-26,Ituri,Djugu,Mangala,Tchele,Church,ECC,Low,Training,Support Required,1,1
879365468,2026-09-26,Ituri,Djugu,Mangala,Tchele,Church,ECC,Low,Training,Support Required,1,1
879365474,2026-09-26,Ituri,Djugu,Mangala,Tchele,Church,ECC,Low,Training,Support Required,1,1
879365478,2026-09-26,Ituri,Djugu,Mangala,Tchele,Church,ECC,Low,Training,Support Required,1,1
879552531,2026-09-27,Ituri,Djugu,Mangala,Tchele,Church,ECC,Low,Training,Support Required,1,1
879554947,2026-09-27,Ituri,Djugu,Mangala,Tchele,Church,ECC,Low,Training,Support Required,1,1
879635788,2026-09-27,Ituri,Djugu,Lita,Mutumbi,Faith-based health care facility,Roman Catholic Church,High,Training,Support Required,1,1
879635794,2026-09-27,Ituri,Djugu,Lita,Mutumbi,Church,Roman Catholic Church,Moderate,Training,Support Required,1,1
879635804,2026-09-27,Ituri,Djugu,Lita,Mutumbi,Church,ECC,High,Training,Support Required,1,1
879635814,2026-09-27,Ituri,Djugu,Lita,Mutumbi,Church,Roman Catholic Church,Moderate,Training,Support Required,0,1
879635826,2026-09-27,Ituri,Djugu,Lita,Mutumbi,Denominational school,ECC,Moderate,Training,Support Required,1,1
879685393,2026-09-23,Ituri,Djugu,Lita,Katoto,Faith-based health care facility,ECC,Low,Training,Support Required,0,1
879685396,2026-09-24,Ituri,Djugu,Lita,Katoto,Church,ECC,High,Training,Support Required,0,1
879685410,2026-09-25,Ituri,Djugu,Lita,Katoto,Church,ECC,Low,Training,Support Required,1,1
879685425,2026-09-25,Ituri,Djugu,Lita,Katoto,Church,ECC,Moderate,Training,Support Required,1,1
879685439,2026-09-25,Ituri,Djugu,Lita,Katoto,Church,ECC,High,Training,Support Required,1,1
879685455,2026-09-25,Ituri,Djugu,Lita,Katoto,Church,Roman Catholic Church,Low,Training,Support Required,0,1
879685474,2026-09-26,Ituri,Djugu,Lita,Katoto,Church,ECC,High,Training,Support Required,0,1
879685485,2026-09-26,Ituri,Djugu,Lita,Katoto,Church,Roman Catholic Church,Moderate,Training,Support Required,0,1
879685494,2026-09-26,Ituri,Djugu,Lita,Katoto,Church,Roman Catholic Church,Moderate,Training,Support Required,0,1
879685509,2026-09-27,Ituri,Djugu,Lita,Katoto,Church,ECC,Low,Training,Support Required,1,1
879685519,2026-09-27,Ituri,Djugu,Lita,Katoto,Church,ECC,Low,Training,Support Required,0,1
879685625,2026-09-27,Ituri,Djugu,Lita,Katoto,Church,ECC,Low,Training,Support Required,1,1
879685659,2026-09-27,Ituri,Djugu,Lita,Katoto,Church,ECC,Low,Training,Support Required,0,1
879685672,2026-09-27,Ituri,Djugu,Lita,Katoto,Church,Roman Catholic Church,Low,Training,Support Required,0,1
879685682,2026-09-27,Ituri,Djugu,Lita,Katoto,Church,Roman Catholic Church,High,Training,Support Required,0,1
879685686,2026-09-27,Ituri,Djugu,Lita,Katoto,Church,Roman Catholic Church,Low,Training,Support Required,0,1
879686019,2026-09-27,Ituri,Djugu,Lita,Katoto,Church,ECC,Low,Training,Support Required,1,1
879686043,2026-09-27,Ituri,Djugu,Lita,Katoto,Church,ECC,Moderate,Training,Support Required,1,1
879686056,2026-09-27,Ituri,Djugu,Lita,Katoto,Church,ECC,Moderate,Training,Support Required,1,1
879686066,2026-09-27,Ituri,Djugu,Lita,Katoto,Church,ECC,Low,Training,Support Required,1,1
841199154,2026-08-16,North Kivu,Beni,Beni,Kanzuli,Church,ECC,Moderate,Funding,Support Required,1,2
841548610,2026-08-17,North Kivu,Beni,Beni,Kanzuli,Church,ECC,Low,Funding,Support Required,1,2
842785213,2026-08-18,North Kivu,Beni,Beni,Kanzuli,Church,ECC,Moderate,Funding,Support Required,0,2
843341124,2026-08-18,North Kivu,Beni,Beni,Ngongolio,Church,ECC,High,Funding,Support Required,1,2
843348882,2026-08-18,North Kivu,Beni,Beni,Ngongolio,Church,ECC,High,Funding,Support Required,1,2
843365757,2026-08-18,North Kivu,Beni,Beni,Tamende,Church,ECC,High,Funding,Support Required,1,2
843369063,2026-08-18,North Kivu,Beni,Beni,Ngongolio,Church,ECC,High,Funding,Support Required,1,2
843770142,2026-08-19,North Kivu,Beni,Beni,Boikene,Church,ECC,High,Funding,Support Required,1,2
843828499,2026-08-18,North Kivu,Beni,Beni,Tamende,Church,ECC,Low,Funding,Support Required,1,2
843841750,2026-08-19,North Kivu,Beni,Beni,Tamende,Church,Roman Catholic Church,Moderate,Funding,Support Required,1,2
843887195,2026-08-19,North Kivu,Beni,Beni,Boikene,Denominational school,ECC,Moderate,Funding,Support Required,1,2
843917903,2026-08-19,North Kivu,Beni,Beni,Boikene,Church,ECC,High,Funding,Support Required,1,2
843940314,2026-08-19,North Kivu,Beni,Beni,Boikene,Church,ECC,High,Funding,Support Required,0,2
843992799,2026-08-19,North Kivu,Beni,Beni,Boikene,Church,ECC,High,Funding,Support Required,1,2
844181691,2026-08-19,North Kivu,Beni,Beni,Boikene,Church,ECC,High,Funding,Support Required,0,2
845990019,2026-08-21,North Kivu,Beni,Beni,Mabakanga,Faith-based health care facility,ECC,Moderate,Funding,Support Required,0,2
846487418,2026-08-21,North Kivu,Beni,Beni,Kanzuli,Church,ECC,High,Funding,Support Required,0,2
846728240,2026-08-22,North Kivu,Beni,Beni,Boikene,Church,ECC,Moderate,Funding,Support Required,1,2
846742619,2026-08-22,North Kivu,Beni,Beni,Boikene,Church,ECC,Moderate,Funding,Support Required,1,2
846748689,2026-08-22,North Kivu,Beni,Beni,Boikene,Denominational school,ECC,High,Funding,Support Required,1,2
847057490,2026-08-22,North Kivu,Beni,Beni,Mandrandele,Church,ECC,High,Funding,Support Required,1,2
847069287,2026-08-22,North Kivu,Beni,Beni,Mandrandele,Church,ECC,High,Funding,Support Required,0,2
847082157,2026-08-22,North Kivu,Beni,Beni,Mandrandele,Church,ECC,High,Funding,Support Required,0,2
847268921,2026-08-23,North Kivu,Beni,Beni,Kasabinyole,Church,ECC,Low,Funding,Support Required,1,2
847273941,2026-08-23,North Kivu,Beni,Beni,Kasabinyole,Church,ECC,Low,Funding,Support Required,1,2
847285482,2026-08-23,North Kivu,Beni,Beni,Tuungane,Church,ECC,Low,Funding,Support Required,1,2
847289604,2026-08-23,North Kivu,Beni,Beni,Tuungane,Denominational school,ECC,Low,Funding,Support Required,1,2
847293655,2026-08-23,North Kivu,Beni,Beni,Tuungane,Denominational school,ECC,Low,Funding,Support Required,1,2
847297827,2026-08-23,North Kivu,Beni,Beni,Tuungane,Church,ECC,Low,Funding,Support Required,1,2
847302416,2026-08-23,North Kivu,Beni,Beni,Tuungane,Church,ECC,Low,Funding,Support Required,1,2
847307012,2026-08-23,North Kivu,Beni,Beni,Anglicane,Denominational school,ECC,Low,Funding,Support Required,1,2
847311861,2026-08-23,North Kivu,Beni,Beni,Anglicane,Church,ECC,Low,Funding,Support Required,1,2
847586408,2026-08-23,North Kivu,Beni,Beni,Kuka,Church,ECC,Moderate,Funding,Support Required,0,2
847600556,2026-08-23,North Kivu,Beni,Beni,Kuka,Church,ECC,High,Funding,Support Required,0,2
847610633,2026-08-23,North Kivu,Beni,Beni,Kuka,Church,ECC,High,Funding,Support Required,0,2
847862794,2026-08-14,North Kivu,Beni,Beni,Malepe,Church,ECC,High,Funding,Support Required,1,2
849046030,2026-08-25,North Kivu,Beni,Beni,Ngongolio,Church,ECC,High,Funding,Support Required,1,2
850045824,2026-08-26,North Kivu,Beni,Beni,Mangothe,Church,ECC,Moderate,Funding,Support Required,0,2
850145543,2026-08-24,North Kivu,Beni,Beni,Malepe,Church,ECC,High,Funding,Support Required,1,2
850180468,2026-08-26,North Kivu,Beni,Beni,Butanuka,Church,ECC,High,Funding,Support Required,1,2
850508336,2026-08-26,North Kivu,Beni,Beni,Mabakanga,Faith-based health care facility,ECC,Low,Funding,Support Required,1,2
850633361,2026-08-26,North Kivu,Beni,Beni,Tamende,Church,ECC,Low,Funding,Support Required,1,2
850649059,2026-08-26,North Kivu,Beni,Beni,Mabakanga,Church,ECC,Moderate,Funding,Support Required,0,2
850652676,2026-08-26,North Kivu,Beni,Beni,Gongolio,Church,Roman Catholic Church,Low,Funding,Support Required,1,2
850657352,2026-08-26,North Kivu,Beni,Beni,Mabakanga,Church,ECC,High,Funding,Support Required,0,2
850690706,2026-08-26,North Kivu,Beni,Beni,Mandrandele,Church,ECC,High,Funding,Support Required,0,2
851141363,2026-08-26,North Kivu,Beni,Beni,Boikene,Church,ECC,High,Funding,Support Required,0,2
851144057,2026-08-27,North Kivu,Beni,Beni,Malepe,Church,ECC,High,Funding,Support Required,1,2
851154720,2026-08-27,North Kivu,Beni,Beni,Malepe,Church,ECC,High,Funding,Support Required,0,2
851221822,2026-08-27,North Kivu,Beni,Beni,Malepe,Church,ECC,High,Funding,Support Required,0,2
851246506,2026-08-27,North Kivu,Beni,Beni,Malepe,Church,ECC,High,Funding,Support Required,1,2
851251697,2026-08-27,North Kivu,Beni,Beni,Rwangoma,Church,ECC,Moderate,Funding,Support Required,1,2
851267049,2026-08-27,North Kivu,Beni,Beni,Butanuka,Denominational school,ECC,High,Funding,Support Required,1,2
851289789,2026-08-27,North Kivu,Beni,Beni,Butanuka,Denominational organization,ECC,High,Funding,Support Required,1,2
851322369,2026-08-27,North Kivu,Beni,Beni,Rwangoma,Church,ECC,Moderate,Funding,Support Required,0,2
852140309,2026-08-28,North Kivu,Butembo,Katwa,Mitoya,Denominational school,ECC,Moderate,Funding,Support Required,0,2
852167593,2026-08-28,North Kivu,Beni,Beni,Kanzuli,Denominational school,ECC,Low,Funding,Support Required,1,2
852170534,2026-08-28,North Kivu,Butembo,Katwa,Katwa,Denominational school,ECC,High,Funding,Support Required,0,2
852209874,2026-08-28,North Kivu,Beni,Beni,Kanzuli,Church,ECC,Moderate,Funding,Support Required,1,2
852221246,2026-08-28,North Kivu,Beni,Beni,Malepe,Church,ECC,Low,Funding,Support Required,1,2
852223652,2026-08-28,North Kivu,Butembo,Katwa,Mitoya,Church,ECC,High,Funding,Support Required,0,2
852306872,2026-08-28,North Kivu,Beni,Beni,Kasabinyole,Church,ECC,Low,Funding,Support Required,1,2
852311269,2026-08-28,North Kivu,Beni,Beni,Gbadolite,Church,ECC,Moderate,Funding,Support Required,1,2
852311817,2026-08-28,North Kivu,Beni,Beni,Kanzuli,Church,ECC,Low,Funding,Support Required,1,2
853058765,2026-08-29,North Kivu,Beni,Beni,Kanzuli,Church,ECC,Low,Funding,Support Required,1,2
853068833,2026-08-29,North Kivu,Beni,Beni,Kanzuli,Church,ECC,Low,Funding,Support Required,1,2
853700686,2026-08-30,North Kivu,Butembo,Katwa,Katwa,Denominational school,ECC,Low,Funding,Support Required,0,2
853885257,2026-08-29,North Kivu,Beni,Beni,Beni,Church,ECC,Moderate,Funding,Support Required,1,2
854183549,2026-08-14,North Kivu,Beni,Beni,Kasabinyole,Church,ECC,High,Funding,Support Required,1,2
854192402,2026-08-31,North Kivu,Beni,Beni,Mabolio,Church,ECC,Low,Funding,Support Required,1,2
854226558,2026-08-31,North Kivu,Lubero,Lubero,Rughenda,Church,ECC,Moderate,Funding,Support Required,0,2
854295690,2026-08-26,North Kivu,Beni,Beni,Malepe,Church,ECC,Moderate,Funding,Support Required,1,2
854335472,2026-08-31,North Kivu,Butembo,Katwa,Katwa,Church,ECC,Low,Funding,Support Required,0,2
854361138,2026-08-31,North Kivu,Beni,Beni,Kanzuli,Church,ECC,Moderate,Funding,Support Required,1,2
854632904,2026-08-31,North Kivu,Butembo,Katwa,Vuhika,Denominational school,ECC,Moderate,Funding,Support Required,0,2
857307057,2026-08-30,North Kivu,Butembo,Katwa,Masuli,Faith-based health care facility,ECC,High,Funding,Support Required,1,2
858859254,2026-09-04,North Kivu,Beni,Beni,Mandrandele,Church,ECC,High,Funding,Support Required,0,2
859495986,2026-08-31,North Kivu,Beni,Beni,Kasabinyole,Church,ECC,High,Funding,Support Required,1,2
859495990,2026-08-31,North Kivu,Beni,Beni,Butsili,Church,ECC,High,Funding,Support Required,1,2
859495993,2026-08-31,North Kivu,Beni,Beni,Butsili,Church,ECC,High,Funding,Support Required,1,2
862786531,2026-09-09,North Kivu,Beni,Beni,Ngilinga Muloku,Church,ECC,High,Funding,Support Required,0,2
862801808,2026-09-09,North Kivu,Beni,Beni,Kanzuli,Church,ECC,High,Funding,Support Required,1,2
862818930,2026-09-09,North Kivu,Beni,Beni,Kanzuli,Church,ECC,Moderate,Funding,Support Required,0,2
862836160,2026-09-09,North Kivu,Beni,Beni,Kanzuli,Denominational school,ECC,Moderate,Funding,Support Required,0,2
862888563,2026-09-09,North Kivu,Beni,Beni,Kanzuli Nzuki,Denominational school,ECC,High,Funding,Support Required,0,2
875869474,2026-09-21,North Kivu,Beni,Beni,Kasanga,Faith-based health care facility,ECC,Moderate,Funding,Support Required,1,2
876079652,2026-09-23,North Kivu,Beni,Beni,Kasanga,Faith-based health care facility,ECC,Low,Funding,Support Required,1,2
876920737,2026-09-22,Ituri,Djugu,Mangala,Tchele,Church,Roman Catholic Church,Low,Funding,Support Required,1,2
876996119,2026-09-24,Ituri,Djugu,Mangala,Tchele,Church,Roman Catholic Church,Low,Funding,Support Required,0,2
877017789,2026-09-24,Ituri,Djugu,Mangala,Tchele,Church,Roman Catholic Church,Low,Funding,Support Required,0,2
877029755,2026-09-24,Ituri,Djugu,Mangala,Tchele,Church,Roman Catholic Church,Low,Funding,Support Required,0,2
877043915,2026-09-24,Ituri,Djugu,Mangala,Tchele,Church,Roman Catholic Church,Low,Funding,Support Required,0,2
878062446,2026-09-25,Ituri,Djugu,Lita,Mutumbi,Church,ECC,High,Funding,Support Required,1,2
878062450,2026-09-25,Ituri,Djugu,Lita,Mutumbi,Church,ECC,Low,Funding,Support Required,0,2
878062460,2026-09-25,Ituri,Djugu,Lita,Mutumbi,Church,ECC,Low,Funding,Support Required,0,2
878062468,2026-09-25,Ituri,Djugu,Lita,Mutumbi,Church,ECC,High,Funding,Support Required,0,2
878062475,2026-09-25,Ituri,Djugu,Lita,Mutumbi,Church,ECC,Moderate,Funding,Support Required,0,2
878771972,2026-09-25,Ituri,Djugu,Mangala,Tchele,Church,Roman Catholic Church,Low,Funding,Support Required,0,2
878771977,2026-09-26,Ituri,Djugu,Mangala,Tchele,Church,ECC,Low,Funding,Support Required,0,2
878775076,2026-09-26,Ituri,Djugu,Mangala,Tchele,Church,ECC,Low,Funding,Support Required,0,2
878784129,2026-09-26,Ituri,Djugu,Mangala,Tchele,Church,Roman Catholic Church,Low,Funding,Support Required,0,2
878790544,2026-09-26,Ituri,Djugu,Mangala,Tchele,Church,Roman Catholic Church,Low,Funding,Support Required,0,2
878794554,2026-09-26,Ituri,Djugu,Mangala,Tchele,Church,Roman Catholic Church,Low,Funding,Support Required,1,2
878860056,2026-09-26,Ituri,Djugu,Mangala,Tchele,Church,Roman Catholic Church,Low,Funding,Support Required,1,2
878863016,2026-09-26,Ituri,Djugu,Mangala,Tchele,Church,ECC,Low,Funding,Support Required,0,2
878869824,2026-09-26,Ituri,Djugu,Mangala,Tchele,Church,ECC,Low,Funding,Support Required,0,2
878896880,2026-09-26,Ituri,Djugu,Mangala,Tchele,Church,ECC,Low,Funding,Support Required,0,2
878997028,2026-09-26,Ituri,Djugu,Lita,Bahwere,Denominational school,ECC,Low,Funding,Support Required,0,2
878997035,2026-09-26,Ituri,Djugu,Lita,Bahwere,Denominational school,ECC,Low,Funding,Support Required,0,2
878997051,2026-09-26,Ituri,Djugu,Lita,Bahwere,Church,ECC,Low,Funding,Support Required,0,2
878997059,2026-09-26,Ituri,Djugu,Lita,Bahwere,Church,ECC,Moderate,Funding,Support Required,1,2
878997068,2026-09-26,Ituri,Djugu,Lita,Bahwere,Denominational school,ECC,Moderate,Funding,Support Required,1,2
878997075,2026-09-26,Ituri,Djugu,Lita,Bahwere,Church,Roman Catholic Church,Moderate,Funding,Support Required,1,2
878997091,2026-09-26,Ituri,Djugu,Lita,Bahwere,Church,ECC,Moderate,Funding,Support Required,0,2
878997100,2026-09-26,Ituri,Djugu,Lita,Bahwere,Denominational organization,ECC,Moderate,Funding,Support Required,1,2
878997108,2026-09-26,Ituri,Djugu,Lita,Bahwere,Church,ECC,Low,Funding,Support Required,1,2
878997115,2026-09-26,Ituri,Djugu,Lita,Bahwere,Church,ECC,Moderate,Funding,Support Required,0,2
879117541,2026-09-26,Ituri,Djugu,Mangala,Tchele,Church,ECC,Low,Funding,Support Required,0,2
879122054,2026-09-26,Ituri,Djugu,Mangala,Tchele,Church,ECC,Low,Funding,Support Required,0,2
879202178,2026-09-25,Ituri,Djugu,Mangala,Tchele,Church,ECC,Low,Funding,Support Required,1,2
879365390,2026-09-25,Ituri,Djugu,Mangala,Tchele,Church,ECC,Low,Funding,Support Required,0,2
879365392,2026-09-25,Ituri,Djugu,Mangala,Tchele,Church,ECC,Low,Funding,Support Required,0,2
879365398,2026-09-25,Ituri,Djugu,Mangala,Tchele,Church,ECC,Low,Funding,Support Required,0,2
879365403,2026-09-25,Ituri,Djugu,Mangala,Tchele,Church,ECC,Low,Funding,Support Required,1,2
879365407,2026-09-26,Ituri,Djugu,Mangala,Tchele,Church,ECC,Low,Funding,Support Required,1,2
879365412,2026-09-26,Ituri,Djugu,Mangala,Tchele,Church,ECC,Low,Funding,Support Required,0,2
879365414,2026-09-26,Ituri,Djugu,Mangala,Tchele,Church,ECC,Low,Funding,Support Required,0,2
879365416,2026-09-26,Ituri,Djugu,Mangala,Tchele,Church,ECC,Low,Funding,Support Required,0,2
879365422,2026-09-26,Ituri,Djugu,Mangala,Tchele,Church,ECC,Low,Funding,Support Required,0,2
879365427,2026-09-26,Ituri,Djugu,Mangala,Tchele,Church,ECC,Low,Funding,Support Required,0,2
879365432,2026-09-26,Ituri,Djugu,Mangala,Tchele,Church,ECC,Low,Funding,Support Required,0,2
879365444,2026-09-26,Ituri,Djugu,Mangala,Tcy,Church,ECC,Low,Funding,Support Required,0,2
879365450,2026-09-26,Ituri,Djugu,Mangala,Tchele,Church,ECC,Low,Funding,Support Required,0,2
879365457,2026-09-26,Ituri,Djugu,Mangala,Tchele,Church,ECC,Low,Funding,Support Required,0,2
879365462,2026-09-26,Ituri,Djugu,Mangala,Tchele,Church,ECC,Low,Funding,Support Required,0,2
879365465,2026-09-26,Ituri,Djugu,Mangala,Tchele,Church,ECC,Low,Funding,Support Required,0,2
879365468,2026-09-26,Ituri,Djugu,Mangala,Tchele,Church,ECC,Low,Funding,Support Required,0,2
879365474,2026-09-26,Ituri,Djugu,Mangala,Tchele,Church,ECC,Low,Funding,Support Required,0,2
879365478,2026-09-26,Ituri,Djugu,Mangala,Tchele,Church,ECC,Low,Funding,Support Required,0,2
879552531,2026-09-27,Ituri,Djugu,Mangala,Tchele,Church,ECC,Low,Funding,Support Required,0,2
879554947,2026-09-27,Ituri,Djugu,Mangala,Tchele,Church,ECC,Low,Funding,Support Required,0,2
879635788,2026-09-27,Ituri,Djugu,Lita,Mutumbi,Faith-based health care facility,Roman Catholic Church,High,Funding,Support Required,0,2
879635794,2026-09-27,Ituri,Djugu,Lita,Mutumbi,Church,Roman Catholic Church,Moderate,Funding,Support Required,0,2
879635804,2026-09-27,Ituri,Djugu,Lita,Mutumbi,Church,ECC,High,Funding,Support Required,0,2
879635814,2026-09-27,Ituri,Djugu,Lita,Mutumbi,Church,Roman Catholic Church,Moderate,Funding,Support Required,0,2
879635826,2026-09-27,Ituri,Djugu,Lita,Mutumbi,Denominational school,ECC,Moderate,Funding,Support Required,0,2
879685393,2026-09-23,Ituri,Djugu,Lita,Katoto,Faith-based health care facility,ECC,Low,Funding,Support Required,0,2
879685396,2026-09-24,Ituri,Djugu,Lita,Katoto,Church,ECC,High,Funding,Support Required,0,2
879685410,2026-09-25,Ituri,Djugu,Lita,Katoto,Church,ECC,Low,Funding,Support Required,0,2
879685425,2026-09-25,Ituri,Djugu,Lita,Katoto,Church,ECC,Moderate,Funding,Support Required,1,2
879685439,2026-09-25,Ituri,Djugu,Lita,Katoto,Church,ECC,High,Funding,Support Required,1,2
879685455,2026-09-25,Ituri,Djugu,Lita,Katoto,Church,Roman Catholic Church,Low,Funding,Support Required,0,2
879685474,2026-09-26,Ituri,Djugu,Lita,Katoto,Church,ECC,High,Funding,Support Required,0,2
879685485,2026-09-26,Ituri,Djugu,Lita,Katoto,Church,Roman Catholic Church,Moderate,Funding,Support Required,0,2
879685494,2026-09-26,Ituri,Djugu,Lita,Katoto,Church,Roman Catholic Church,Moderate,Funding,Support Required,0,2
879685509,2026-09-27,Ituri,Djugu,Lita,Katoto,Church,ECC,Low,Funding,Support Required,0,2
879685519,2026-09-27,Ituri,Djugu,Lita,Katoto,Church,ECC,Low,Funding,Support Required,0,2
879685625,2026-09-27,Ituri,Djugu,Lita,Katoto,Church,ECC,Low,Funding,Support Required,0,2
879685659,2026-09-27,Ituri,Djugu,Lita,Katoto,Church,ECC,Low,Funding,Support Required,0,2
879685672,2026-09-27,Ituri,Djugu,Lita,Katoto,Church,Roman Catholic Church,Low,Funding,Support Required,0,2
879685682,2026-09-27,Ituri,Djugu,Lita,Katoto,Church,Roman Catholic Church,High,Funding,Support Required,0,2
879685686,2026-09-27,Ituri,Djugu,Lita,Katoto,Church,Roman Catholic Church,Low,Funding,Support Required,0,2
879686019,2026-09-27,Ituri,Djugu,Lita,Katoto,Church,ECC,Low,Funding,Support Required,0,2
879686043,2026-09-27,Ituri,Djugu,Lita,Katoto,Church,ECC,Moderate,Funding,Support Required,0,2
879686056,2026-09-27,Ituri,Djugu,Lita,Katoto,Church,ECC,Moderate,Funding,Support Required,1,2
879686066,2026-09-27,Ituri,Djugu,Lita,Katoto,Church,ECC,Low,Funding,Support Required,0,2
841199154,2026-08-16,North Kivu,Beni,Beni,Kanzuli,Church,ECC,Moderate,Transport,Support Required,0,3
841548610,2026-08-17,North Kivu,Beni,Beni,Kanzuli,Church,ECC,Low,Transport,Support Required,1,3
842785213,2026-08-18,North Kivu,Beni,Beni,Kanzuli,Church,ECC,Moderate,Transport,Support Required,0,3
843341124,2026-08-18,North Kivu,Beni,Beni,Ngongolio,Church,ECC,High,Transport,Support Required,1,3
843348882,2026-08-18,North Kivu,Beni,Beni,Ngongolio,Church,ECC,High,Transport,Support Required,1,3
843365757,2026-08-18,North Kivu,Beni,Beni,Tamende,Church,ECC,High,Transport,Support Required,1,3
843369063,2026-08-18,North Kivu,Beni,Beni,Ngongolio,Church,ECC,High,Transport,Support Required,1,3
843770142,2026-08-19,North Kivu,Beni,Beni,Boikene,Church,ECC,High,Transport,Support Required,0,3
843828499,2026-08-18,North Kivu,Beni,Beni,Tamende,Church,ECC,Low,Transport,Support Required,1,3
843841750,2026-08-19,North Kivu,Beni,Beni,Tamende,Church,Roman Catholic Church,Moderate,Transport,Support Required,1,3
843887195,2026-08-19,North Kivu,Beni,Beni,Boikene,Denominational school,ECC,Moderate,Transport,Support Required,0,3
843917903,2026-08-19,North Kivu,Beni,Beni,Boikene,Church,ECC,High,Transport,Support Required,0,3
843940314,2026-08-19,North Kivu,Beni,Beni,Boikene,Church,ECC,High,Transport,Support Required,0,3
843992799,2026-08-19,North Kivu,Beni,Beni,Boikene,Church,ECC,High,Transport,Support Required,0,3
844181691,2026-08-19,North Kivu,Beni,Beni,Boikene,Church,ECC,High,Transport,Support Required,0,3
845990019,2026-08-21,North Kivu,Beni,Beni,Mabakanga,Faith-based health care facility,ECC,Moderate,Transport,Support Required,0,3
846487418,2026-08-21,North Kivu,Beni,Beni,Kanzuli,Church,ECC,High,Transport,Support Required,1,3
846728240,2026-08-22,North Kivu,Beni,Beni,Boikene,Church,ECC,Moderate,Transport,Support Required,0,3
846742619,2026-08-22,North Kivu,Beni,Beni,Boikene,Church,ECC,Moderate,Transport,Support Required,0,3
846748689,2026-08-22,North Kivu,Beni,Beni,Boikene,Denominational school,ECC,High,Transport,Support Required,0,3
847057490,2026-08-22,North Kivu,Beni,Beni,Mandrandele,Church,ECC,High,Transport,Support Required,0,3
847069287,2026-08-22,North Kivu,Beni,Beni,Mandrandele,Church,ECC,High,Transport,Support Required,1,3
847082157,2026-08-22,North Kivu,Beni,Beni,Mandrandele,Church,ECC,High,Transport,Support Required,0,3
847268921,2026-08-23,North Kivu,Beni,Beni,Kasabinyole,Church,ECC,Low,Transport,Support Required,0,3
847273941,2026-08-23,North Kivu,Beni,Beni,Kasabinyole,Church,ECC,Low,Transport,Support Required,1,3
847285482,2026-08-23,North Kivu,Beni,Beni,Tuungane,Church,ECC,Low,Transport,Support Required,1,3
847289604,2026-08-23,North Kivu,Beni,Beni,Tuungane,Denominational school,ECC,Low,Transport,Support Required,1,3
847293655,2026-08-23,North Kivu,Beni,Beni,Tuungane,Denominational school,ECC,Low,Transport,Support Required,0,3
847297827,2026-08-23,North Kivu,Beni,Beni,Tuungane,Church,ECC,Low,Transport,Support Required,1,3
847302416,2026-08-23,North Kivu,Beni,Beni,Tuungane,Church,ECC,Low,Transport,Support Required,0,3
847307012,2026-08-23,North Kivu,Beni,Beni,Anglicane,Denominational school,ECC,Low,Transport,Support Required,1,3
847311861,2026-08-23,North Kivu,Beni,Beni,Anglicane,Church,ECC,Low,Transport,Support Required,1,3
847586408,2026-08-23,North Kivu,Beni,Beni,Kuka,Church,ECC,Moderate,Transport,Support Required,1,3
847600556,2026-08-23,North Kivu,Beni,Beni,Kuka,Church,ECC,High,Transport,Support Required,0,3
847610633,2026-08-23,North Kivu,Beni,Beni,Kuka,Church,ECC,High,Transport,Support Required,0,3
847862794,2026-08-14,North Kivu,Beni,Beni,Malepe,Church,ECC,High,Transport,Support Required,1,3
849046030,2026-08-25,North Kivu,Beni,Beni,Ngongolio,Church,ECC,High,Transport,Support Required,1,3
850045824,2026-08-26,North Kivu,Beni,Beni,Mangothe,Church,ECC,Moderate,Transport,Support Required,0,3
850145543,2026-08-24,North Kivu,Beni,Beni,Malepe,Church,ECC,High,Transport,Support Required,1,3
850180468,2026-08-26,North Kivu,Beni,Beni,Butanuka,Church,ECC,High,Transport,Support Required,1,3
850508336,2026-08-26,North Kivu,Beni,Beni,Mabakanga,Faith-based health care facility,ECC,Low,Transport,Support Required,1,3
850633361,2026-08-26,North Kivu,Beni,Beni,Tamende,Church,ECC,Low,Transport,Support Required,1,3
850649059,2026-08-26,North Kivu,Beni,Beni,Mabakanga,Church,ECC,Moderate,Transport,Support Required,0,3
850652676,2026-08-26,North Kivu,Beni,Beni,Gongolio,Church,Roman Catholic Church,Low,Transport,Support Required,1,3
850657352,2026-08-26,North Kivu,Beni,Beni,Mabakanga,Church,ECC,High,Transport,Support Required,1,3
850690706,2026-08-26,North Kivu,Beni,Beni,Mandrandele,Church,ECC,High,Transport,Support Required,0,3
851141363,2026-08-26,North Kivu,Beni,Beni,Boikene,Church,ECC,High,Transport,Support Required,1,3
851144057,2026-08-27,North Kivu,Beni,Beni,Malepe,Church,ECC,High,Transport,Support Required,0,3
851154720,2026-08-27,North Kivu,Beni,Beni,Malepe,Church,ECC,High,Transport,Support Required,0,3
851221822,2026-08-27,North Kivu,Beni,Beni,Malepe,Church,ECC,High,Transport,Support Required,0,3
851246506,2026-08-27,North Kivu,Beni,Beni,Malepe,Church,ECC,High,Transport,Support Required,0,3
851251697,2026-08-27,North Kivu,Beni,Beni,Rwangoma,Church,ECC,Moderate,Transport,Support Required,0,3
851267049,2026-08-27,North Kivu,Beni,Beni,Butanuka,Denominational school,ECC,High,Transport,Support Required,0,3
851289789,2026-08-27,North Kivu,Beni,Beni,Butanuka,Denominational organization,ECC,High,Transport,Support Required,1,3
851322369,2026-08-27,North Kivu,Beni,Beni,Rwangoma,Church,ECC,Moderate,Transport,Support Required,1,3
852140309,2026-08-28,North Kivu,Butembo,Katwa,Mitoya,Denominational school,ECC,Moderate,Transport,Support Required,0,3
852167593,2026-08-28,North Kivu,Beni,Beni,Kanzuli,Denominational school,ECC,Low,Transport,Support Required,1,3
852170534,2026-08-28,North Kivu,Butembo,Katwa,Katwa,Denominational school,ECC,High,Transport,Support Required,0,3
852209874,2026-08-28,North Kivu,Beni,Beni,Kanzuli,Church,ECC,Moderate,Transport,Support Required,1,3
852221246,2026-08-28,North Kivu,Beni,Beni,Malepe,Church,ECC,Low,Transport,Support Required,1,3
852223652,2026-08-28,North Kivu,Butembo,Katwa,Mitoya,Church,ECC,High,Transport,Support Required,1,3
852306872,2026-08-28,North Kivu,Beni,Beni,Kasabinyole,Church,ECC,Low,Transport,Support Required,1,3
852311269,2026-08-28,North Kivu,Beni,Beni,Gbadolite,Church,ECC,Moderate,Transport,Support Required,1,3
852311817,2026-08-28,North Kivu,Beni,Beni,Kanzuli,Church,ECC,Low,Transport,Support Required,1,3
853058765,2026-08-29,North Kivu,Beni,Beni,Kanzuli,Church,ECC,Low,Transport,Support Required,0,3
853068833,2026-08-29,North Kivu,Beni,Beni,Kanzuli,Church,ECC,Low,Transport,Support Required,1,3
853700686,2026-08-30,North Kivu,Butembo,Katwa,Katwa,Denominational school,ECC,Low,Transport,Support Required,0,3
853885257,2026-08-29,North Kivu,Beni,Beni,Beni,Church,ECC,Moderate,Transport,Support Required,0,3
854183549,2026-08-14,North Kivu,Beni,Beni,Kasabinyole,Church,ECC,High,Transport,Support Required,1,3
854192402,2026-08-31,North Kivu,Beni,Beni,Mabolio,Church,ECC,Low,Transport,Support Required,1,3
854226558,2026-08-31,North Kivu,Lubero,Lubero,Rughenda,Church,ECC,Moderate,Transport,Support Required,0,3
854295690,2026-08-26,North Kivu,Beni,Beni,Malepe,Church,ECC,Moderate,Transport,Support Required,1,3
854335472,2026-08-31,North Kivu,Butembo,Katwa,Katwa,Church,ECC,Low,Transport,Support Required,0,3
854361138,2026-08-31,North Kivu,Beni,Beni,Kanzuli,Church,ECC,Moderate,Transport,Support Required,1,3
854632904,2026-08-31,North Kivu,Butembo,Katwa,Vuhika,Denominational school,ECC,Moderate,Transport,Support Required,0,3
857307057,2026-08-30,North Kivu,Butembo,Katwa,Masuli,Faith-based health care facility,ECC,High,Transport,Support Required,0,3
858859254,2026-09-04,North Kivu,Beni,Beni,Mandrandele,Church,ECC,High,Transport,Support Required,0,3
859495986,2026-08-31,North Kivu,Beni,Beni,Kasabinyole,Church,ECC,High,Transport,Support Required,1,3
859495990,2026-08-31,North Kivu,Beni,Beni,Butsili,Church,ECC,High,Transport,Support Required,1,3
859495993,2026-08-31,North Kivu,Beni,Beni,Butsili,Church,ECC,High,Transport,Support Required,1,3
862786531,2026-09-09,North Kivu,Beni,Beni,Ngilinga Muloku,Church,ECC,High,Transport,Support Required,1,3
862801808,2026-09-09,North Kivu,Beni,Beni,Kanzuli,Church,ECC,High,Transport,Support Required,1,3
862818930,2026-09-09,North Kivu,Beni,Beni,Kanzuli,Church,ECC,Moderate,Transport,Support Required,0,3
862836160,2026-09-09,North Kivu,Beni,Beni,Kanzuli,Denominational school,ECC,Moderate,Transport,Support Required,0,3
862888563,2026-09-09,North Kivu,Beni,Beni,Kanzuli Nzuki,Denominational school,ECC,High,Transport,Support Required,1,3
875869474,2026-09-21,North Kivu,Beni,Beni,Kasanga,Faith-based health care facility,ECC,Moderate,Transport,Support Required,1,3
876079652,2026-09-23,North Kivu,Beni,Beni,Kasanga,Faith-based health care facility,ECC,Low,Transport,Support Required,1,3
876920737,2026-09-22,Ituri,Djugu,Mangala,Tchele,Church,Roman Catholic Church,Low,Transport,Support Required,1,3
876996119,2026-09-24,Ituri,Djugu,Mangala,Tchele,Church,Roman Catholic Church,Low,Transport,Support Required,0,3
877017789,2026-09-24,Ituri,Djugu,Mangala,Tchele,Church,Roman Catholic Church,Low,Transport,Support Required,0,3
877029755,2026-09-24,Ituri,Djugu,Mangala,Tchele,Church,Roman Catholic Church,Low,Transport,Support Required,0,3
877043915,2026-09-24,Ituri,Djugu,Mangala,Tchele,Church,Roman Catholic Church,Low,Transport,Support Required,1,3
878062446,2026-09-25,Ituri,Djugu,Lita,Mutumbi,Church,ECC,High,Transport,Support Required,1,3
878062450,2026-09-25,Ituri,Djugu,Lita,Mutumbi,Church,ECC,Low,Transport,Support Required,0,3
878062460,2026-09-25,Ituri,Djugu,Lita,Mutumbi,Church,ECC,Low,Transport,Support Required,0,3
878062468,2026-09-25,Ituri,Djugu,Lita,Mutumbi,Church,ECC,High,Transport,Support Required,0,3
878062475,2026-09-25,Ituri,Djugu,Lita,Mutumbi,Church,ECC,Moderate,Transport,Support Required,0,3
878771972,2026-09-25,Ituri,Djugu,Mangala,Tchele,Church,Roman Catholic Church,Low,Transport,Support Required,0,3
878771977,2026-09-26,Ituri,Djugu,Mangala,Tchele,Church,ECC,Low,Transport,Support Required,0,3
878775076,2026-09-26,Ituri,Djugu,Mangala,Tchele,Church,ECC,Low,Transport,Support Required,1,3
878784129,2026-09-26,Ituri,Djugu,Mangala,Tchele,Church,Roman Catholic Church,Low,Transport,Support Required,1,3
878790544,2026-09-26,Ituri,Djugu,Mangala,Tchele,Church,Roman Catholic Church,Low,Transport,Support Required,0,3
878794554,2026-09-26,Ituri,Djugu,Mangala,Tchele,Church,Roman Catholic Church,Low,Transport,Support Required,0,3
878860056,2026-09-26,Ituri,Djugu,Mangala,Tchele,Church,Roman Catholic Church,Low,Transport,Support Required,1,3
878863016,2026-09-26,Ituri,Djugu,Mangala,Tchele,Church,ECC,Low,Transport,Support Required,0,3
878869824,2026-09-26,Ituri,Djugu,Mangala,Tchele,Church,ECC,Low,Transport,Support Required,0,3
878896880,2026-09-26,Ituri,Djugu,Mangala,Tchele,Church,ECC,Low,Transport,Support Required,0,3
878997028,2026-09-26,Ituri,Djugu,Lita,Bahwere,Denominational school,ECC,Low,Transport,Support Required,0,3
878997035,2026-09-26,Ituri,Djugu,Lita,Bahwere,Denominational school,ECC,Low,Transport,Support Required,0,3
878997051,2026-09-26,Ituri,Djugu,Lita,Bahwere,Church,ECC,Low,Transport,Support Required,0,3
878997059,2026-09-26,Ituri,Djugu,Lita,Bahwere,Church,ECC,Moderate,Transport,Support Required,1,3
878997068,2026-09-26,Ituri,Djugu,Lita,Bahwere,Denominational school,ECC,Moderate,Transport,Support Required,1,3
878997075,2026-09-26,Ituri,Djugu,Lita,Bahwere,Church,Roman Catholic Church,Moderate,Transport,Support Required,1,3
878997091,2026-09-26,Ituri,Djugu,Lita,Bahwere,Church,ECC,Moderate,Transport,Support Required,0,3
878997100,2026-09-26,Ituri,Djugu,Lita,Bahwere,Denominational organization,ECC,Moderate,Transport,Support Required,1,3
878997108,2026-09-26,Ituri,Djugu,Lita,Bahwere,Church,ECC,Low,Transport,Support Required,1,3
878997115,2026-09-26,Ituri,Djugu,Lita,Bahwere,Church,ECC,Moderate,Transport,Support Required,1,3
879117541,2026-09-26,Ituri,Djugu,Mangala,Tchele,Church,ECC,Low,Transport,Support Required,0,3
879122054,2026-09-26,Ituri,Djugu,Mangala,Tchele,Church,ECC,Low,Transport,Support Required,0,3
879202178,2026-09-25,Ituri,Djugu,Mangala,Tchele,Church,ECC,Low,Transport,Support Required,1,3
879365390,2026-09-25,Ituri,Djugu,Mangala,Tchele,Church,ECC,Low,Transport,Support Required,1,3
879365392,2026-09-25,Ituri,Djugu,Mangala,Tchele,Church,ECC,Low,Transport,Support Required,0,3
879365398,2026-09-25,Ituri,Djugu,Mangala,Tchele,Church,ECC,Low,Transport,Support Required,0,3
879365403,2026-09-25,Ituri,Djugu,Mangala,Tchele,Church,ECC,Low,Transport,Support Required,1,3
879365407,2026-09-26,Ituri,Djugu,Mangala,Tchele,Church,ECC,Low,Transport,Support Required,0,3
879365412,2026-09-26,Ituri,Djugu,Mangala,Tchele,Church,ECC,Low,Transport,Support Required,0,3
879365414,2026-09-26,Ituri,Djugu,Mangala,Tchele,Church,ECC,Low,Transport,Support Required,0,3
879365416,2026-09-26,Ituri,Djugu,Mangala,Tchele,Church,ECC,Low,Transport,Support Required,0,3
879365422,2026-09-26,Ituri,Djugu,Mangala,Tchele,Church,ECC,Low,Transport,Support Required,0,3
879365427,2026-09-26,Ituri,Djugu,Mangala,Tchele,Church,ECC,Low,Transport,Support Required,0,3
879365432,2026-09-26,Ituri,Djugu,Mangala,Tchele,Church,ECC,Low,Transport,Support Required,0,3
879365444,2026-09-26,Ituri,Djugu,Mangala,Tcy,Church,ECC,Low,Transport,Support Required,0,3
879365450,2026-09-26,Ituri,Djugu,Mangala,Tchele,Church,ECC,Low,Transport,Support Required,0,3
879365457,2026-09-26,Ituri,Djugu,Mangala,Tchele,Church,ECC,Low,Transport,Support Required,0,3
879365462,2026-09-26,Ituri,Djugu,Mangala,Tchele,Church,ECC,Low,Transport,Support Required,0,3
879365465,2026-09-26,Ituri,Djugu,Mangala,Tchele,Church,ECC,Low,Transport,Support Required,0,3
879365468,2026-09-26,Ituri,Djugu,Mangala,Tchele,Church,ECC,Low,Transport,Support Required,0,3
879365474,2026-09-26,Ituri,Djugu,Mangala,Tchele,Church,ECC,Low,Transport,Support Required,0,3
879365478,2026-09-26,Ituri,Djugu,Mangala,Tchele,Church,ECC,Low,Transport,Support Required,0,3
879552531,2026-09-27,Ituri,Djugu,Mangala,Tchele,Church,ECC,Low,Transport,Support Required,0,3
879554947,2026-09-27,Ituri,Djugu,Mangala,Tchele,Church,ECC,Low,Transport,Support Required,0,3
879635788,2026-09-27,Ituri,Djugu,Lita,Mutumbi,Faith-based health care facility,Roman Catholic Church,High,Transport,Support Required,0,3
879635794,2026-09-27,Ituri,Djugu,Lita,Mutumbi,Church,Roman Catholic Church,Moderate,Transport,Support Required,0,3
879635804,2026-09-27,Ituri,Djugu,Lita,Mutumbi,Church,ECC,High,Transport,Support Required,0,3
879635814,2026-09-27,Ituri,Djugu,Lita,Mutumbi,Church,Roman Catholic Church,Moderate,Transport,Support Required,0,3
879635826,2026-09-27,Ituri,Djugu,Lita,Mutumbi,Denominational school,ECC,Moderate,Transport,Support Required,0,3
879685393,2026-09-23,Ituri,Djugu,Lita,Katoto,Faith-based health care facility,ECC,Low,Transport,Support Required,0,3
879685396,2026-09-24,Ituri,Djugu,Lita,Katoto,Church,ECC,High,Transport,Support Required,0,3
879685410,2026-09-25,Ituri,Djugu,Lita,Katoto,Church,ECC,Low,Transport,Support Required,0,3
879685425,2026-09-25,Ituri,Djugu,Lita,Katoto,Church,ECC,Moderate,Transport,Support Required,0,3
879685439,2026-09-25,Ituri,Djugu,Lita,Katoto,Church,ECC,High,Transport,Support Required,0,3
879685455,2026-09-25,Ituri,Djugu,Lita,Katoto,Church,Roman Catholic Church,Low,Transport,Support Required,0,3
879685474,2026-09-26,Ituri,Djugu,Lita,Katoto,Church,ECC,High,Transport,Support Required,0,3
879685485,2026-09-26,Ituri,Djugu,Lita,Katoto,Church,Roman Catholic Church,Moderate,Transport,Support Required,0,3
879685494,2026-09-26,Ituri,Djugu,Lita,Katoto,Church,Roman Catholic Church,Moderate,Transport,Support Required,0,3
879685509,2026-09-27,Ituri,Djugu,Lita,Katoto,Church,ECC,Low,Transport,Support Required,0,3
879685519,2026-09-27,Ituri,Djugu,Lita,Katoto,Church,ECC,Low,Transport,Support Required,0,3
879685625,2026-09-27,Ituri,Djugu,Lita,Katoto,Church,ECC,Low,Transport,Support Required,0,3
879685659,2026-09-27,Ituri,Djugu,Lita,Katoto,Church,ECC,Low,Transport,Support Required,0,3
879685672,2026-09-27,Ituri,Djugu,Lita,Katoto,Church,Roman Catholic Church,Low,Transport,Support Required,0,3
879685682,2026-09-27,Ituri,Djugu,Lita,Katoto,Church,Roman Catholic Church,High,Transport,Support Required,0,3
879685686,2026-09-27,Ituri,Djugu,Lita,Katoto,Church,Roman Catholic Church,Low,Transport,Support Required,0,3
879686019,2026-09-27,Ituri,Djugu,Lita,Katoto,Church,ECC,Low,Transport,Support Required,0,3
879686043,2026-09-27,Ituri,Djugu,Lita,Katoto,Church,ECC,Moderate,Transport,Support Required,0,3
879686056,2026-09-27,Ituri,Djugu,Lita,Katoto,Church,ECC,Moderate,Transport,Support Required,0,3
879686066,2026-09-27,Ituri,Djugu,Lita,Katoto,Church,ECC,Low,Transport,Support Required,0,3
841199154,2026-08-16,North Kivu,Beni,Beni,Kanzuli,Church,ECC,Moderate,PPE,Support Required,0,4
841548610,2026-08-17,North Kivu,Beni,Beni,Kanzuli,Church,ECC,Low,PPE,Support Required,0,4
842785213,2026-08-18,North Kivu,Beni,Beni,Kanzuli,Church,ECC,Moderate,PPE,Support Required,0,4
843341124,2026-08-18,North Kivu,Beni,Beni,Ngongolio,Church,ECC,High,PPE,Support Required,0,4
843348882,2026-08-18,North Kivu,Beni,Beni,Ngongolio,Church,ECC,High,PPE,Support Required,0,4
843365757,2026-08-18,North Kivu,Beni,Beni,Tamende,Church,ECC,High,PPE,Support Required,0,4
843369063,2026-08-18,North Kivu,Beni,Beni,Ngongolio,Church,ECC,High,PPE,Support Required,0,4
843770142,2026-08-19,North Kivu,Beni,Beni,Boikene,Church,ECC,High,PPE,Support Required,0,4
843828499,2026-08-18,North Kivu,Beni,Beni,Tamende,Church,ECC,Low,PPE,Support Required,0,4
843841750,2026-08-19,North Kivu,Beni,Beni,Tamende,Church,Roman Catholic Church,Moderate,PPE,Support Required,0,4
843887195,2026-08-19,North Kivu,Beni,Beni,Boikene,Denominational school,ECC,Moderate,PPE,Support Required,0,4
843917903,2026-08-19,North Kivu,Beni,Beni,Boikene,Church,ECC,High,PPE,Support Required,0,4
843940314,2026-08-19,North Kivu,Beni,Beni,Boikene,Church,ECC,High,PPE,Support Required,0,4
843992799,2026-08-19,North Kivu,Beni,Beni,Boikene,Church,ECC,High,PPE,Support Required,0,4
844181691,2026-08-19,North Kivu,Beni,Beni,Boikene,Church,ECC,High,PPE,Support Required,1,4
845990019,2026-08-21,North Kivu,Beni,Beni,Mabakanga,Faith-based health care facility,ECC,Moderate,PPE,Support Required,1,4
846487418,2026-08-21,North Kivu,Beni,Beni,Kanzuli,Church,ECC,High,PPE,Support Required,0,4
846728240,2026-08-22,North Kivu,Beni,Beni,Boikene,Church,ECC,Moderate,PPE,Support Required,0,4
846742619,2026-08-22,North Kivu,Beni,Beni,Boikene,Church,ECC,Moderate,PPE,Support Required,0,4
846748689,2026-08-22,North Kivu,Beni,Beni,Boikene,Denominational school,ECC,High,PPE,Support Required,0,4
847057490,2026-08-22,North Kivu,Beni,Beni,Mandrandele,Church,ECC,High,PPE,Support Required,1,4
847069287,2026-08-22,North Kivu,Beni,Beni,Mandrandele,Church,ECC,High,PPE,Support Required,0,4
847082157,2026-08-22,North Kivu,Beni,Beni,Mandrandele,Church,ECC,High,PPE,Support Required,1,4
847268921,2026-08-23,North Kivu,Beni,Beni,Kasabinyole,Church,ECC,Low,PPE,Support Required,1,4
847273941,2026-08-23,North Kivu,Beni,Beni,Kasabinyole,Church,ECC,Low,PPE,Support Required,1,4
847285482,2026-08-23,North Kivu,Beni,Beni,Tuungane,Church,ECC,Low,PPE,Support Required,1,4
847289604,2026-08-23,North Kivu,Beni,Beni,Tuungane,Denominational school,ECC,Low,PPE,Support Required,1,4
847293655,2026-08-23,North Kivu,Beni,Beni,Tuungane,Denominational school,ECC,Low,PPE,Support Required,0,4
847297827,2026-08-23,North Kivu,Beni,Beni,Tuungane,Church,ECC,Low,PPE,Support Required,0,4
847302416,2026-08-23,North Kivu,Beni,Beni,Tuungane,Church,ECC,Low,PPE,Support Required,0,4
847307012,2026-08-23,North Kivu,Beni,Beni,Anglicane,Denominational school,ECC,Low,PPE,Support Required,0,4
847311861,2026-08-23,North Kivu,Beni,Beni,Anglicane,Church,ECC,Low,PPE,Support Required,1,4
847586408,2026-08-23,North Kivu,Beni,Beni,Kuka,Church,ECC,Moderate,PPE,Support Required,1,4
847600556,2026-08-23,North Kivu,Beni,Beni,Kuka,Church,ECC,High,PPE,Support Required,1,4
847610633,2026-08-23,North Kivu,Beni,Beni,Kuka,Church,ECC,High,PPE,Support Required,1,4
847862794,2026-08-14,North Kivu,Beni,Beni,Malepe,Church,ECC,High,PPE,Support Required,1,4
849046030,2026-08-25,North Kivu,Beni,Beni,Ngongolio,Church,ECC,High,PPE,Support Required,0,4
850045824,2026-08-26,North Kivu,Beni,Beni,Mangothe,Church,ECC,Moderate,PPE,Support Required,0,4
850145543,2026-08-24,North Kivu,Beni,Beni,Malepe,Church,ECC,High,PPE,Support Required,0,4
850180468,2026-08-26,North Kivu,Beni,Beni,Butanuka,Church,ECC,High,PPE,Support Required,0,4
850508336,2026-08-26,North Kivu,Beni,Beni,Mabakanga,Faith-based health care facility,ECC,Low,PPE,Support Required,1,4
850633361,2026-08-26,North Kivu,Beni,Beni,Tamende,Church,ECC,Low,PPE,Support Required,0,4
850649059,2026-08-26,North Kivu,Beni,Beni,Mabakanga,Church,ECC,Moderate,PPE,Support Required,1,4
850652676,2026-08-26,North Kivu,Beni,Beni,Gongolio,Church,Roman Catholic Church,Low,PPE,Support Required,0,4
850657352,2026-08-26,North Kivu,Beni,Beni,Mabakanga,Church,ECC,High,PPE,Support Required,1,4
850690706,2026-08-26,North Kivu,Beni,Beni,Mandrandele,Church,ECC,High,PPE,Support Required,0,4
851141363,2026-08-26,North Kivu,Beni,Beni,Boikene,Church,ECC,High,PPE,Support Required,0,4
851144057,2026-08-27,North Kivu,Beni,Beni,Malepe,Church,ECC,High,PPE,Support Required,1,4
851154720,2026-08-27,North Kivu,Beni,Beni,Malepe,Church,ECC,High,PPE,Support Required,1,4
851221822,2026-08-27,North Kivu,Beni,Beni,Malepe,Church,ECC,High,PPE,Support Required,1,4
851246506,2026-08-27,North Kivu,Beni,Beni,Malepe,Church,ECC,High,PPE,Support Required,1,4
851251697,2026-08-27,North Kivu,Beni,Beni,Rwangoma,Church,ECC,Moderate,PPE,Support Required,1,4
851267049,2026-08-27,North Kivu,Beni,Beni,Butanuka,Denominational school,ECC,High,PPE,Support Required,1,4
851289789,2026-08-27,North Kivu,Beni,Beni,Butanuka,Denominational organization,ECC,High,PPE,Support Required,1,4
851322369,2026-08-27,North Kivu,Beni,Beni,Rwangoma,Church,ECC,Moderate,PPE,Support Required,1,4
852140309,2026-08-28,North Kivu,Butembo,Katwa,Mitoya,Denominational school,ECC,Moderate,PPE,Support Required,0,4
852167593,2026-08-28,North Kivu,Beni,Beni,Kanzuli,Denominational school,ECC,Low,PPE,Support Required,1,4
852170534,2026-08-28,North Kivu,Butembo,Katwa,Katwa,Denominational school,ECC,High,PPE,Support Required,0,4
852209874,2026-08-28,North Kivu,Beni,Beni,Kanzuli,Church,ECC,Moderate,PPE,Support Required,1,4
852221246,2026-08-28,North Kivu,Beni,Beni,Malepe,Church,ECC,Low,PPE,Support Required,1,4
852223652,2026-08-28,North Kivu,Butembo,Katwa,Mitoya,Church,ECC,High,PPE,Support Required,0,4
852306872,2026-08-28,North Kivu,Beni,Beni,Kasabinyole,Church,ECC,Low,PPE,Support Required,1,4
852311269,2026-08-28,North Kivu,Beni,Beni,Gbadolite,Church,ECC,Moderate,PPE,Support Required,1,4
852311817,2026-08-28,North Kivu,Beni,Beni,Kanzuli,Church,ECC,Low,PPE,Support Required,1,4
853058765,2026-08-29,North Kivu,Beni,Beni,Kanzuli,Church,ECC,Low,PPE,Support Required,1,4
853068833,2026-08-29,North Kivu,Beni,Beni,Kanzuli,Church,ECC,Low,PPE,Support Required,0,4
853700686,2026-08-30,North Kivu,Butembo,Katwa,Katwa,Denominational school,ECC,Low,PPE,Support Required,0,4
853885257,2026-08-29,North Kivu,Beni,Beni,Beni,Church,ECC,Moderate,PPE,Support Required,0,4
854183549,2026-08-14,North Kivu,Beni,Beni,Kasabinyole,Church,ECC,High,PPE,Support Required,0,4
854192402,2026-08-31,North Kivu,Beni,Beni,Mabolio,Church,ECC,Low,PPE,Support Required,1,4
854226558,2026-08-31,North Kivu,Lubero,Lubero,Rughenda,Church,ECC,Moderate,PPE,Support Required,0,4
854295690,2026-08-26,North Kivu,Beni,Beni,Malepe,Church,ECC,Moderate,PPE,Support Required,0,4
854335472,2026-08-31,North Kivu,Butembo,Katwa,Katwa,Church,ECC,Low,PPE,Support Required,0,4
854361138,2026-08-31,North Kivu,Beni,Beni,Kanzuli,Church,ECC,Moderate,PPE,Support Required,0,4
854632904,2026-08-31,North Kivu,Butembo,Katwa,Vuhika,Denominational school,ECC,Moderate,PPE,Support Required,0,4
857307057,2026-08-30,North Kivu,Butembo,Katwa,Masuli,Faith-based health care facility,ECC,High,PPE,Support Required,0,4
858859254,2026-09-04,North Kivu,Beni,Beni,Mandrandele,Church,ECC,High,PPE,Support Required,1,4
859495986,2026-08-31,North Kivu,Beni,Beni,Kasabinyole,Church,ECC,High,PPE,Support Required,0,4
859495990,2026-08-31,North Kivu,Beni,Beni,Butsili,Church,ECC,High,PPE,Support Required,0,4
859495993,2026-08-31,North Kivu,Beni,Beni,Butsili,Church,ECC,High,PPE,Support Required,0,4
862786531,2026-09-09,North Kivu,Beni,Beni,Ngilinga Muloku,Church,ECC,High,PPE,Support Required,1,4
862801808,2026-09-09,North Kivu,Beni,Beni,Kanzuli,Church,ECC,High,PPE,Support Required,1,4
862818930,2026-09-09,North Kivu,Beni,Beni,Kanzuli,Church,ECC,Moderate,PPE,Support Required,1,4
862836160,2026-09-09,North Kivu,Beni,Beni,Kanzuli,Denominational school,ECC,Moderate,PPE,Support Required,0,4
862888563,2026-09-09,North Kivu,Beni,Beni,Kanzuli Nzuki,Denominational school,ECC,High,PPE,Support Required,1,4
875869474,2026-09-21,North Kivu,Beni,Beni,Kasanga,Faith-based health care facility,ECC,Moderate,PPE,Support Required,1,4
876079652,2026-09-23,North Kivu,Beni,Beni,Kasanga,Faith-based health care facility,ECC,Low,PPE,Support Required,1,4
876920737,2026-09-22,Ituri,Djugu,Mangala,Tchele,Church,Roman Catholic Church,Low,PPE,Support Required,0,4
876996119,2026-09-24,Ituri,Djugu,Mangala,Tchele,Church,Roman Catholic Church,Low,PPE,Support Required,0,4
877017789,2026-09-24,Ituri,Djugu,Mangala,Tchele,Church,Roman Catholic Church,Low,PPE,Support Required,0,4
877029755,2026-09-24,Ituri,Djugu,Mangala,Tchele,Church,Roman Catholic Church,Low,PPE,Support Required,0,4
877043915,2026-09-24,Ituri,Djugu,Mangala,Tchele,Church,Roman Catholic Church,Low,PPE,Support Required,0,4
878062446,2026-09-25,Ituri,Djugu,Lita,Mutumbi,Church,ECC,High,PPE,Support Required,0,4
878062450,2026-09-25,Ituri,Djugu,Lita,Mutumbi,Church,ECC,Low,PPE,Support Required,0,4
878062460,2026-09-25,Ituri,Djugu,Lita,Mutumbi,Church,ECC,Low,PPE,Support Required,0,4
878062468,2026-09-25,Ituri,Djugu,Lita,Mutumbi,Church,ECC,High,PPE,Support Required,0,4
878062475,2026-09-25,Ituri,Djugu,Lita,Mutumbi,Church,ECC,Moderate,PPE,Support Required,0,4
878771972,2026-09-25,Ituri,Djugu,Mangala,Tchele,Church,Roman Catholic Church,Low,PPE,Support Required,0,4
878771977,2026-09-26,Ituri,Djugu,Mangala,Tchele,Church,ECC,Low,PPE,Support Required,0,4
878775076,2026-09-26,Ituri,Djugu,Mangala,Tchele,Church,ECC,Low,PPE,Support Required,0,4
878784129,2026-09-26,Ituri,Djugu,Mangala,Tchele,Church,Roman Catholic Church,Low,PPE,Support Required,0,4
878790544,2026-09-26,Ituri,Djugu,Mangala,Tchele,Church,Roman Catholic Church,Low,PPE,Support Required,0,4
878794554,2026-09-26,Ituri,Djugu,Mangala,Tchele,Church,Roman Catholic Church,Low,PPE,Support Required,0,4
878860056,2026-09-26,Ituri,Djugu,Mangala,Tchele,Church,Roman Catholic Church,Low,PPE,Support Required,0,4
878863016,2026-09-26,Ituri,Djugu,Mangala,Tchele,Church,ECC,Low,PPE,Support Required,0,4
878869824,2026-09-26,Ituri,Djugu,Mangala,Tchele,Church,ECC,Low,PPE,Support Required,0,4
878896880,2026-09-26,Ituri,Djugu,Mangala,Tchele,Church,ECC,Low,PPE,Support Required,0,4
878997028,2026-09-26,Ituri,Djugu,Lita,Bahwere,Denominational school,ECC,Low,PPE,Support Required,0,4
878997035,2026-09-26,Ituri,Djugu,Lita,Bahwere,Denominational school,ECC,Low,PPE,Support Required,0,4
878997051,2026-09-26,Ituri,Djugu,Lita,Bahwere,Church,ECC,Low,PPE,Support Required,0,4
878997059,2026-09-26,Ituri,Djugu,Lita,Bahwere,Church,ECC,Moderate,PPE,Support Required,0,4
878997068,2026-09-26,Ituri,Djugu,Lita,Bahwere,Denominational school,ECC,Moderate,PPE,Support Required,0,4
878997075,2026-09-26,Ituri,Djugu,Lita,Bahwere,Church,Roman Catholic Church,Moderate,PPE,Support Required,0,4
878997091,2026-09-26,Ituri,Djugu,Lita,Bahwere,Church,ECC,Moderate,PPE,Support Required,0,4
878997100,2026-09-26,Ituri,Djugu,Lita,Bahwere,Denominational organization,ECC,Moderate,PPE,Support Required,0,4
878997108,2026-09-26,Ituri,Djugu,Lita,Bahwere,Church,ECC,Low,PPE,Support Required,0,4
878997115,2026-09-26,Ituri,Djugu,Lita,Bahwere,Church,ECC,Moderate,PPE,Support Required,0,4
879117541,2026-09-26,Ituri,Djugu,Mangala,Tchele,Church,ECC,Low,PPE,Support Required,0,4
879122054,2026-09-26,Ituri,Djugu,Mangala,Tchele,Church,ECC,Low,PPE,Support Required,0,4
879202178,2026-09-25,Ituri,Djugu,Mangala,Tchele,Church,ECC,Low,PPE,Support Required,0,4
879365390,2026-09-25,Ituri,Djugu,Mangala,Tchele,Church,ECC,Low,PPE,Support Required,0,4
879365392,2026-09-25,Ituri,Djugu,Mangala,Tchele,Church,ECC,Low,PPE,Support Required,1,4
879365398,2026-09-25,Ituri,Djugu,Mangala,Tchele,Church,ECC,Low,PPE,Support Required,0,4
879365403,2026-09-25,Ituri,Djugu,Mangala,Tchele,Church,ECC,Low,PPE,Support Required,1,4
879365407,2026-09-26,Ituri,Djugu,Mangala,Tchele,Church,ECC,Low,PPE,Support Required,0,4
879365412,2026-09-26,Ituri,Djugu,Mangala,Tchele,Church,ECC,Low,PPE,Support Required,1,4
879365414,2026-09-26,Ituri,Djugu,Mangala,Tchele,Church,ECC,Low,PPE,Support Required,1,4
879365416,2026-09-26,Ituri,Djugu,Mangala,Tchele,Church,ECC,Low,PPE,Support Required,1,4
879365422,2026-09-26,Ituri,Djugu,Mangala,Tchele,Church,ECC,Low,PPE,Support Required,1,4
879365427,2026-09-26,Ituri,Djugu,Mangala,Tchele,Church,ECC,Low,PPE,Support Required,1,4
879365432,2026-09-26,Ituri,Djugu,Mangala,Tchele,Church,ECC,Low,PPE,Support Required,1,4
879365444,2026-09-26,Ituri,Djugu,Mangala,Tcy,Church,ECC,Low,PPE,Support Required,0,4
879365450,2026-09-26,Ituri,Djugu,Mangala,Tchele,Church,ECC,Low,PPE,Support Required,1,4
879365457,2026-09-26,Ituri,Djugu,Mangala,Tchele,Church,ECC,Low,PPE,Support Required,1,4
879365462,2026-09-26,Ituri,Djugu,Mangala,Tchele,Church,ECC,Low,PPE,Support Required,1,4
879365465,2026-09-26,Ituri,Djugu,Mangala,Tchele,Church,ECC,Low,PPE,Support Required,1,4
879365468,2026-09-26,Ituri,Djugu,Mangala,Tchele,Church,ECC,Low,PPE,Support Required,1,4
879365474,2026-09-26,Ituri,Djugu,Mangala,Tchele,Church,ECC,Low,PPE,Support Required,1,4
879365478,2026-09-26,Ituri,Djugu,Mangala,Tchele,Church,ECC,Low,PPE,Support Required,1,4
879552531,2026-09-27,Ituri,Djugu,Mangala,Tchele,Church,ECC,Low,PPE,Support Required,0,4
879554947,2026-09-27,Ituri,Djugu,Mangala,Tchele,Church,ECC,Low,PPE,Support Required,0,4
879635788,2026-09-27,Ituri,Djugu,Lita,Mutumbi,Faith-based health care facility,Roman Catholic Church,High,PPE,Support Required,0,4
879635794,2026-09-27,Ituri,Djugu,Lita,Mutumbi,Church,Roman Catholic Church,Moderate,PPE,Support Required,0,4
879635804,2026-09-27,Ituri,Djugu,Lita,Mutumbi,Church,ECC,High,PPE,Support Required,0,4
879635814,2026-09-27,Ituri,Djugu,Lita,Mutumbi,Church,Roman Catholic Church,Moderate,PPE,Support Required,0,4
879635826,2026-09-27,Ituri,Djugu,Lita,Mutumbi,Denominational school,ECC,Moderate,PPE,Support Required,0,4
879685393,2026-09-23,Ituri,Djugu,Lita,Katoto,Faith-based health care facility,ECC,Low,PPE,Support Required,0,4
879685396,2026-09-24,Ituri,Djugu,Lita,Katoto,Church,ECC,High,PPE,Support Required,0,4
879685410,2026-09-25,Ituri,Djugu,Lita,Katoto,Church,ECC,Low,PPE,Support Required,0,4
879685425,2026-09-25,Ituri,Djugu,Lita,Katoto,Church,ECC,Moderate,PPE,Support Required,0,4
879685439,2026-09-25,Ituri,Djugu,Lita,Katoto,Church,ECC,High,PPE,Support Required,0,4
879685455,2026-09-25,Ituri,Djugu,Lita,Katoto,Church,Roman Catholic Church,Low,PPE,Support Required,0,4
879685474,2026-09-26,Ituri,Djugu,Lita,Katoto,Church,ECC,High,PPE,Support Required,0,4
879685485,2026-09-26,Ituri,Djugu,Lita,Katoto,Church,Roman Catholic Church,Moderate,PPE,Support Required,0,4
879685494,2026-09-26,Ituri,Djugu,Lita,Katoto,Church,Roman Catholic Church,Moderate,PPE,Support Required,0,4
879685509,2026-09-27,Ituri,Djugu,Lita,Katoto,Church,ECC,Low,PPE,Support Required,0,4
879685519,2026-09-27,Ituri,Djugu,Lita,Katoto,Church,ECC,Low,PPE,Support Required,0,4
879685625,2026-09-27,Ituri,Djugu,Lita,Katoto,Church,ECC,Low,PPE,Support Required,0,4
879685659,2026-09-27,Ituri,Djugu,Lita,Katoto,Church,ECC,Low,PPE,Support Required,0,4
879685672,2026-09-27,Ituri,Djugu,Lita,Katoto,Church,Roman Catholic Church,Low,PPE,Support Required,0,4
879685682,2026-09-27,Ituri,Djugu,Lita,Katoto,Church,Roman Catholic Church,High,PPE,Support Required,0,4
879685686,2026-09-27,Ituri,Djugu,Lita,Katoto,Church,Roman Catholic Church,Low,PPE,Support Required,0,4
879686019,2026-09-27,Ituri,Djugu,Lita,Katoto,Church,ECC,Low,PPE,Support Required,0,4
879686043,2026-09-27,Ituri,Djugu,Lita,Katoto,Church,ECC,Moderate,PPE,Support Required,0,4
879686056,2026-09-27,Ituri,Djugu,Lita,Katoto,Church,ECC,Moderate,PPE,Support Required,0,4
879686066,2026-09-27,Ituri,Djugu,Lita,Katoto,Church,ECC,Low,PPE,Support Required,0,4
841199154,2026-08-16,North Kivu,Beni,Beni,Kanzuli,Church,ECC,Moderate,Communication equipment,Support Required,1,5
841548610,2026-08-17,North Kivu,Beni,Beni,Kanzuli,Church,ECC,Low,Communication equipment,Support Required,1,5
842785213,2026-08-18,North Kivu,Beni,Beni,Kanzuli,Church,ECC,Moderate,Communication equipment,Support Required,0,5
843341124,2026-08-18,North Kivu,Beni,Beni,Ngongolio,Church,ECC,High,Communication equipment,Support Required,1,5
843348882,2026-08-18,North Kivu,Beni,Beni,Ngongolio,Church,ECC,High,Communication equipment,Support Required,1,5
843365757,2026-08-18,North Kivu,Beni,Beni,Tamende,Church,ECC,High,Communication equipment,Support Required,1,5
843369063,2026-08-18,North Kivu,Beni,Beni,Ngongolio,Church,ECC,High,Communication equipment,Support Required,1,5
843770142,2026-08-19,North Kivu,Beni,Beni,Boikene,Church,ECC,High,Communication equipment,Support Required,0,5
843828499,2026-08-18,North Kivu,Beni,Beni,Tamende,Church,ECC,Low,Communication equipment,Support Required,0,5
843841750,2026-08-19,North Kivu,Beni,Beni,Tamende,Church,Roman Catholic Church,Moderate,Communication equipment,Support Required,1,5
843887195,2026-08-19,North Kivu,Beni,Beni,Boikene,Denominational school,ECC,Moderate,Communication equipment,Support Required,0,5
843917903,2026-08-19,North Kivu,Beni,Beni,Boikene,Church,ECC,High,Communication equipment,Support Required,0,5
843940314,2026-08-19,North Kivu,Beni,Beni,Boikene,Church,ECC,High,Communication equipment,Support Required,0,5
843992799,2026-08-19,North Kivu,Beni,Beni,Boikene,Church,ECC,High,Communication equipment,Support Required,0,5
844181691,2026-08-19,North Kivu,Beni,Beni,Boikene,Church,ECC,High,Communication equipment,Support Required,1,5
845990019,2026-08-21,North Kivu,Beni,Beni,Mabakanga,Faith-based health care facility,ECC,Moderate,Communication equipment,Support Required,0,5
846487418,2026-08-21,North Kivu,Beni,Beni,Kanzuli,Church,ECC,High,Communication equipment,Support Required,0,5
846728240,2026-08-22,North Kivu,Beni,Beni,Boikene,Church,ECC,Moderate,Communication equipment,Support Required,0,5
846742619,2026-08-22,North Kivu,Beni,Beni,Boikene,Church,ECC,Moderate,Communication equipment,Support Required,0,5
846748689,2026-08-22,North Kivu,Beni,Beni,Boikene,Denominational school,ECC,High,Communication equipment,Support Required,0,5
847057490,2026-08-22,North Kivu,Beni,Beni,Mandrandele,Church,ECC,High,Communication equipment,Support Required,0,5
847069287,2026-08-22,North Kivu,Beni,Beni,Mandrandele,Church,ECC,High,Communication equipment,Support Required,0,5
847082157,2026-08-22,North Kivu,Beni,Beni,Mandrandele,Church,ECC,High,Communication equipment,Support Required,0,5
847268921,2026-08-23,North Kivu,Beni,Beni,Kasabinyole,Church,ECC,Low,Communication equipment,Support Required,1,5
847273941,2026-08-23,North Kivu,Beni,Beni,Kasabinyole,Church,ECC,Low,Communication equipment,Support Required,1,5
847285482,2026-08-23,North Kivu,Beni,Beni,Tuungane,Church,ECC,Low,Communication equipment,Support Required,1,5
847289604,2026-08-23,North Kivu,Beni,Beni,Tuungane,Denominational school,ECC,Low,Communication equipment,Support Required,0,5
847293655,2026-08-23,North Kivu,Beni,Beni,Tuungane,Denominational school,ECC,Low,Communication equipment,Support Required,0,5
847297827,2026-08-23,North Kivu,Beni,Beni,Tuungane,Church,ECC,Low,Communication equipment,Support Required,1,5
847302416,2026-08-23,North Kivu,Beni,Beni,Tuungane,Church,ECC,Low,Communication equipment,Support Required,0,5
847307012,2026-08-23,North Kivu,Beni,Beni,Anglicane,Denominational school,ECC,Low,Communication equipment,Support Required,0,5
847311861,2026-08-23,North Kivu,Beni,Beni,Anglicane,Church,ECC,Low,Communication equipment,Support Required,0,5
847586408,2026-08-23,North Kivu,Beni,Beni,Kuka,Church,ECC,Moderate,Communication equipment,Support Required,0,5
847600556,2026-08-23,North Kivu,Beni,Beni,Kuka,Church,ECC,High,Communication equipment,Support Required,0,5
847610633,2026-08-23,North Kivu,Beni,Beni,Kuka,Church,ECC,High,Communication equipment,Support Required,0,5
847862794,2026-08-14,North Kivu,Beni,Beni,Malepe,Church,ECC,High,Communication equipment,Support Required,1,5
849046030,2026-08-25,North Kivu,Beni,Beni,Ngongolio,Church,ECC,High,Communication equipment,Support Required,1,5
850045824,2026-08-26,North Kivu,Beni,Beni,Mangothe,Church,ECC,Moderate,Communication equipment,Support Required,0,5
850145543,2026-08-24,North Kivu,Beni,Beni,Malepe,Church,ECC,High,Communication equipment,Support Required,1,5
850180468,2026-08-26,North Kivu,Beni,Beni,Butanuka,Church,ECC,High,Communication equipment,Support Required,1,5
850508336,2026-08-26,North Kivu,Beni,Beni,Mabakanga,Faith-based health care facility,ECC,Low,Communication equipment,Support Required,1,5
850633361,2026-08-26,North Kivu,Beni,Beni,Tamende,Church,ECC,Low,Communication equipment,Support Required,1,5
850649059,2026-08-26,North Kivu,Beni,Beni,Mabakanga,Church,ECC,Moderate,Communication equipment,Support Required,0,5
850652676,2026-08-26,North Kivu,Beni,Beni,Gongolio,Church,Roman Catholic Church,Low,Communication equipment,Support Required,1,5
850657352,2026-08-26,North Kivu,Beni,Beni,Mabakanga,Church,ECC,High,Communication equipment,Support Required,0,5
850690706,2026-08-26,North Kivu,Beni,Beni,Mandrandele,Church,ECC,High,Communication equipment,Support Required,0,5
851141363,2026-08-26,North Kivu,Beni,Beni,Boikene,Church,ECC,High,Communication equipment,Support Required,0,5
851144057,2026-08-27,North Kivu,Beni,Beni,Malepe,Church,ECC,High,Communication equipment,Support Required,0,5
851154720,2026-08-27,North Kivu,Beni,Beni,Malepe,Church,ECC,High,Communication equipment,Support Required,0,5
851221822,2026-08-27,North Kivu,Beni,Beni,Malepe,Church,ECC,High,Communication equipment,Support Required,0,5
851246506,2026-08-27,North Kivu,Beni,Beni,Malepe,Church,ECC,High,Communication equipment,Support Required,0,5
851251697,2026-08-27,North Kivu,Beni,Beni,Rwangoma,Church,ECC,Moderate,Communication equipment,Support Required,0,5
851267049,2026-08-27,North Kivu,Beni,Beni,Butanuka,Denominational school,ECC,High,Communication equipment,Support Required,0,5
851289789,2026-08-27,North Kivu,Beni,Beni,Butanuka,Denominational organization,ECC,High,Communication equipment,Support Required,0,5
851322369,2026-08-27,North Kivu,Beni,Beni,Rwangoma,Church,ECC,Moderate,Communication equipment,Support Required,0,5
852140309,2026-08-28,North Kivu,Butembo,Katwa,Mitoya,Denominational school,ECC,Moderate,Communication equipment,Support Required,0,5
852167593,2026-08-28,North Kivu,Beni,Beni,Kanzuli,Denominational school,ECC,Low,Communication equipment,Support Required,1,5
852170534,2026-08-28,North Kivu,Butembo,Katwa,Katwa,Denominational school,ECC,High,Communication equipment,Support Required,0,5
852209874,2026-08-28,North Kivu,Beni,Beni,Kanzuli,Church,ECC,Moderate,Communication equipment,Support Required,1,5
852221246,2026-08-28,North Kivu,Beni,Beni,Malepe,Church,ECC,Low,Communication equipment,Support Required,1,5
852223652,2026-08-28,North Kivu,Butembo,Katwa,Mitoya,Church,ECC,High,Communication equipment,Support Required,1,5
852306872,2026-08-28,North Kivu,Beni,Beni,Kasabinyole,Church,ECC,Low,Communication equipment,Support Required,1,5
852311269,2026-08-28,North Kivu,Beni,Beni,Gbadolite,Church,ECC,Moderate,Communication equipment,Support Required,1,5
852311817,2026-08-28,North Kivu,Beni,Beni,Kanzuli,Church,ECC,Low,Communication equipment,Support Required,1,5
853058765,2026-08-29,North Kivu,Beni,Beni,Kanzuli,Church,ECC,Low,Communication equipment,Support Required,1,5
853068833,2026-08-29,North Kivu,Beni,Beni,Kanzuli,Church,ECC,Low,Communication equipment,Support Required,1,5
853700686,2026-08-30,North Kivu,Butembo,Katwa,Katwa,Denominational school,ECC,Low,Communication equipment,Support Required,0,5
853885257,2026-08-29,North Kivu,Beni,Beni,Beni,Church,ECC,Moderate,Communication equipment,Support Required,0,5
854183549,2026-08-14,North Kivu,Beni,Beni,Kasabinyole,Church,ECC,High,Communication equipment,Support Required,1,5
854192402,2026-08-31,North Kivu,Beni,Beni,Mabolio,Church,ECC,Low,Communication equipment,Support Required,1,5
854226558,2026-08-31,North Kivu,Lubero,Lubero,Rughenda,Church,ECC,Moderate,Communication equipment,Support Required,0,5
854295690,2026-08-26,North Kivu,Beni,Beni,Malepe,Church,ECC,Moderate,Communication equipment,Support Required,1,5
854335472,2026-08-31,North Kivu,Butembo,Katwa,Katwa,Church,ECC,Low,Communication equipment,Support Required,0,5
854361138,2026-08-31,North Kivu,Beni,Beni,Kanzuli,Church,ECC,Moderate,Communication equipment,Support Required,1,5
854632904,2026-08-31,North Kivu,Butembo,Katwa,Vuhika,Denominational school,ECC,Moderate,Communication equipment,Support Required,0,5
857307057,2026-08-30,North Kivu,Butembo,Katwa,Masuli,Faith-based health care facility,ECC,High,Communication equipment,Support Required,0,5
858859254,2026-09-04,North Kivu,Beni,Beni,Mandrandele,Church,ECC,High,Communication equipment,Support Required,0,5
859495986,2026-08-31,North Kivu,Beni,Beni,Kasabinyole,Church,ECC,High,Communication equipment,Support Required,1,5
859495990,2026-08-31,North Kivu,Beni,Beni,Butsili,Church,ECC,High,Communication equipment,Support Required,1,5
859495993,2026-08-31,North Kivu,Beni,Beni,Butsili,Church,ECC,High,Communication equipment,Support Required,1,5
862786531,2026-09-09,North Kivu,Beni,Beni,Ngilinga Muloku,Church,ECC,High,Communication equipment,Support Required,0,5
862801808,2026-09-09,North Kivu,Beni,Beni,Kanzuli,Church,ECC,High,Communication equipment,Support Required,0,5
862818930,2026-09-09,North Kivu,Beni,Beni,Kanzuli,Church,ECC,Moderate,Communication equipment,Support Required,0,5
862836160,2026-09-09,North Kivu,Beni,Beni,Kanzuli,Denominational school,ECC,Moderate,Communication equipment,Support Required,0,5
862888563,2026-09-09,North Kivu,Beni,Beni,Kanzuli Nzuki,Denominational school,ECC,High,Communication equipment,Support Required,0,5
875869474,2026-09-21,North Kivu,Beni,Beni,Kasanga,Faith-based health care facility,ECC,Moderate,Communication equipment,Support Required,1,5
876079652,2026-09-23,North Kivu,Beni,Beni,Kasanga,Faith-based health care facility,ECC,Low,Communication equipment,Support Required,1,5
876920737,2026-09-22,Ituri,Djugu,Mangala,Tchele,Church,Roman Catholic Church,Low,Communication equipment,Support Required,1,5
876996119,2026-09-24,Ituri,Djugu,Mangala,Tchele,Church,Roman Catholic Church,Low,Communication equipment,Support Required,0,5
877017789,2026-09-24,Ituri,Djugu,Mangala,Tchele,Church,Roman Catholic Church,Low,Communication equipment,Support Required,0,5
877029755,2026-09-24,Ituri,Djugu,Mangala,Tchele,Church,Roman Catholic Church,Low,Communication equipment,Support Required,0,5
877043915,2026-09-24,Ituri,Djugu,Mangala,Tchele,Church,Roman Catholic Church,Low,Communication equipment,Support Required,0,5
878062446,2026-09-25,Ituri,Djugu,Lita,Mutumbi,Church,ECC,High,Communication equipment,Support Required,0,5
878062450,2026-09-25,Ituri,Djugu,Lita,Mutumbi,Church,ECC,Low,Communication equipment,Support Required,0,5
878062460,2026-09-25,Ituri,Djugu,Lita,Mutumbi,Church,ECC,Low,Communication equipment,Support Required,0,5
878062468,2026-09-25,Ituri,Djugu,Lita,Mutumbi,Church,ECC,High,Communication equipment,Support Required,0,5
878062475,2026-09-25,Ituri,Djugu,Lita,Mutumbi,Church,ECC,Moderate,Communication equipment,Support Required,0,5
878771972,2026-09-25,Ituri,Djugu,Mangala,Tchele,Church,Roman Catholic Church,Low,Communication equipment,Support Required,0,5
878771977,2026-09-26,Ituri,Djugu,Mangala,Tchele,Church,ECC,Low,Communication equipment,Support Required,0,5
878775076,2026-09-26,Ituri,Djugu,Mangala,Tchele,Church,ECC,Low,Communication equipment,Support Required,0,5
878784129,2026-09-26,Ituri,Djugu,Mangala,Tchele,Church,Roman Catholic Church,Low,Communication equipment,Support Required,0,5
878790544,2026-09-26,Ituri,Djugu,Mangala,Tchele,Church,Roman Catholic Church,Low,Communication equipment,Support Required,0,5
878794554,2026-09-26,Ituri,Djugu,Mangala,Tchele,Church,Roman Catholic Church,Low,Communication equipment,Support Required,0,5
878860056,2026-09-26,Ituri,Djugu,Mangala,Tchele,Church,Roman Catholic Church,Low,Communication equipment,Support Required,0,5
878863016,2026-09-26,Ituri,Djugu,Mangala,Tchele,Church,ECC,Low,Communication equipment,Support Required,0,5
878869824,2026-09-26,Ituri,Djugu,Mangala,Tchele,Church,ECC,Low,Communication equipment,Support Required,0,5
878896880,2026-09-26,Ituri,Djugu,Mangala,Tchele,Church,ECC,Low,Communication equipment,Support Required,0,5
878997028,2026-09-26,Ituri,Djugu,Lita,Bahwere,Denominational school,ECC,Low,Communication equipment,Support Required,0,5
878997035,2026-09-26,Ituri,Djugu,Lita,Bahwere,Denominational school,ECC,Low,Communication equipment,Support Required,1,5
878997051,2026-09-26,Ituri,Djugu,Lita,Bahwere,Church,ECC,Low,Communication equipment,Support Required,0,5
878997059,2026-09-26,Ituri,Djugu,Lita,Bahwere,Church,ECC,Moderate,Communication equipment,Support Required,0,5
878997068,2026-09-26,Ituri,Djugu,Lita,Bahwere,Denominational school,ECC,Moderate,Communication equipment,Support Required,1,5
878997075,2026-09-26,Ituri,Djugu,Lita,Bahwere,Church,Roman Catholic Church,Moderate,Communication equipment,Support Required,1,5
878997091,2026-09-26,Ituri,Djugu,Lita,Bahwere,Church,ECC,Moderate,Communication equipment,Support Required,0,5
878997100,2026-09-26,Ituri,Djugu,Lita,Bahwere,Denominational organization,ECC,Moderate,Communication equipment,Support Required,1,5
878997108,2026-09-26,Ituri,Djugu,Lita,Bahwere,Church,ECC,Low,Communication equipment,Support Required,1,5
878997115,2026-09-26,Ituri,Djugu,Lita,Bahwere,Church,ECC,Moderate,Communication equipment,Support Required,1,5
879117541,2026-09-26,Ituri,Djugu,Mangala,Tchele,Church,ECC,Low,Communication equipment,Support Required,0,5
879122054,2026-09-26,Ituri,Djugu,Mangala,Tchele,Church,ECC,Low,Communication equipment,Support Required,0,5
879202178,2026-09-25,Ituri,Djugu,Mangala,Tchele,Church,ECC,Low,Communication equipment,Support Required,0,5
879365390,2026-09-25,Ituri,Djugu,Mangala,Tchele,Church,ECC,Low,Communication equipment,Support Required,0,5
879365392,2026-09-25,Ituri,Djugu,Mangala,Tchele,Church,ECC,Low,Communication equipment,Support Required,0,5
879365398,2026-09-25,Ituri,Djugu,Mangala,Tchele,Church,ECC,Low,Communication equipment,Support Required,0,5
879365403,2026-09-25,Ituri,Djugu,Mangala,Tchele,Church,ECC,Low,Communication equipment,Support Required,1,5
879365407,2026-09-26,Ituri,Djugu,Mangala,Tchele,Church,ECC,Low,Communication equipment,Support Required,1,5
879365412,2026-09-26,Ituri,Djugu,Mangala,Tchele,Church,ECC,Low,Communication equipment,Support Required,0,5
879365414,2026-09-26,Ituri,Djugu,Mangala,Tchele,Church,ECC,Low,Communication equipment,Support Required,0,5
879365416,2026-09-26,Ituri,Djugu,Mangala,Tchele,Church,ECC,Low,Communication equipment,Support Required,0,5
879365422,2026-09-26,Ituri,Djugu,Mangala,Tchele,Church,ECC,Low,Communication equipment,Support Required,0,5
879365427,2026-09-26,Ituri,Djugu,Mangala,Tchele,Church,ECC,Low,Communication equipment,Support Required,0,5
879365432,2026-09-26,Ituri,Djugu,Mangala,Tchele,Church,ECC,Low,Communication equipment,Support Required,0,5
879365444,2026-09-26,Ituri,Djugu,Mangala,Tcy,Church,ECC,Low,Communication equipment,Support Required,0,5
879365450,2026-09-26,Ituri,Djugu,Mangala,Tchele,Church,ECC,Low,Communication equipment,Support Required,0,5
879365457,2026-09-26,Ituri,Djugu,Mangala,Tchele,Church,ECC,Low,Communication equipment,Support Required,0,5
879365462,2026-09-26,Ituri,Djugu,Mangala,Tchele,Church,ECC,Low,Communication equipment,Support Required,0,5
879365465,2026-09-26,Ituri,Djugu,Mangala,Tchele,Church,ECC,Low,Communication equipment,Support Required,0,5
879365468,2026-09-26,Ituri,Djugu,Mangala,Tchele,Church,ECC,Low,Communication equipment,Support Required,0,5
879365474,2026-09-26,Ituri,Djugu,Mangala,Tchele,Church,ECC,Low,Communication equipment,Support Required,0,5
879365478,2026-09-26,Ituri,Djugu,Mangala,Tchele,Church,ECC,Low,Communication equipment,Support Required,0,5
879552531,2026-09-27,Ituri,Djugu,Mangala,Tchele,Church,ECC,Low,Communication equipment,Support Required,0,5
879554947,2026-09-27,Ituri,Djugu,Mangala,Tchele,Church,ECC,Low,Communication equipment,Support Required,0,5
879635788,2026-09-27,Ituri,Djugu,Lita,Mutumbi,Faith-based health care facility,Roman Catholic Church,High,Communication equipment,Support Required,0,5
879635794,2026-09-27,Ituri,Djugu,Lita,Mutumbi,Church,Roman Catholic Church,Moderate,Communication equipment,Support Required,0,5
879635804,2026-09-27,Ituri,Djugu,Lita,Mutumbi,Church,ECC,High,Communication equipment,Support Required,0,5
879635814,2026-09-27,Ituri,Djugu,Lita,Mutumbi,Church,Roman Catholic Church,Moderate,Communication equipment,Support Required,0,5
879635826,2026-09-27,Ituri,Djugu,Lita,Mutumbi,Denominational school,ECC,Moderate,Communication equipment,Support Required,0,5
879685393,2026-09-23,Ituri,Djugu,Lita,Katoto,Faith-based health care facility,ECC,Low,Communication equipment,Support Required,0,5
879685396,2026-09-24,Ituri,Djugu,Lita,Katoto,Church,ECC,High,Communication equipment,Support Required,0,5
879685410,2026-09-25,Ituri,Djugu,Lita,Katoto,Church,ECC,Low,Communication equipment,Support Required,0,5
879685425,2026-09-25,Ituri,Djugu,Lita,Katoto,Church,ECC,Moderate,Communication equipment,Support Required,1,5
879685439,2026-09-25,Ituri,Djugu,Lita,Katoto,Church,ECC,High,Communication equipment,Support Required,1,5
879685455,2026-09-25,Ituri,Djugu,Lita,Katoto,Church,Roman Catholic Church,Low,Communication equipment,Support Required,0,5
879685474,2026-09-26,Ituri,Djugu,Lita,Katoto,Church,ECC,High,Communication equipment,Support Required,0,5
879685485,2026-09-26,Ituri,Djugu,Lita,Katoto,Church,Roman Catholic Church,Moderate,Communication equipment,Support Required,0,5
879685494,2026-09-26,Ituri,Djugu,Lita,Katoto,Church,Roman Catholic Church,Moderate,Communication equipment,Support Required,0,5
879685509,2026-09-27,Ituri,Djugu,Lita,Katoto,Church,ECC,Low,Communication equipment,Support Required,0,5
879685519,2026-09-27,Ituri,Djugu,Lita,Katoto,Church,ECC,Low,Communication equipment,Support Required,0,5
879685625,2026-09-27,Ituri,Djugu,Lita,Katoto,Church,ECC,Low,Communication equipment,Support Required,0,5
879685659,2026-09-27,Ituri,Djugu,Lita,Katoto,Church,ECC,Low,Communication equipment,Support Required,0,5
879685672,2026-09-27,Ituri,Djugu,Lita,Katoto,Church,Roman Catholic Church,Low,Communication equipment,Support Required,0,5
879685682,2026-09-27,Ituri,Djugu,Lita,Katoto,Church,Roman Catholic Church,High,Communication equipment,Support Required,0,5
879685686,2026-09-27,Ituri,Djugu,Lita,Katoto,Church,Roman Catholic Church,Low,Communication equipment,Support Required,0,5
879686019,2026-09-27,Ituri,Djugu,Lita,Katoto,Church,ECC,Low,Communication equipment,Support Required,0,5
879686043,2026-09-27,Ituri,Djugu,Lita,Katoto,Church,ECC,Moderate,Communication equipment,Support Required,0,5
879686056,2026-09-27,Ituri,Djugu,Lita,Katoto,Church,ECC,Moderate,Communication equipment,Support Required,0,5
879686066,2026-09-27,Ituri,Djugu,Lita,Katoto,Church,ECC,Low,Communication equipment,Support Required,0,5
841199154,2026-08-16,North Kivu,Beni,Beni,Kanzuli,Church,ECC,Moderate,IEC materials,Support Required,1,6
841548610,2026-08-17,North Kivu,Beni,Beni,Kanzuli,Church,ECC,Low,IEC materials,Support Required,1,6
842785213,2026-08-18,North Kivu,Beni,Beni,Kanzuli,Church,ECC,Moderate,IEC materials,Support Required,0,6
843341124,2026-08-18,North Kivu,Beni,Beni,Ngongolio,Church,ECC,High,IEC materials,Support Required,0,6
843348882,2026-08-18,North Kivu,Beni,Beni,Ngongolio,Church,ECC,High,IEC materials,Support Required,0,6
843365757,2026-08-18,North Kivu,Beni,Beni,Tamende,Church,ECC,High,IEC materials,Support Required,0,6
843369063,2026-08-18,North Kivu,Beni,Beni,Ngongolio,Church,ECC,High,IEC materials,Support Required,0,6
843770142,2026-08-19,North Kivu,Beni,Beni,Boikene,Church,ECC,High,IEC materials,Support Required,0,6
843828499,2026-08-18,North Kivu,Beni,Beni,Tamende,Church,ECC,Low,IEC materials,Support Required,1,6
843841750,2026-08-19,North Kivu,Beni,Beni,Tamende,Church,Roman Catholic Church,Moderate,IEC materials,Support Required,1,6
843887195,2026-08-19,North Kivu,Beni,Beni,Boikene,Denominational school,ECC,Moderate,IEC materials,Support Required,1,6
843917903,2026-08-19,North Kivu,Beni,Beni,Boikene,Church,ECC,High,IEC materials,Support Required,0,6
843940314,2026-08-19,North Kivu,Beni,Beni,Boikene,Church,ECC,High,IEC materials,Support Required,1,6
843992799,2026-08-19,North Kivu,Beni,Beni,Boikene,Church,ECC,High,IEC materials,Support Required,1,6
844181691,2026-08-19,North Kivu,Beni,Beni,Boikene,Church,ECC,High,IEC materials,Support Required,0,6
845990019,2026-08-21,North Kivu,Beni,Beni,Mabakanga,Faith-based health care facility,ECC,Moderate,IEC materials,Support Required,0,6
846487418,2026-08-21,North Kivu,Beni,Beni,Kanzuli,Church,ECC,High,IEC materials,Support Required,0,6
846728240,2026-08-22,North Kivu,Beni,Beni,Boikene,Church,ECC,Moderate,IEC materials,Support Required,0,6
846742619,2026-08-22,North Kivu,Beni,Beni,Boikene,Church,ECC,Moderate,IEC materials,Support Required,0,6
846748689,2026-08-22,North Kivu,Beni,Beni,Boikene,Denominational school,ECC,High,IEC materials,Support Required,1,6
847057490,2026-08-22,North Kivu,Beni,Beni,Mandrandele,Church,ECC,High,IEC materials,Support Required,0,6
847069287,2026-08-22,North Kivu,Beni,Beni,Mandrandele,Church,ECC,High,IEC materials,Support Required,0,6
847082157,2026-08-22,North Kivu,Beni,Beni,Mandrandele,Church,ECC,High,IEC materials,Support Required,0,6
847268921,2026-08-23,North Kivu,Beni,Beni,Kasabinyole,Church,ECC,Low,IEC materials,Support Required,1,6
847273941,2026-08-23,North Kivu,Beni,Beni,Kasabinyole,Church,ECC,Low,IEC materials,Support Required,1,6
847285482,2026-08-23,North Kivu,Beni,Beni,Tuungane,Church,ECC,Low,IEC materials,Support Required,1,6
847289604,2026-08-23,North Kivu,Beni,Beni,Tuungane,Denominational school,ECC,Low,IEC materials,Support Required,1,6
847293655,2026-08-23,North Kivu,Beni,Beni,Tuungane,Denominational school,ECC,Low,IEC materials,Support Required,1,6
847297827,2026-08-23,North Kivu,Beni,Beni,Tuungane,Church,ECC,Low,IEC materials,Support Required,1,6
847302416,2026-08-23,North Kivu,Beni,Beni,Tuungane,Church,ECC,Low,IEC materials,Support Required,1,6
847307012,2026-08-23,North Kivu,Beni,Beni,Anglicane,Denominational school,ECC,Low,IEC materials,Support Required,1,6
847311861,2026-08-23,North Kivu,Beni,Beni,Anglicane,Church,ECC,Low,IEC materials,Support Required,1,6
847586408,2026-08-23,North Kivu,Beni,Beni,Kuka,Church,ECC,Moderate,IEC materials,Support Required,0,6
847600556,2026-08-23,North Kivu,Beni,Beni,Kuka,Church,ECC,High,IEC materials,Support Required,0,6
847610633,2026-08-23,North Kivu,Beni,Beni,Kuka,Church,ECC,High,IEC materials,Support Required,0,6
847862794,2026-08-14,North Kivu,Beni,Beni,Malepe,Church,ECC,High,IEC materials,Support Required,1,6
849046030,2026-08-25,North Kivu,Beni,Beni,Ngongolio,Church,ECC,High,IEC materials,Support Required,0,6
850045824,2026-08-26,North Kivu,Beni,Beni,Mangothe,Church,ECC,Moderate,IEC materials,Support Required,0,6
850145543,2026-08-24,North Kivu,Beni,Beni,Malepe,Church,ECC,High,IEC materials,Support Required,0,6
850180468,2026-08-26,North Kivu,Beni,Beni,Butanuka,Church,ECC,High,IEC materials,Support Required,0,6
850508336,2026-08-26,North Kivu,Beni,Beni,Mabakanga,Faith-based health care facility,ECC,Low,IEC materials,Support Required,1,6
850633361,2026-08-26,North Kivu,Beni,Beni,Tamende,Church,ECC,Low,IEC materials,Support Required,1,6
850649059,2026-08-26,North Kivu,Beni,Beni,Mabakanga,Church,ECC,Moderate,IEC materials,Support Required,0,6
850652676,2026-08-26,North Kivu,Beni,Beni,Gongolio,Church,Roman Catholic Church,Low,IEC materials,Support Required,1,6
850657352,2026-08-26,North Kivu,Beni,Beni,Mabakanga,Church,ECC,High,IEC materials,Support Required,0,6
850690706,2026-08-26,North Kivu,Beni,Beni,Mandrandele,Church,ECC,High,IEC materials,Support Required,0,6
851141363,2026-08-26,North Kivu,Beni,Beni,Boikene,Church,ECC,High,IEC materials,Support Required,1,6
851144057,2026-08-27,North Kivu,Beni,Beni,Malepe,Church,ECC,High,IEC materials,Support Required,0,6
851154720,2026-08-27,North Kivu,Beni,Beni,Malepe,Church,ECC,High,IEC materials,Support Required,0,6
851221822,2026-08-27,North Kivu,Beni,Beni,Malepe,Church,ECC,High,IEC materials,Support Required,0,6
851246506,2026-08-27,North Kivu,Beni,Beni,Malepe,Church,ECC,High,IEC materials,Support Required,0,6
851251697,2026-08-27,North Kivu,Beni,Beni,Rwangoma,Church,ECC,Moderate,IEC materials,Support Required,0,6
851267049,2026-08-27,North Kivu,Beni,Beni,Butanuka,Denominational school,ECC,High,IEC materials,Support Required,0,6
851289789,2026-08-27,North Kivu,Beni,Beni,Butanuka,Denominational organization,ECC,High,IEC materials,Support Required,0,6
851322369,2026-08-27,North Kivu,Beni,Beni,Rwangoma,Church,ECC,Moderate,IEC materials,Support Required,0,6
852140309,2026-08-28,North Kivu,Butembo,Katwa,Mitoya,Denominational school,ECC,Moderate,IEC materials,Support Required,0,6
852167593,2026-08-28,North Kivu,Beni,Beni,Kanzuli,Denominational school,ECC,Low,IEC materials,Support Required,1,6
852170534,2026-08-28,North Kivu,Butembo,Katwa,Katwa,Denominational school,ECC,High,IEC materials,Support Required,0,6
852209874,2026-08-28,North Kivu,Beni,Beni,Kanzuli,Church,ECC,Moderate,IEC materials,Support Required,0,6
852221246,2026-08-28,North Kivu,Beni,Beni,Malepe,Church,ECC,Low,IEC materials,Support Required,1,6
852223652,2026-08-28,North Kivu,Butembo,Katwa,Mitoya,Church,ECC,High,IEC materials,Support Required,0,6
852306872,2026-08-28,North Kivu,Beni,Beni,Kasabinyole,Church,ECC,Low,IEC materials,Support Required,1,6
852311269,2026-08-28,North Kivu,Beni,Beni,Gbadolite,Church,ECC,Moderate,IEC materials,Support Required,1,6
852311817,2026-08-28,North Kivu,Beni,Beni,Kanzuli,Church,ECC,Low,IEC materials,Support Required,1,6
853058765,2026-08-29,North Kivu,Beni,Beni,Kanzuli,Church,ECC,Low,IEC materials,Support Required,0,6
853068833,2026-08-29,North Kivu,Beni,Beni,Kanzuli,Church,ECC,Low,IEC materials,Support Required,1,6
853700686,2026-08-30,North Kivu,Butembo,Katwa,Katwa,Denominational school,ECC,Low,IEC materials,Support Required,0,6
853885257,2026-08-29,North Kivu,Beni,Beni,Beni,Church,ECC,Moderate,IEC materials,Support Required,0,6
854183549,2026-08-14,North Kivu,Beni,Beni,Kasabinyole,Church,ECC,High,IEC materials,Support Required,1,6
854192402,2026-08-31,North Kivu,Beni,Beni,Mabolio,Church,ECC,Low,IEC materials,Support Required,1,6
854226558,2026-08-31,North Kivu,Lubero,Lubero,Rughenda,Church,ECC,Moderate,IEC materials,Support Required,0,6
854295690,2026-08-26,North Kivu,Beni,Beni,Malepe,Church,ECC,Moderate,IEC materials,Support Required,0,6
854335472,2026-08-31,North Kivu,Butembo,Katwa,Katwa,Church,ECC,Low,IEC materials,Support Required,0,6
854361138,2026-08-31,North Kivu,Beni,Beni,Kanzuli,Church,ECC,Moderate,IEC materials,Support Required,0,6
854632904,2026-08-31,North Kivu,Butembo,Katwa,Vuhika,Denominational school,ECC,Moderate,IEC materials,Support Required,0,6
857307057,2026-08-30,North Kivu,Butembo,Katwa,Masuli,Faith-based health care facility,ECC,High,IEC materials,Support Required,0,6
858859254,2026-09-04,North Kivu,Beni,Beni,Mandrandele,Church,ECC,High,IEC materials,Support Required,0,6
859495986,2026-08-31,North Kivu,Beni,Beni,Kasabinyole,Church,ECC,High,IEC materials,Support Required,0,6
859495990,2026-08-31,North Kivu,Beni,Beni,Butsili,Church,ECC,High,IEC materials,Support Required,0,6
859495993,2026-08-31,North Kivu,Beni,Beni,Butsili,Church,ECC,High,IEC materials,Support Required,0,6
862786531,2026-09-09,North Kivu,Beni,Beni,Ngilinga Muloku,Church,ECC,High,IEC materials,Support Required,1,6
862801808,2026-09-09,North Kivu,Beni,Beni,Kanzuli,Church,ECC,High,IEC materials,Support Required,0,6
862818930,2026-09-09,North Kivu,Beni,Beni,Kanzuli,Church,ECC,Moderate,IEC materials,Support Required,0,6
862836160,2026-09-09,North Kivu,Beni,Beni,Kanzuli,Denominational school,ECC,Moderate,IEC materials,Support Required,1,6
862888563,2026-09-09,North Kivu,Beni,Beni,Kanzuli Nzuki,Denominational school,ECC,High,IEC materials,Support Required,0,6
875869474,2026-09-21,North Kivu,Beni,Beni,Kasanga,Faith-based health care facility,ECC,Moderate,IEC materials,Support Required,0,6
876079652,2026-09-23,North Kivu,Beni,Beni,Kasanga,Faith-based health care facility,ECC,Low,IEC materials,Support Required,1,6
876920737,2026-09-22,Ituri,Djugu,Mangala,Tchele,Church,Roman Catholic Church,Low,IEC materials,Support Required,0,6
876996119,2026-09-24,Ituri,Djugu,Mangala,Tchele,Church,Roman Catholic Church,Low,IEC materials,Support Required,0,6
877017789,2026-09-24,Ituri,Djugu,Mangala,Tchele,Church,Roman Catholic Church,Low,IEC materials,Support Required,0,6
877029755,2026-09-24,Ituri,Djugu,Mangala,Tchele,Church,Roman Catholic Church,Low,IEC materials,Support Required,0,6
877043915,2026-09-24,Ituri,Djugu,Mangala,Tchele,Church,Roman Catholic Church,Low,IEC materials,Support Required,0,6
878062446,2026-09-25,Ituri,Djugu,Lita,Mutumbi,Church,ECC,High,IEC materials,Support Required,0,6
878062450,2026-09-25,Ituri,Djugu,Lita,Mutumbi,Church,ECC,Low,IEC materials,Support Required,0,6
878062460,2026-09-25,Ituri,Djugu,Lita,Mutumbi,Church,ECC,Low,IEC materials,Support Required,0,6
878062468,2026-09-25,Ituri,Djugu,Lita,Mutumbi,Church,ECC,High,IEC materials,Support Required,0,6
878062475,2026-09-25,Ituri,Djugu,Lita,Mutumbi,Church,ECC,Moderate,IEC materials,Support Required,0,6
878771972,2026-09-25,Ituri,Djugu,Mangala,Tchele,Church,Roman Catholic Church,Low,IEC materials,Support Required,0,6
878771977,2026-09-26,Ituri,Djugu,Mangala,Tchele,Church,ECC,Low,IEC materials,Support Required,0,6
878775076,2026-09-26,Ituri,Djugu,Mangala,Tchele,Church,ECC,Low,IEC materials,Support Required,0,6
878784129,2026-09-26,Ituri,Djugu,Mangala,Tchele,Church,Roman Catholic Church,Low,IEC materials,Support Required,0,6
878790544,2026-09-26,Ituri,Djugu,Mangala,Tchele,Church,Roman Catholic Church,Low,IEC materials,Support Required,0,6
878794554,2026-09-26,Ituri,Djugu,Mangala,Tchele,Church,Roman Catholic Church,Low,IEC materials,Support Required,0,6
878860056,2026-09-26,Ituri,Djugu,Mangala,Tchele,Church,Roman Catholic Church,Low,IEC materials,Support Required,0,6
878863016,2026-09-26,Ituri,Djugu,Mangala,Tchele,Church,ECC,Low,IEC materials,Support Required,0,6
878869824,2026-09-26,Ituri,Djugu,Mangala,Tchele,Church,ECC,Low,IEC materials,Support Required,0,6
878896880,2026-09-26,Ituri,Djugu,Mangala,Tchele,Church,ECC,Low,IEC materials,Support Required,0,6
878997028,2026-09-26,Ituri,Djugu,Lita,Bahwere,Denominational school,ECC,Low,IEC materials,Support Required,0,6
878997035,2026-09-26,Ituri,Djugu,Lita,Bahwere,Denominational school,ECC,Low,IEC materials,Support Required,0,6
878997051,2026-09-26,Ituri,Djugu,Lita,Bahwere,Church,ECC,Low,IEC materials,Support Required,0,6
878997059,2026-09-26,Ituri,Djugu,Lita,Bahwere,Church,ECC,Moderate,IEC materials,Support Required,0,6
878997068,2026-09-26,Ituri,Djugu,Lita,Bahwere,Denominational school,ECC,Moderate,IEC materials,Support Required,0,6
878997075,2026-09-26,Ituri,Djugu,Lita,Bahwere,Church,Roman Catholic Church,Moderate,IEC materials,Support Required,1,6
878997091,2026-09-26,Ituri,Djugu,Lita,Bahwere,Church,ECC,Moderate,IEC materials,Support Required,0,6
878997100,2026-09-26,Ituri,Djugu,Lita,Bahwere,Denominational organization,ECC,Moderate,IEC materials,Support Required,1,6
878997108,2026-09-26,Ituri,Djugu,Lita,Bahwere,Church,ECC,Low,IEC materials,Support Required,0,6
878997115,2026-09-26,Ituri,Djugu,Lita,Bahwere,Church,ECC,Moderate,IEC materials,Support Required,0,6
879117541,2026-09-26,Ituri,Djugu,Mangala,Tchele,Church,ECC,Low,IEC materials,Support Required,0,6
879122054,2026-09-26,Ituri,Djugu,Mangala,Tchele,Church,ECC,Low,IEC materials,Support Required,0,6
879202178,2026-09-25,Ituri,Djugu,Mangala,Tchele,Church,ECC,Low,IEC materials,Support Required,0,6
879365390,2026-09-25,Ituri,Djugu,Mangala,Tchele,Church,ECC,Low,IEC materials,Support Required,1,6
879365392,2026-09-25,Ituri,Djugu,Mangala,Tchele,Church,ECC,Low,IEC materials,Support Required,1,6
879365398,2026-09-25,Ituri,Djugu,Mangala,Tchele,Church,ECC,Low,IEC materials,Support Required,0,6
879365403,2026-09-25,Ituri,Djugu,Mangala,Tchele,Church,ECC,Low,IEC materials,Support Required,0,6
879365407,2026-09-26,Ituri,Djugu,Mangala,Tchele,Church,ECC,Low,IEC materials,Support Required,0,6
879365412,2026-09-26,Ituri,Djugu,Mangala,Tchele,Church,ECC,Low,IEC materials,Support Required,0,6
879365414,2026-09-26,Ituri,Djugu,Mangala,Tchele,Church,ECC,Low,IEC materials,Support Required,0,6
879365416,2026-09-26,Ituri,Djugu,Mangala,Tchele,Church,ECC,Low,IEC materials,Support Required,0,6
879365422,2026-09-26,Ituri,Djugu,Mangala,Tchele,Church,ECC,Low,IEC materials,Support Required,0,6
879365427,2026-09-26,Ituri,Djugu,Mangala,Tchele,Church,ECC,Low,IEC materials,Support Required,1,6
879365432,2026-09-26,Ituri,Djugu,Mangala,Tchele,Church,ECC,Low,IEC materials,Support Required,0,6
879365444,2026-09-26,Ituri,Djugu,Mangala,Tcy,Church,ECC,Low,IEC materials,Support Required,0,6
879365450,2026-09-26,Ituri,Djugu,Mangala,Tchele,Church,ECC,Low,IEC materials,Support Required,0,6
879365457,2026-09-26,Ituri,Djugu,Mangala,Tchele,Church,ECC,Low,IEC materials,Support Required,0,6
879365462,2026-09-26,Ituri,Djugu,Mangala,Tchele,Church,ECC,Low,IEC materials,Support Required,0,6
879365465,2026-09-26,Ituri,Djugu,Mangala,Tchele,Church,ECC,Low,IEC materials,Support Required,0,6
879365468,2026-09-26,Ituri,Djugu,Mangala,Tchele,Church,ECC,Low,IEC materials,Support Required,0,6
879365474,2026-09-26,Ituri,Djugu,Mangala,Tchele,Church,ECC,Low,IEC materials,Support Required,0,6
879365478,2026-09-26,Ituri,Djugu,Mangala,Tchele,Church,ECC,Low,IEC materials,Support Required,0,6
879552531,2026-09-27,Ituri,Djugu,Mangala,Tchele,Church,ECC,Low,IEC materials,Support Required,0,6
879554947,2026-09-27,Ituri,Djugu,Mangala,Tchele,Church,ECC,Low,IEC materials,Support Required,0,6
879635788,2026-09-27,Ituri,Djugu,Lita,Mutumbi,Faith-based health care facility,Roman Catholic Church,High,IEC materials,Support Required,0,6
879635794,2026-09-27,Ituri,Djugu,Lita,Mutumbi,Church,Roman Catholic Church,Moderate,IEC materials,Support Required,0,6
879635804,2026-09-27,Ituri,Djugu,Lita,Mutumbi,Church,ECC,High,IEC materials,Support Required,0,6
879635814,2026-09-27,Ituri,Djugu,Lita,Mutumbi,Church,Roman Catholic Church,Moderate,IEC materials,Support Required,0,6
879635826,2026-09-27,Ituri,Djugu,Lita,Mutumbi,Denominational school,ECC,Moderate,IEC materials,Support Required,0,6
879685393,2026-09-23,Ituri,Djugu,Lita,Katoto,Faith-based health care facility,ECC,Low,IEC materials,Support Required,0,6
879685396,2026-09-24,Ituri,Djugu,Lita,Katoto,Church,ECC,High,IEC materials,Support Required,0,6
879685410,2026-09-25,Ituri,Djugu,Lita,Katoto,Church,ECC,Low,IEC materials,Support Required,0,6
879685425,2026-09-25,Ituri,Djugu,Lita,Katoto,Church,ECC,Moderate,IEC materials,Support Required,1,6
879685439,2026-09-25,Ituri,Djugu,Lita,Katoto,Church,ECC,High,IEC materials,Support Required,0,6
879685455,2026-09-25,Ituri,Djugu,Lita,Katoto,Church,Roman Catholic Church,Low,IEC materials,Support Required,0,6
879685474,2026-09-26,Ituri,Djugu,Lita,Katoto,Church,ECC,High,IEC materials,Support Required,0,6
879685485,2026-09-26,Ituri,Djugu,Lita,Katoto,Church,Roman Catholic Church,Moderate,IEC materials,Support Required,0,6
879685494,2026-09-26,Ituri,Djugu,Lita,Katoto,Church,Roman Catholic Church,Moderate,IEC materials,Support Required,0,6
879685509,2026-09-27,Ituri,Djugu,Lita,Katoto,Church,ECC,Low,IEC materials,Support Required,0,6
879685519,2026-09-27,Ituri,Djugu,Lita,Katoto,Church,ECC,Low,IEC materials,Support Required,0,6
879685625,2026-09-27,Ituri,Djugu,Lita,Katoto,Church,ECC,Low,IEC materials,Support Required,0,6
879685659,2026-09-27,Ituri,Djugu,Lita,Katoto,Church,ECC,Low,IEC materials,Support Required,0,6
879685672,2026-09-27,Ituri,Djugu,Lita,Katoto,Church,Roman Catholic Church,Low,IEC materials,Support Required,0,6
879685682,2026-09-27,Ituri,Djugu,Lita,Katoto,Church,Roman Catholic Church,High,IEC materials,Support Required,0,6
879685686,2026-09-27,Ituri,Djugu,Lita,Katoto,Church,Roman Catholic Church,Low,IEC materials,Support Required,0,6
879686019,2026-09-27,Ituri,Djugu,Lita,Katoto,Church,ECC,Low,IEC materials,Support Required,0,6
879686043,2026-09-27,Ituri,Djugu,Lita,Katoto,Church,ECC,Moderate,IEC materials,Support Required,0,6
879686056,2026-09-27,Ituri,Djugu,Lita,Katoto,Church,ECC,Moderate,IEC materials,Support Required,0,6
879686066,2026-09-27,Ituri,Djugu,Lita,Katoto,Church,ECC,Low,IEC materials,Support Required,0,6
841199154,2026-08-16,North Kivu,Beni,Beni,Kanzuli,Church,ECC,Moderate,Other support,Support Required,0,7
841548610,2026-08-17,North Kivu,Beni,Beni,Kanzuli,Church,ECC,Low,Other support,Support Required,1,7
842785213,2026-08-18,North Kivu,Beni,Beni,Kanzuli,Church,ECC,Moderate,Other support,Support Required,0,7
843341124,2026-08-18,North Kivu,Beni,Beni,Ngongolio,Church,ECC,High,Other support,Support Required,1,7
843348882,2026-08-18,North Kivu,Beni,Beni,Ngongolio,Church,ECC,High,Other support,Support Required,1,7
843365757,2026-08-18,North Kivu,Beni,Beni,Tamende,Church,ECC,High,Other support,Support Required,1,7
843369063,2026-08-18,North Kivu,Beni,Beni,Ngongolio,Church,ECC,High,Other support,Support Required,1,7
843770142,2026-08-19,North Kivu,Beni,Beni,Boikene,Church,ECC,High,Other support,Support Required,0,7
843828499,2026-08-18,North Kivu,Beni,Beni,Tamende,Church,ECC,Low,Other support,Support Required,0,7
843841750,2026-08-19,North Kivu,Beni,Beni,Tamende,Church,Roman Catholic Church,Moderate,Other support,Support Required,0,7
843887195,2026-08-19,North Kivu,Beni,Beni,Boikene,Denominational school,ECC,Moderate,Other support,Support Required,0,7
843917903,2026-08-19,North Kivu,Beni,Beni,Boikene,Church,ECC,High,Other support,Support Required,0,7
843940314,2026-08-19,North Kivu,Beni,Beni,Boikene,Church,ECC,High,Other support,Support Required,0,7
843992799,2026-08-19,North Kivu,Beni,Beni,Boikene,Church,ECC,High,Other support,Support Required,0,7
844181691,2026-08-19,North Kivu,Beni,Beni,Boikene,Church,ECC,High,Other support,Support Required,0,7
845990019,2026-08-21,North Kivu,Beni,Beni,Mabakanga,Faith-based health care facility,ECC,Moderate,Other support,Support Required,0,7
846487418,2026-08-21,North Kivu,Beni,Beni,Kanzuli,Church,ECC,High,Other support,Support Required,0,7
846728240,2026-08-22,North Kivu,Beni,Beni,Boikene,Church,ECC,Moderate,Other support,Support Required,0,7
846742619,2026-08-22,North Kivu,Beni,Beni,Boikene,Church,ECC,Moderate,Other support,Support Required,0,7
846748689,2026-08-22,North Kivu,Beni,Beni,Boikene,Denominational school,ECC,High,Other support,Support Required,0,7
847057490,2026-08-22,North Kivu,Beni,Beni,Mandrandele,Church,ECC,High,Other support,Support Required,0,7
847069287,2026-08-22,North Kivu,Beni,Beni,Mandrandele,Church,ECC,High,Other support,Support Required,0,7
847082157,2026-08-22,North Kivu,Beni,Beni,Mandrandele,Church,ECC,High,Other support,Support Required,0,7
847268921,2026-08-23,North Kivu,Beni,Beni,Kasabinyole,Church,ECC,Low,Other support,Support Required,0,7
847273941,2026-08-23,North Kivu,Beni,Beni,Kasabinyole,Church,ECC,Low,Other support,Support Required,0,7
847285482,2026-08-23,North Kivu,Beni,Beni,Tuungane,Church,ECC,Low,Other support,Support Required,0,7
847289604,2026-08-23,North Kivu,Beni,Beni,Tuungane,Denominational school,ECC,Low,Other support,Support Required,0,7
847293655,2026-08-23,North Kivu,Beni,Beni,Tuungane,Denominational school,ECC,Low,Other support,Support Required,0,7
847297827,2026-08-23,North Kivu,Beni,Beni,Tuungane,Church,ECC,Low,Other support,Support Required,0,7
847302416,2026-08-23,North Kivu,Beni,Beni,Tuungane,Church,ECC,Low,Other support,Support Required,0,7
847307012,2026-08-23,North Kivu,Beni,Beni,Anglicane,Denominational school,ECC,Low,Other support,Support Required,0,7
847311861,2026-08-23,North Kivu,Beni,Beni,Anglicane,Church,ECC,Low,Other support,Support Required,0,7
847586408,2026-08-23,North Kivu,Beni,Beni,Kuka,Church,ECC,Moderate,Other support,Support Required,0,7
847600556,2026-08-23,North Kivu,Beni,Beni,Kuka,Church,ECC,High,Other support,Support Required,0,7
847610633,2026-08-23,North Kivu,Beni,Beni,Kuka,Church,ECC,High,Other support,Support Required,0,7
847862794,2026-08-14,North Kivu,Beni,Beni,Malepe,Church,ECC,High,Other support,Support Required,1,7
849046030,2026-08-25,North Kivu,Beni,Beni,Ngongolio,Church,ECC,High,Other support,Support Required,1,7
850045824,2026-08-26,North Kivu,Beni,Beni,Mangothe,Church,ECC,Moderate,Other support,Support Required,0,7
850145543,2026-08-24,North Kivu,Beni,Beni,Malepe,Church,ECC,High,Other support,Support Required,1,7
850180468,2026-08-26,North Kivu,Beni,Beni,Butanuka,Church,ECC,High,Other support,Support Required,1,7
850508336,2026-08-26,North Kivu,Beni,Beni,Mabakanga,Faith-based health care facility,ECC,Low,Other support,Support Required,0,7
850633361,2026-08-26,North Kivu,Beni,Beni,Tamende,Church,ECC,Low,Other support,Support Required,0,7
850649059,2026-08-26,North Kivu,Beni,Beni,Mabakanga,Church,ECC,Moderate,Other support,Support Required,0,7
850652676,2026-08-26,North Kivu,Beni,Beni,Gongolio,Church,Roman Catholic Church,Low,Other support,Support Required,0,7
850657352,2026-08-26,North Kivu,Beni,Beni,Mabakanga,Church,ECC,High,Other support,Support Required,0,7
850690706,2026-08-26,North Kivu,Beni,Beni,Mandrandele,Church,ECC,High,Other support,Support Required,0,7
851141363,2026-08-26,North Kivu,Beni,Beni,Boikene,Church,ECC,High,Other support,Support Required,0,7
851144057,2026-08-27,North Kivu,Beni,Beni,Malepe,Church,ECC,High,Other support,Support Required,0,7
851154720,2026-08-27,North Kivu,Beni,Beni,Malepe,Church,ECC,High,Other support,Support Required,0,7
851221822,2026-08-27,North Kivu,Beni,Beni,Malepe,Church,ECC,High,Other support,Support Required,1,7
851246506,2026-08-27,North Kivu,Beni,Beni,Malepe,Church,ECC,High,Other support,Support Required,0,7
851251697,2026-08-27,North Kivu,Beni,Beni,Rwangoma,Church,ECC,Moderate,Other support,Support Required,0,7
851267049,2026-08-27,North Kivu,Beni,Beni,Butanuka,Denominational school,ECC,High,Other support,Support Required,0,7
851289789,2026-08-27,North Kivu,Beni,Beni,Butanuka,Denominational organization,ECC,High,Other support,Support Required,0,7
851322369,2026-08-27,North Kivu,Beni,Beni,Rwangoma,Church,ECC,Moderate,Other support,Support Required,0,7
852140309,2026-08-28,North Kivu,Butembo,Katwa,Mitoya,Denominational school,ECC,Moderate,Other support,Support Required,0,7
852167593,2026-08-28,North Kivu,Beni,Beni,Kanzuli,Denominational school,ECC,Low,Other support,Support Required,0,7
852170534,2026-08-28,North Kivu,Butembo,Katwa,Katwa,Denominational school,ECC,High,Other support,Support Required,0,7
852209874,2026-08-28,North Kivu,Beni,Beni,Kanzuli,Church,ECC,Moderate,Other support,Support Required,0,7
852221246,2026-08-28,North Kivu,Beni,Beni,Malepe,Church,ECC,Low,Other support,Support Required,0,7
852223652,2026-08-28,North Kivu,Butembo,Katwa,Mitoya,Church,ECC,High,Other support,Support Required,0,7
852306872,2026-08-28,North Kivu,Beni,Beni,Kasabinyole,Church,ECC,Low,Other support,Support Required,1,7
852311269,2026-08-28,North Kivu,Beni,Beni,Gbadolite,Church,ECC,Moderate,Other support,Support Required,1,7
852311817,2026-08-28,North Kivu,Beni,Beni,Kanzuli,Church,ECC,Low,Other support,Support Required,1,7
853058765,2026-08-29,North Kivu,Beni,Beni,Kanzuli,Church,ECC,Low,Other support,Support Required,0,7
853068833,2026-08-29,North Kivu,Beni,Beni,Kanzuli,Church,ECC,Low,Other support,Support Required,0,7
853700686,2026-08-30,North Kivu,Butembo,Katwa,Katwa,Denominational school,ECC,Low,Other support,Support Required,0,7
853885257,2026-08-29,North Kivu,Beni,Beni,Beni,Church,ECC,Moderate,Other support,Support Required,0,7
854183549,2026-08-14,North Kivu,Beni,Beni,Kasabinyole,Church,ECC,High,Other support,Support Required,0,7
854192402,2026-08-31,North Kivu,Beni,Beni,Mabolio,Church,ECC,Low,Other support,Support Required,0,7
854226558,2026-08-31,North Kivu,Lubero,Lubero,Rughenda,Church,ECC,Moderate,Other support,Support Required,0,7
854295690,2026-08-26,North Kivu,Beni,Beni,Malepe,Church,ECC,Moderate,Other support,Support Required,1,7
854335472,2026-08-31,North Kivu,Butembo,Katwa,Katwa,Church,ECC,Low,Other support,Support Required,0,7
854361138,2026-08-31,North Kivu,Beni,Beni,Kanzuli,Church,ECC,Moderate,Other support,Support Required,1,7
854632904,2026-08-31,North Kivu,Butembo,Katwa,Vuhika,Denominational school,ECC,Moderate,Other support,Support Required,0,7
857307057,2026-08-30,North Kivu,Butembo,Katwa,Masuli,Faith-based health care facility,ECC,High,Other support,Support Required,0,7
858859254,2026-09-04,North Kivu,Beni,Beni,Mandrandele,Church,ECC,High,Other support,Support Required,0,7
859495986,2026-08-31,North Kivu,Beni,Beni,Kasabinyole,Church,ECC,High,Other support,Support Required,1,7
859495990,2026-08-31,North Kivu,Beni,Beni,Butsili,Church,ECC,High,Other support,Support Required,1,7
859495993,2026-08-31,North Kivu,Beni,Beni,Butsili,Church,ECC,High,Other support,Support Required,1,7
862786531,2026-09-09,North Kivu,Beni,Beni,Ngilinga Muloku,Church,ECC,High,Other support,Support Required,0,7
862801808,2026-09-09,North Kivu,Beni,Beni,Kanzuli,Church,ECC,High,Other support,Support Required,0,7
862818930,2026-09-09,North Kivu,Beni,Beni,Kanzuli,Church,ECC,Moderate,Other support,Support Required,0,7
862836160,2026-09-09,North Kivu,Beni,Beni,Kanzuli,Denominational school,ECC,Moderate,Other support,Support Required,0,7
862888563,2026-09-09,North Kivu,Beni,Beni,Kanzuli Nzuki,Denominational school,ECC,High,Other support,Support Required,0,7
875869474,2026-09-21,North Kivu,Beni,Beni,Kasanga,Faith-based health care facility,ECC,Moderate,Other support,Support Required,1,7
876079652,2026-09-23,North Kivu,Beni,Beni,Kasanga,Faith-based health care facility,ECC,Low,Other support,Support Required,1,7
876920737,2026-09-22,Ituri,Djugu,Mangala,Tchele,Church,Roman Catholic Church,Low,Other support,Support Required,0,7
876996119,2026-09-24,Ituri,Djugu,Mangala,Tchele,Church,Roman Catholic Church,Low,Other support,Support Required,0,7
877017789,2026-09-24,Ituri,Djugu,Mangala,Tchele,Church,Roman Catholic Church,Low,Other support,Support Required,0,7
877029755,2026-09-24,Ituri,Djugu,Mangala,Tchele,Church,Roman Catholic Church,Low,Other support,Support Required,0,7
877043915,2026-09-24,Ituri,Djugu,Mangala,Tchele,Church,Roman Catholic Church,Low,Other support,Support Required,0,7
878062446,2026-09-25,Ituri,Djugu,Lita,Mutumbi,Church,ECC,High,Other support,Support Required,0,7
878062450,2026-09-25,Ituri,Djugu,Lita,Mutumbi,Church,ECC,Low,Other support,Support Required,0,7
878062460,2026-09-25,Ituri,Djugu,Lita,Mutumbi,Church,ECC,Low,Other support,Support Required,0,7
878062468,2026-09-25,Ituri,Djugu,Lita,Mutumbi,Church,ECC,High,Other support,Support Required,0,7
878062475,2026-09-25,Ituri,Djugu,Lita,Mutumbi,Church,ECC,Moderate,Other support,Support Required,0,7
878771972,2026-09-25,Ituri,Djugu,Mangala,Tchele,Church,Roman Catholic Church,Low,Other support,Support Required,0,7
878771977,2026-09-26,Ituri,Djugu,Mangala,Tchele,Church,ECC,Low,Other support,Support Required,0,7
878775076,2026-09-26,Ituri,Djugu,Mangala,Tchele,Church,ECC,Low,Other support,Support Required,0,7
878784129,2026-09-26,Ituri,Djugu,Mangala,Tchele,Church,Roman Catholic Church,Low,Other support,Support Required,0,7
878790544,2026-09-26,Ituri,Djugu,Mangala,Tchele,Church,Roman Catholic Church,Low,Other support,Support Required,0,7
878794554,2026-09-26,Ituri,Djugu,Mangala,Tchele,Church,Roman Catholic Church,Low,Other support,Support Required,0,7
878860056,2026-09-26,Ituri,Djugu,Mangala,Tchele,Church,Roman Catholic Church,Low,Other support,Support Required,0,7
878863016,2026-09-26,Ituri,Djugu,Mangala,Tchele,Church,ECC,Low,Other support,Support Required,0,7
878869824,2026-09-26,Ituri,Djugu,Mangala,Tchele,Church,ECC,Low,Other support,Support Required,0,7
878896880,2026-09-26,Ituri,Djugu,Mangala,Tchele,Church,ECC,Low,Other support,Support Required,0,7
878997028,2026-09-26,Ituri,Djugu,Lita,Bahwere,Denominational school,ECC,Low,Other support,Support Required,0,7
878997035,2026-09-26,Ituri,Djugu,Lita,Bahwere,Denominational school,ECC,Low,Other support,Support Required,0,7
878997051,2026-09-26,Ituri,Djugu,Lita,Bahwere,Church,ECC,Low,Other support,Support Required,0,7
878997059,2026-09-26,Ituri,Djugu,Lita,Bahwere,Church,ECC,Moderate,Other support,Support Required,0,7
878997068,2026-09-26,Ituri,Djugu,Lita,Bahwere,Denominational school,ECC,Moderate,Other support,Support Required,0,7
878997075,2026-09-26,Ituri,Djugu,Lita,Bahwere,Church,Roman Catholic Church,Moderate,Other support,Support Required,0,7
878997091,2026-09-26,Ituri,Djugu,Lita,Bahwere,Church,ECC,Moderate,Other support,Support Required,0,7
878997100,2026-09-26,Ituri,Djugu,Lita,Bahwere,Denominational organization,ECC,Moderate,Other support,Support Required,0,7
878997108,2026-09-26,Ituri,Djugu,Lita,Bahwere,Church,ECC,Low,Other support,Support Required,0,7
878997115,2026-09-26,Ituri,Djugu,Lita,Bahwere,Church,ECC,Moderate,Other support,Support Required,0,7
879117541,2026-09-26,Ituri,Djugu,Mangala,Tchele,Church,ECC,Low,Other support,Support Required,0,7
879122054,2026-09-26,Ituri,Djugu,Mangala,Tchele,Church,ECC,Low,Other support,Support Required,0,7
879202178,2026-09-25,Ituri,Djugu,Mangala,Tchele,Church,ECC,Low,Other support,Support Required,0,7
879365390,2026-09-25,Ituri,Djugu,Mangala,Tchele,Church,ECC,Low,Other support,Support Required,0,7
879365392,2026-09-25,Ituri,Djugu,Mangala,Tchele,Church,ECC,Low,Other support,Support Required,0,7
879365398,2026-09-25,Ituri,Djugu,Mangala,Tchele,Church,ECC,Low,Other support,Support Required,0,7
879365403,2026-09-25,Ituri,Djugu,Mangala,Tchele,Church,ECC,Low,Other support,Support Required,0,7
879365407,2026-09-26,Ituri,Djugu,Mangala,Tchele,Church,ECC,Low,Other support,Support Required,0,7
879365412,2026-09-26,Ituri,Djugu,Mangala,Tchele,Church,ECC,Low,Other support,Support Required,0,7
879365414,2026-09-26,Ituri,Djugu,Mangala,Tchele,Church,ECC,Low,Other support,Support Required,0,7
879365416,2026-09-26,Ituri,Djugu,Mangala,Tchele,Church,ECC,Low,Other support,Support Required,0,7
879365422,2026-09-26,Ituri,Djugu,Mangala,Tchele,Church,ECC,Low,Other support,Support Required,0,7
879365427,2026-09-26,Ituri,Djugu,Mangala,Tchele,Church,ECC,Low,Other support,Support Required,0,7
879365432,2026-09-26,Ituri,Djugu,Mangala,Tchele,Church,ECC,Low,Other support,Support Required,0,7
879365444,2026-09-26,Ituri,Djugu,Mangala,Tcy,Church,ECC,Low,Other support,Support Required,0,7
879365450,2026-09-26,Ituri,Djugu,Mangala,Tchele,Church,ECC,Low,Other support,Support Required,0,7
879365457,2026-09-26,Ituri,Djugu,Mangala,Tchele,Church,ECC,Low,Other support,Support Required,0,7
879365462,2026-09-26,Ituri,Djugu,Mangala,Tchele,Church,ECC,Low,Other support,Support Required,0,7
879365465,2026-09-26,Ituri,Djugu,Mangala,Tchele,Church,ECC,Low,Other support,Support Required,0,7
879365468,2026-09-26,Ituri,Djugu,Mangala,Tchele,Church,ECC,Low,Other support,Support Required,0,7
879365474,2026-09-26,Ituri,Djugu,Mangala,Tchele,Church,ECC,Low,Other support,Support Required,0,7
879365478,2026-09-26,Ituri,Djugu,Mangala,Tchele,Church,ECC,Low,Other support,Support Required,0,7
879552531,2026-09-27,Ituri,Djugu,Mangala,Tchele,Church,ECC,Low,Other support,Support Required,0,7
879554947,2026-09-27,Ituri,Djugu,Mangala,Tchele,Church,ECC,Low,Other support,Support Required,0,7
879635788,2026-09-27,Ituri,Djugu,Lita,Mutumbi,Faith-based health care facility,Roman Catholic Church,High,Other support,Support Required,1,7
879635794,2026-09-27,Ituri,Djugu,Lita,Mutumbi,Church,Roman Catholic Church,Moderate,Other support,Support Required,0,7
879635804,2026-09-27,Ituri,Djugu,Lita,Mutumbi,Church,ECC,High,Other support,Support Required,0,7
879635814,2026-09-27,Ituri,Djugu,Lita,Mutumbi,Church,Roman Catholic Church,Moderate,Other support,Support Required,0,7
879635826,2026-09-27,Ituri,Djugu,Lita,Mutumbi,Denominational school,ECC,Moderate,Other support,Support Required,0,7
879685393,2026-09-23,Ituri,Djugu,Lita,Katoto,Faith-based health care facility,ECC,Low,Other support,Support Required,0,7
879685396,2026-09-24,Ituri,Djugu,Lita,Katoto,Church,ECC,High,Other support,Support Required,0,7
879685410,2026-09-25,Ituri,Djugu,Lita,Katoto,Church,ECC,Low,Other support,Support Required,0,7
879685425,2026-09-25,Ituri,Djugu,Lita,Katoto,Church,ECC,Moderate,Other support,Support Required,0,7
879685439,2026-09-25,Ituri,Djugu,Lita,Katoto,Church,ECC,High,Other support,Support Required,0,7
879685455,2026-09-25,Ituri,Djugu,Lita,Katoto,Church,Roman Catholic Church,Low,Other support,Support Required,0,7
879685474,2026-09-26,Ituri,Djugu,Lita,Katoto,Church,ECC,High,Other support,Support Required,0,7
879685485,2026-09-26,Ituri,Djugu,Lita,Katoto,Church,Roman Catholic Church,Moderate,Other support,Support Required,0,7
879685494,2026-09-26,Ituri,Djugu,Lita,Katoto,Church,Roman Catholic Church,Moderate,Other support,Support Required,0,7
879685509,2026-09-27,Ituri,Djugu,Lita,Katoto,Church,ECC,Low,Other support,Support Required,0,7
879685519,2026-09-27,Ituri,Djugu,Lita,Katoto,Church,ECC,Low,Other support,Support Required,0,7
879685625,2026-09-27,Ituri,Djugu,Lita,Katoto,Church,ECC,Low,Other support,Support Required,0,7
879685659,2026-09-27,Ituri,Djugu,Lita,Katoto,Church,ECC,Low,Other support,Support Required,0,7
879685672,2026-09-27,Ituri,Djugu,Lita,Katoto,Church,Roman Catholic Church,Low,Other support,Support Required,0,7
879685682,2026-09-27,Ituri,Djugu,Lita,Katoto,Church,Roman Catholic Church,High,Other support,Support Required,0,7
879685686,2026-09-27,Ituri,Djugu,Lita,Katoto,Church,Roman Catholic Church,Low,Other support,Support Required,0,7
879686019,2026-09-27,Ituri,Djugu,Lita,Katoto,Church,ECC,Low,Other support,Support Required,0,7
879686043,2026-09-27,Ituri,Djugu,Lita,Katoto,Church,ECC,Moderate,Other support,Support Required,0,7
879686056,2026-09-27,Ituri,Djugu,Lita,Katoto,Church,ECC,Moderate,Other support,Support Required,0,7
879686066,2026-09-27,Ituri,Djugu,Lita,Katoto,Church,ECC,Low,Other support,Support Required,0,7
841199154,2026-08-16,North Kivu,Beni,Beni,Kanzuli,Church,ECC,Moderate,Coordination meetings,Support Required,0,8
841548610,2026-08-17,North Kivu,Beni,Beni,Kanzuli,Church,ECC,Low,Coordination meetings,Support Required,0,8
842785213,2026-08-18,North Kivu,Beni,Beni,Kanzuli,Church,ECC,Moderate,Coordination meetings,Support Required,0,8
843341124,2026-08-18,North Kivu,Beni,Beni,Ngongolio,Church,ECC,High,Coordination meetings,Support Required,1,8
843348882,2026-08-18,North Kivu,Beni,Beni,Ngongolio,Church,ECC,High,Coordination meetings,Support Required,1,8
843365757,2026-08-18,North Kivu,Beni,Beni,Tamende,Church,ECC,High,Coordination meetings,Support Required,1,8
843369063,2026-08-18,North Kivu,Beni,Beni,Ngongolio,Church,ECC,High,Coordination meetings,Support Required,1,8
843770142,2026-08-19,North Kivu,Beni,Beni,Boikene,Church,ECC,High,Coordination meetings,Support Required,0,8
843828499,2026-08-18,North Kivu,Beni,Beni,Tamende,Church,ECC,Low,Coordination meetings,Support Required,1,8
843841750,2026-08-19,North Kivu,Beni,Beni,Tamende,Church,Roman Catholic Church,Moderate,Coordination meetings,Support Required,1,8
843887195,2026-08-19,North Kivu,Beni,Beni,Boikene,Denominational school,ECC,Moderate,Coordination meetings,Support Required,0,8
843917903,2026-08-19,North Kivu,Beni,Beni,Boikene,Church,ECC,High,Coordination meetings,Support Required,0,8
843940314,2026-08-19,North Kivu,Beni,Beni,Boikene,Church,ECC,High,Coordination meetings,Support Required,0,8
843992799,2026-08-19,North Kivu,Beni,Beni,Boikene,Church,ECC,High,Coordination meetings,Support Required,0,8
844181691,2026-08-19,North Kivu,Beni,Beni,Boikene,Church,ECC,High,Coordination meetings,Support Required,0,8
845990019,2026-08-21,North Kivu,Beni,Beni,Mabakanga,Faith-based health care facility,ECC,Moderate,Coordination meetings,Support Required,0,8
846487418,2026-08-21,North Kivu,Beni,Beni,Kanzuli,Church,ECC,High,Coordination meetings,Support Required,0,8
846728240,2026-08-22,North Kivu,Beni,Beni,Boikene,Church,ECC,Moderate,Coordination meetings,Support Required,0,8
846742619,2026-08-22,North Kivu,Beni,Beni,Boikene,Church,ECC,Moderate,Coordination meetings,Support Required,0,8
846748689,2026-08-22,North Kivu,Beni,Beni,Boikene,Denominational school,ECC,High,Coordination meetings,Support Required,0,8
847057490,2026-08-22,North Kivu,Beni,Beni,Mandrandele,Church,ECC,High,Coordination meetings,Support Required,0,8
847069287,2026-08-22,North Kivu,Beni,Beni,Mandrandele,Church,ECC,High,Coordination meetings,Support Required,0,8
847082157,2026-08-22,North Kivu,Beni,Beni,Mandrandele,Church,ECC,High,Coordination meetings,Support Required,0,8
847268921,2026-08-23,North Kivu,Beni,Beni,Kasabinyole,Church,ECC,Low,Coordination meetings,Support Required,0,8
847273941,2026-08-23,North Kivu,Beni,Beni,Kasabinyole,Church,ECC,Low,Coordination meetings,Support Required,1,8
847285482,2026-08-23,North Kivu,Beni,Beni,Tuungane,Church,ECC,Low,Coordination meetings,Support Required,1,8
847289604,2026-08-23,North Kivu,Beni,Beni,Tuungane,Denominational school,ECC,Low,Coordination meetings,Support Required,0,8
847293655,2026-08-23,North Kivu,Beni,Beni,Tuungane,Denominational school,ECC,Low,Coordination meetings,Support Required,0,8
847297827,2026-08-23,North Kivu,Beni,Beni,Tuungane,Church,ECC,Low,Coordination meetings,Support Required,0,8
847302416,2026-08-23,North Kivu,Beni,Beni,Tuungane,Church,ECC,Low,Coordination meetings,Support Required,0,8
847307012,2026-08-23,North Kivu,Beni,Beni,Anglicane,Denominational school,ECC,Low,Coordination meetings,Support Required,0,8
847311861,2026-08-23,North Kivu,Beni,Beni,Anglicane,Church,ECC,Low,Coordination meetings,Support Required,0,8
847586408,2026-08-23,North Kivu,Beni,Beni,Kuka,Church,ECC,Moderate,Coordination meetings,Support Required,0,8
847600556,2026-08-23,North Kivu,Beni,Beni,Kuka,Church,ECC,High,Coordination meetings,Support Required,0,8
847610633,2026-08-23,North Kivu,Beni,Beni,Kuka,Church,ECC,High,Coordination meetings,Support Required,0,8
847862794,2026-08-14,North Kivu,Beni,Beni,Malepe,Church,ECC,High,Coordination meetings,Support Required,1,8
849046030,2026-08-25,North Kivu,Beni,Beni,Ngongolio,Church,ECC,High,Coordination meetings,Support Required,1,8
850045824,2026-08-26,North Kivu,Beni,Beni,Mangothe,Church,ECC,Moderate,Coordination meetings,Support Required,0,8
850145543,2026-08-24,North Kivu,Beni,Beni,Malepe,Church,ECC,High,Coordination meetings,Support Required,0,8
850180468,2026-08-26,North Kivu,Beni,Beni,Butanuka,Church,ECC,High,Coordination meetings,Support Required,0,8
850508336,2026-08-26,North Kivu,Beni,Beni,Mabakanga,Faith-based health care facility,ECC,Low,Coordination meetings,Support Required,0,8
850633361,2026-08-26,North Kivu,Beni,Beni,Tamende,Church,ECC,Low,Coordination meetings,Support Required,1,8
850649059,2026-08-26,North Kivu,Beni,Beni,Mabakanga,Church,ECC,Moderate,Coordination meetings,Support Required,0,8
850652676,2026-08-26,North Kivu,Beni,Beni,Gongolio,Church,Roman Catholic Church,Low,Coordination meetings,Support Required,1,8
850657352,2026-08-26,North Kivu,Beni,Beni,Mabakanga,Church,ECC,High,Coordination meetings,Support Required,0,8
850690706,2026-08-26,North Kivu,Beni,Beni,Mandrandele,Church,ECC,High,Coordination meetings,Support Required,0,8
851141363,2026-08-26,North Kivu,Beni,Beni,Boikene,Church,ECC,High,Coordination meetings,Support Required,0,8
851144057,2026-08-27,North Kivu,Beni,Beni,Malepe,Church,ECC,High,Coordination meetings,Support Required,0,8
851154720,2026-08-27,North Kivu,Beni,Beni,Malepe,Church,ECC,High,Coordination meetings,Support Required,0,8
851221822,2026-08-27,North Kivu,Beni,Beni,Malepe,Church,ECC,High,Coordination meetings,Support Required,0,8
851246506,2026-08-27,North Kivu,Beni,Beni,Malepe,Church,ECC,High,Coordination meetings,Support Required,0,8
851251697,2026-08-27,North Kivu,Beni,Beni,Rwangoma,Church,ECC,Moderate,Coordination meetings,Support Required,0,8
851267049,2026-08-27,North Kivu,Beni,Beni,Butanuka,Denominational school,ECC,High,Coordination meetings,Support Required,0,8
851289789,2026-08-27,North Kivu,Beni,Beni,Butanuka,Denominational organization,ECC,High,Coordination meetings,Support Required,0,8
851322369,2026-08-27,North Kivu,Beni,Beni,Rwangoma,Church,ECC,Moderate,Coordination meetings,Support Required,0,8
852140309,2026-08-28,North Kivu,Butembo,Katwa,Mitoya,Denominational school,ECC,Moderate,Coordination meetings,Support Required,0,8
852167593,2026-08-28,North Kivu,Beni,Beni,Kanzuli,Denominational school,ECC,Low,Coordination meetings,Support Required,0,8
852170534,2026-08-28,North Kivu,Butembo,Katwa,Katwa,Denominational school,ECC,High,Coordination meetings,Support Required,0,8
852209874,2026-08-28,North Kivu,Beni,Beni,Kanzuli,Church,ECC,Moderate,Coordination meetings,Support Required,0,8
852221246,2026-08-28,North Kivu,Beni,Beni,Malepe,Church,ECC,Low,Coordination meetings,Support Required,0,8
852223652,2026-08-28,North Kivu,Butembo,Katwa,Mitoya,Church,ECC,High,Coordination meetings,Support Required,0,8
852306872,2026-08-28,North Kivu,Beni,Beni,Kasabinyole,Church,ECC,Low,Coordination meetings,Support Required,1,8
852311269,2026-08-28,North Kivu,Beni,Beni,Gbadolite,Church,ECC,Moderate,Coordination meetings,Support Required,1,8
852311817,2026-08-28,North Kivu,Beni,Beni,Kanzuli,Church,ECC,Low,Coordination meetings,Support Required,1,8
853058765,2026-08-29,North Kivu,Beni,Beni,Kanzuli,Church,ECC,Low,Coordination meetings,Support Required,0,8
853068833,2026-08-29,North Kivu,Beni,Beni,Kanzuli,Church,ECC,Low,Coordination meetings,Support Required,0,8
853700686,2026-08-30,North Kivu,Butembo,Katwa,Katwa,Denominational school,ECC,Low,Coordination meetings,Support Required,0,8
853885257,2026-08-29,North Kivu,Beni,Beni,Beni,Church,ECC,Moderate,Coordination meetings,Support Required,0,8
854183549,2026-08-14,North Kivu,Beni,Beni,Kasabinyole,Church,ECC,High,Coordination meetings,Support Required,1,8
854192402,2026-08-31,North Kivu,Beni,Beni,Mabolio,Church,ECC,Low,Coordination meetings,Support Required,0,8
854226558,2026-08-31,North Kivu,Lubero,Lubero,Rughenda,Church,ECC,Moderate,Coordination meetings,Support Required,0,8
854295690,2026-08-26,North Kivu,Beni,Beni,Malepe,Church,ECC,Moderate,Coordination meetings,Support Required,0,8
854335472,2026-08-31,North Kivu,Butembo,Katwa,Katwa,Church,ECC,Low,Coordination meetings,Support Required,0,8
854361138,2026-08-31,North Kivu,Beni,Beni,Kanzuli,Church,ECC,Moderate,Coordination meetings,Support Required,0,8
854632904,2026-08-31,North Kivu,Butembo,Katwa,Vuhika,Denominational school,ECC,Moderate,Coordination meetings,Support Required,0,8
857307057,2026-08-30,North Kivu,Butembo,Katwa,Masuli,Faith-based health care facility,ECC,High,Coordination meetings,Support Required,0,8
858859254,2026-09-04,North Kivu,Beni,Beni,Mandrandele,Church,ECC,High,Coordination meetings,Support Required,0,8
859495986,2026-08-31,North Kivu,Beni,Beni,Kasabinyole,Church,ECC,High,Coordination meetings,Support Required,1,8
859495990,2026-08-31,North Kivu,Beni,Beni,Butsili,Church,ECC,High,Coordination meetings,Support Required,1,8
859495993,2026-08-31,North Kivu,Beni,Beni,Butsili,Church,ECC,High,Coordination meetings,Support Required,1,8
862786531,2026-09-09,North Kivu,Beni,Beni,Ngilinga Muloku,Church,ECC,High,Coordination meetings,Support Required,0,8
862801808,2026-09-09,North Kivu,Beni,Beni,Kanzuli,Church,ECC,High,Coordination meetings,Support Required,0,8
862818930,2026-09-09,North Kivu,Beni,Beni,Kanzuli,Church,ECC,Moderate,Coordination meetings,Support Required,0,8
862836160,2026-09-09,North Kivu,Beni,Beni,Kanzuli,Denominational school,ECC,Moderate,Coordination meetings,Support Required,0,8
862888563,2026-09-09,North Kivu,Beni,Beni,Kanzuli Nzuki,Denominational school,ECC,High,Coordination meetings,Support Required,0,8
875869474,2026-09-21,North Kivu,Beni,Beni,Kasanga,Faith-based health care facility,ECC,Moderate,Coordination meetings,Support Required,1,8
876079652,2026-09-23,North Kivu,Beni,Beni,Kasanga,Faith-based health care facility,ECC,Low,Coordination meetings,Support Required,1,8
876920737,2026-09-22,Ituri,Djugu,Mangala,Tchele,Church,Roman Catholic Church,Low,Coordination meetings,Support Required,0,8
876996119,2026-09-24,Ituri,Djugu,Mangala,Tchele,Church,Roman Catholic Church,Low,Coordination meetings,Support Required,0,8
877017789,2026-09-24,Ituri,Djugu,Mangala,Tchele,Church,Roman Catholic Church,Low,Coordination meetings,Support Required,0,8
877029755,2026-09-24,Ituri,Djugu,Mangala,Tchele,Church,Roman Catholic Church,Low,Coordination meetings,Support Required,0,8
877043915,2026-09-24,Ituri,Djugu,Mangala,Tchele,Church,Roman Catholic Church,Low,Coordination meetings,Support Required,0,8
878062446,2026-09-25,Ituri,Djugu,Lita,Mutumbi,Church,ECC,High,Coordination meetings,Support Required,0,8
878062450,2026-09-25,Ituri,Djugu,Lita,Mutumbi,Church,ECC,Low,Coordination meetings,Support Required,0,8
878062460,2026-09-25,Ituri,Djugu,Lita,Mutumbi,Church,ECC,Low,Coordination meetings,Support Required,0,8
878062468,2026-09-25,Ituri,Djugu,Lita,Mutumbi,Church,ECC,High,Coordination meetings,Support Required,0,8
878062475,2026-09-25,Ituri,Djugu,Lita,Mutumbi,Church,ECC,Moderate,Coordination meetings,Support Required,0,8
878771972,2026-09-25,Ituri,Djugu,Mangala,Tchele,Church,Roman Catholic Church,Low,Coordination meetings,Support Required,0,8
878771977,2026-09-26,Ituri,Djugu,Mangala,Tchele,Church,ECC,Low,Coordination meetings,Support Required,0,8
878775076,2026-09-26,Ituri,Djugu,Mangala,Tchele,Church,ECC,Low,Coordination meetings,Support Required,0,8
878784129,2026-09-26,Ituri,Djugu,Mangala,Tchele,Church,Roman Catholic Church,Low,Coordination meetings,Support Required,0,8
878790544,2026-09-26,Ituri,Djugu,Mangala,Tchele,Church,Roman Catholic Church,Low,Coordination meetings,Support Required,0,8
878794554,2026-09-26,Ituri,Djugu,Mangala,Tchele,Church,Roman Catholic Church,Low,Coordination meetings,Support Required,0,8
878860056,2026-09-26,Ituri,Djugu,Mangala,Tchele,Church,Roman Catholic Church,Low,Coordination meetings,Support Required,0,8
878863016,2026-09-26,Ituri,Djugu,Mangala,Tchele,Church,ECC,Low,Coordination meetings,Support Required,0,8
878869824,2026-09-26,Ituri,Djugu,Mangala,Tchele,Church,ECC,Low,Coordination meetings,Support Required,0,8
878896880,2026-09-26,Ituri,Djugu,Mangala,Tchele,Church,ECC,Low,Coordination meetings,Support Required,0,8
878997028,2026-09-26,Ituri,Djugu,Lita,Bahwere,Denominational school,ECC,Low,Coordination meetings,Support Required,0,8
878997035,2026-09-26,Ituri,Djugu,Lita,Bahwere,Denominational school,ECC,Low,Coordination meetings,Support Required,0,8
878997051,2026-09-26,Ituri,Djugu,Lita,Bahwere,Church,ECC,Low,Coordination meetings,Support Required,0,8
878997059,2026-09-26,Ituri,Djugu,Lita,Bahwere,Church,ECC,Moderate,Coordination meetings,Support Required,0,8
878997068,2026-09-26,Ituri,Djugu,Lita,Bahwere,Denominational school,ECC,Moderate,Coordination meetings,Support Required,0,8
878997075,2026-09-26,Ituri,Djugu,Lita,Bahwere,Church,Roman Catholic Church,Moderate,Coordination meetings,Support Required,0,8
878997091,2026-09-26,Ituri,Djugu,Lita,Bahwere,Church,ECC,Moderate,Coordination meetings,Support Required,0,8
878997100,2026-09-26,Ituri,Djugu,Lita,Bahwere,Denominational organization,ECC,Moderate,Coordination meetings,Support Required,0,8
878997108,2026-09-26,Ituri,Djugu,Lita,Bahwere,Church,ECC,Low,Coordination meetings,Support Required,0,8
878997115,2026-09-26,Ituri,Djugu,Lita,Bahwere,Church,ECC,Moderate,Coordination meetings,Support Required,0,8
879117541,2026-09-26,Ituri,Djugu,Mangala,Tchele,Church,ECC,Low,Coordination meetings,Support Required,0,8
879122054,2026-09-26,Ituri,Djugu,Mangala,Tchele,Church,ECC,Low,Coordination meetings,Support Required,0,8
879202178,2026-09-25,Ituri,Djugu,Mangala,Tchele,Church,ECC,Low,Coordination meetings,Support Required,0,8
879365390,2026-09-25,Ituri,Djugu,Mangala,Tchele,Church,ECC,Low,Coordination meetings,Support Required,0,8
879365392,2026-09-25,Ituri,Djugu,Mangala,Tchele,Church,ECC,Low,Coordination meetings,Support Required,0,8
879365398,2026-09-25,Ituri,Djugu,Mangala,Tchele,Church,ECC,Low,Coordination meetings,Support Required,0,8
879365403,2026-09-25,Ituri,Djugu,Mangala,Tchele,Church,ECC,Low,Coordination meetings,Support Required,0,8
879365407,2026-09-26,Ituri,Djugu,Mangala,Tchele,Church,ECC,Low,Coordination meetings,Support Required,0,8
879365412,2026-09-26,Ituri,Djugu,Mangala,Tchele,Church,ECC,Low,Coordination meetings,Support Required,0,8
879365414,2026-09-26,Ituri,Djugu,Mangala,Tchele,Church,ECC,Low,Coordination meetings,Support Required,0,8
879365416,2026-09-26,Ituri,Djugu,Mangala,Tchele,Church,ECC,Low,Coordination meetings,Support Required,0,8
879365422,2026-09-26,Ituri,Djugu,Mangala,Tchele,Church,ECC,Low,Coordination meetings,Support Required,0,8
879365427,2026-09-26,Ituri,Djugu,Mangala,Tchele,Church,ECC,Low,Coordination meetings,Support Required,0,8
879365432,2026-09-26,Ituri,Djugu,Mangala,Tchele,Church,ECC,Low,Coordination meetings,Support Required,0,8
879365444,2026-09-26,Ituri,Djugu,Mangala,Tcy,Church,ECC,Low,Coordination meetings,Support Required,0,8
879365450,2026-09-26,Ituri,Djugu,Mangala,Tchele,Church,ECC,Low,Coordination meetings,Support Required,0,8
879365457,2026-09-26,Ituri,Djugu,Mangala,Tchele,Church,ECC,Low,Coordination meetings,Support Required,0,8
879365462,2026-09-26,Ituri,Djugu,Mangala,Tchele,Church,ECC,Low,Coordination meetings,Support Required,0,8
879365465,2026-09-26,Ituri,Djugu,Mangala,Tchele,Church,ECC,Low,Coordination meetings,Support Required,0,8
879365468,2026-09-26,Ituri,Djugu,Mangala,Tchele,Church,ECC,Low,Coordination meetings,Support Required,0,8
879365474,2026-09-26,Ituri,Djugu,Mangala,Tchele,Church,ECC,Low,Coordination meetings,Support Required,0,8
879365478,2026-09-26,Ituri,Djugu,Mangala,Tchele,Church,ECC,Low,Coordination meetings,Support Required,0,8
879552531,2026-09-27,Ituri,Djugu,Mangala,Tchele,Church,ECC,Low,Coordination meetings,Support Required,0,8
879554947,2026-09-27,Ituri,Djugu,Mangala,Tchele,Church,ECC,Low,Coordination meetings,Support Required,0,8
879635788,2026-09-27,Ituri,Djugu,Lita,Mutumbi,Faith-based health care facility,Roman Catholic Church,High,Coordination meetings,Support Required,0,8
879635794,2026-09-27,Ituri,Djugu,Lita,Mutumbi,Church,Roman Catholic Church,Moderate,Coordination meetings,Support Required,0,8
879635804,2026-09-27,Ituri,Djugu,Lita,Mutumbi,Church,ECC,High,Coordination meetings,Support Required,0,8
879635814,2026-09-27,Ituri,Djugu,Lita,Mutumbi,Church,Roman Catholic Church,Moderate,Coordination meetings,Support Required,0,8
879635826,2026-09-27,Ituri,Djugu,Lita,Mutumbi,Denominational school,ECC,Moderate,Coordination meetings,Support Required,0,8
879685393,2026-09-23,Ituri,Djugu,Lita,Katoto,Faith-based health care facility,ECC,Low,Coordination meetings,Support Required,0,8
879685396,2026-09-24,Ituri,Djugu,Lita,Katoto,Church,ECC,High,Coordination meetings,Support Required,0,8
879685410,2026-09-25,Ituri,Djugu,Lita,Katoto,Church,ECC,Low,Coordination meetings,Support Required,0,8
879685425,2026-09-25,Ituri,Djugu,Lita,Katoto,Church,ECC,Moderate,Coordination meetings,Support Required,1,8
879685439,2026-09-25,Ituri,Djugu,Lita,Katoto,Church,ECC,High,Coordination meetings,Support Required,0,8
879685455,2026-09-25,Ituri,Djugu,Lita,Katoto,Church,Roman Catholic Church,Low,Coordination meetings,Support Required,0,8
879685474,2026-09-26,Ituri,Djugu,Lita,Katoto,Church,ECC,High,Coordination meetings,Support Required,0,8
879685485,2026-09-26,Ituri,Djugu,Lita,Katoto,Church,Roman Catholic Church,Moderate,Coordination meetings,Support Required,0,8
879685494,2026-09-26,Ituri,Djugu,Lita,Katoto,Church,Roman Catholic Church,Moderate,Coordination meetings,Support Required,0,8
879685509,2026-09-27,Ituri,Djugu,Lita,Katoto,Church,ECC,Low,Coordination meetings,Support Required,0,8
879685519,2026-09-27,Ituri,Djugu,Lita,Katoto,Church,ECC,Low,Coordination meetings,Support Required,0,8
879685625,2026-09-27,Ituri,Djugu,Lita,Katoto,Church,ECC,Low,Coordination meetings,Support Required,0,8
879685659,2026-09-27,Ituri,Djugu,Lita,Katoto,Church,ECC,Low,Coordination meetings,Support Required,0,8
879685672,2026-09-27,Ituri,Djugu,Lita,Katoto,Church,Roman Catholic Church,Low,Coordination meetings,Support Required,0,8
879685682,2026-09-27,Ituri,Djugu,Lita,Katoto,Church,Roman Catholic Church,High,Coordination meetings,Support Required,0,8
879685686,2026-09-27,Ituri,Djugu,Lita,Katoto,Church,Roman Catholic Church,Low,Coordination meetings,Support Required,0,8
879686019,2026-09-27,Ituri,Djugu,Lita,Katoto,Church,ECC,Low,Coordination meetings,Support Required,0,8
879686043,2026-09-27,Ituri,Djugu,Lita,Katoto,Church,ECC,Moderate,Coordination meetings,Support Required,0,8
879686056,2026-09-27,Ituri,Djugu,Lita,Katoto,Church,ECC,Moderate,Coordination meetings,Support Required,0,8
879686066,2026-09-27,Ituri,Djugu,Lita,Katoto,Church,ECC,Low,Coordination meetings,Support Required,0,8
841199154,2026-08-16,North Kivu,Beni,Beni,Kanzuli,Church,ECC,Moderate,Involved in Ebola response,KPI,0,1
841548610,2026-08-17,North Kivu,Beni,Beni,Kanzuli,Church,ECC,Low,Involved in Ebola response,KPI,0,1
842785213,2026-08-18,North Kivu,Beni,Beni,Kanzuli,Church,ECC,Moderate,Involved in Ebola response,KPI,0,1
843341124,2026-08-18,North Kivu,Beni,Beni,Ngongolio,Church,ECC,High,Involved in Ebola response,KPI,1,1
843348882,2026-08-18,North Kivu,Beni,Beni,Ngongolio,Church,ECC,High,Involved in Ebola response,KPI,1,1
843365757,2026-08-18,North Kivu,Beni,Beni,Tamende,Church,ECC,High,Involved in Ebola response,KPI,1,1
843369063,2026-08-18,North Kivu,Beni,Beni,Ngongolio,Church,ECC,High,Involved in Ebola response,KPI,1,1
843770142,2026-08-19,North Kivu,Beni,Beni,Boikene,Church,ECC,High,Involved in Ebola response,KPI,0,1
843828499,2026-08-18,North Kivu,Beni,Beni,Tamende,Church,ECC,Low,Involved in Ebola response,KPI,1,1
843841750,2026-08-19,North Kivu,Beni,Beni,Tamende,Church,Roman Catholic Church,Moderate,Involved in Ebola response,KPI,1,1
843887195,2026-08-19,North Kivu,Beni,Beni,Boikene,Denominational school,ECC,Moderate,Involved in Ebola response,KPI,0,1
843917903,2026-08-19,North Kivu,Beni,Beni,Boikene,Church,ECC,High,Involved in Ebola response,KPI,0,1
843940314,2026-08-19,North Kivu,Beni,Beni,Boikene,Church,ECC,High,Involved in Ebola response,KPI,1,1
843992799,2026-08-19,North Kivu,Beni,Beni,Boikene,Church,ECC,High,Involved in Ebola response,KPI,0,1
844181691,2026-08-19,North Kivu,Beni,Beni,Boikene,Church,ECC,High,Involved in Ebola response,KPI,1,1
845990019,2026-08-21,North Kivu,Beni,Beni,Mabakanga,Faith-based health care facility,ECC,Moderate,Involved in Ebola response,KPI,1,1
846487418,2026-08-21,North Kivu,Beni,Beni,Kanzuli,Church,ECC,High,Involved in Ebola response,KPI,1,1
846728240,2026-08-22,North Kivu,Beni,Beni,Boikene,Church,ECC,Moderate,Involved in Ebola response,KPI,0,1
846742619,2026-08-22,North Kivu,Beni,Beni,Boikene,Church,ECC,Moderate,Involved in Ebola response,KPI,1,1
846748689,2026-08-22,North Kivu,Beni,Beni,Boikene,Denominational school,ECC,High,Involved in Ebola response,KPI,1,1
847057490,2026-08-22,North Kivu,Beni,Beni,Mandrandele,Church,ECC,High,Involved in Ebola response,KPI,0,1
847069287,2026-08-22,North Kivu,Beni,Beni,Mandrandele,Church,ECC,High,Involved in Ebola response,KPI,1,1
847082157,2026-08-22,North Kivu,Beni,Beni,Mandrandele,Church,ECC,High,Involved in Ebola response,KPI,0,1
847268921,2026-08-23,North Kivu,Beni,Beni,Kasabinyole,Church,ECC,Low,Involved in Ebola response,KPI,0,1
847273941,2026-08-23,North Kivu,Beni,Beni,Kasabinyole,Church,ECC,Low,Involved in Ebola response,KPI,0,1
847285482,2026-08-23,North Kivu,Beni,Beni,Tuungane,Church,ECC,Low,Involved in Ebola response,KPI,0,1
847289604,2026-08-23,North Kivu,Beni,Beni,Tuungane,Denominational school,ECC,Low,Involved in Ebola response,KPI,0,1
847293655,2026-08-23,North Kivu,Beni,Beni,Tuungane,Denominational school,ECC,Low,Involved in Ebola response,KPI,0,1
847297827,2026-08-23,North Kivu,Beni,Beni,Tuungane,Church,ECC,Low,Involved in Ebola response,KPI,0,1
847302416,2026-08-23,North Kivu,Beni,Beni,Tuungane,Church,ECC,Low,Involved in Ebola response,KPI,0,1
847307012,2026-08-23,North Kivu,Beni,Beni,Anglicane,Denominational school,ECC,Low,Involved in Ebola response,KPI,0,1
847311861,2026-08-23,North Kivu,Beni,Beni,Anglicane,Church,ECC,Low,Involved in Ebola response,KPI,0,1
847586408,2026-08-23,North Kivu,Beni,Beni,Kuka,Church,ECC,Moderate,Involved in Ebola response,KPI,0,1
847600556,2026-08-23,North Kivu,Beni,Beni,Kuka,Church,ECC,High,Involved in Ebola response,KPI,0,1
847610633,2026-08-23,North Kivu,Beni,Beni,Kuka,Church,ECC,High,Involved in Ebola response,KPI,1,1
847862794,2026-08-14,North Kivu,Beni,Beni,Malepe,Church,ECC,High,Involved in Ebola response,KPI,1,1
849046030,2026-08-25,North Kivu,Beni,Beni,Ngongolio,Church,ECC,High,Involved in Ebola response,KPI,0,1
850045824,2026-08-26,North Kivu,Beni,Beni,Mangothe,Church,ECC,Moderate,Involved in Ebola response,KPI,0,1
850145543,2026-08-24,North Kivu,Beni,Beni,Malepe,Church,ECC,High,Involved in Ebola response,KPI,1,1
850180468,2026-08-26,North Kivu,Beni,Beni,Butanuka,Church,ECC,High,Involved in Ebola response,KPI,1,1
850508336,2026-08-26,North Kivu,Beni,Beni,Mabakanga,Faith-based health care facility,ECC,Low,Involved in Ebola response,KPI,1,1
850633361,2026-08-26,North Kivu,Beni,Beni,Tamende,Church,ECC,Low,Involved in Ebola response,KPI,0,1
850649059,2026-08-26,North Kivu,Beni,Beni,Mabakanga,Church,ECC,Moderate,Involved in Ebola response,KPI,0,1
850652676,2026-08-26,North Kivu,Beni,Beni,Gongolio,Church,Roman Catholic Church,Low,Involved in Ebola response,KPI,1,1
850657352,2026-08-26,North Kivu,Beni,Beni,Mabakanga,Church,ECC,High,Involved in Ebola response,KPI,1,1
850690706,2026-08-26,North Kivu,Beni,Beni,Mandrandele,Church,ECC,High,Involved in Ebola response,KPI,0,1
851141363,2026-08-26,North Kivu,Beni,Beni,Boikene,Church,ECC,High,Involved in Ebola response,KPI,0,1
851144057,2026-08-27,North Kivu,Beni,Beni,Malepe,Church,ECC,High,Involved in Ebola response,KPI,1,1
851154720,2026-08-27,North Kivu,Beni,Beni,Malepe,Church,ECC,High,Involved in Ebola response,KPI,1,1
851221822,2026-08-27,North Kivu,Beni,Beni,Malepe,Church,ECC,High,Involved in Ebola response,KPI,0,1
851246506,2026-08-27,North Kivu,Beni,Beni,Malepe,Church,ECC,High,Involved in Ebola response,KPI,1,1
851251697,2026-08-27,North Kivu,Beni,Beni,Rwangoma,Church,ECC,Moderate,Involved in Ebola response,KPI,0,1
851267049,2026-08-27,North Kivu,Beni,Beni,Butanuka,Denominational school,ECC,High,Involved in Ebola response,KPI,0,1
851289789,2026-08-27,North Kivu,Beni,Beni,Butanuka,Denominational organization,ECC,High,Involved in Ebola response,KPI,1,1
851322369,2026-08-27,North Kivu,Beni,Beni,Rwangoma,Church,ECC,Moderate,Involved in Ebola response,KPI,0,1
852140309,2026-08-28,North Kivu,Butembo,Katwa,Mitoya,Denominational school,ECC,Moderate,Involved in Ebola response,KPI,1,1
852167593,2026-08-28,North Kivu,Beni,Beni,Kanzuli,Denominational school,ECC,Low,Involved in Ebola response,KPI,0,1
852170534,2026-08-28,North Kivu,Butembo,Katwa,Katwa,Denominational school,ECC,High,Involved in Ebola response,KPI,1,1
852209874,2026-08-28,North Kivu,Beni,Beni,Kanzuli,Church,ECC,Moderate,Involved in Ebola response,KPI,1,1
852221246,2026-08-28,North Kivu,Beni,Beni,Malepe,Church,ECC,Low,Involved in Ebola response,KPI,0,1
852223652,2026-08-28,North Kivu,Butembo,Katwa,Mitoya,Church,ECC,High,Involved in Ebola response,KPI,1,1
852306872,2026-08-28,North Kivu,Beni,Beni,Kasabinyole,Church,ECC,Low,Involved in Ebola response,KPI,1,1
852311269,2026-08-28,North Kivu,Beni,Beni,Gbadolite,Church,ECC,Moderate,Involved in Ebola response,KPI,1,1
852311817,2026-08-28,North Kivu,Beni,Beni,Kanzuli,Church,ECC,Low,Involved in Ebola response,KPI,0,1
853058765,2026-08-29,North Kivu,Beni,Beni,Kanzuli,Church,ECC,Low,Involved in Ebola response,KPI,0,1
853068833,2026-08-29,North Kivu,Beni,Beni,Kanzuli,Church,ECC,Low,Involved in Ebola response,KPI,1,1
853700686,2026-08-30,North Kivu,Butembo,Katwa,Katwa,Denominational school,ECC,Low,Involved in Ebola response,KPI,1,1
853885257,2026-08-29,North Kivu,Beni,Beni,Beni,Church,ECC,Moderate,Involved in Ebola response,KPI,1,1
854183549,2026-08-14,North Kivu,Beni,Beni,Kasabinyole,Church,ECC,High,Involved in Ebola response,KPI,0,1
854192402,2026-08-31,North Kivu,Beni,Beni,Mabolio,Church,ECC,Low,Involved in Ebola response,KPI,0,1
854226558,2026-08-31,North Kivu,Lubero,Lubero,Rughenda,Church,ECC,Moderate,Involved in Ebola response,KPI,1,1
854295690,2026-08-26,North Kivu,Beni,Beni,Malepe,Church,ECC,Moderate,Involved in Ebola response,KPI,1,1
854335472,2026-08-31,North Kivu,Butembo,Katwa,Katwa,Church,ECC,Low,Involved in Ebola response,KPI,0,1
854361138,2026-08-31,North Kivu,Beni,Beni,Kanzuli,Church,ECC,Moderate,Involved in Ebola response,KPI,1,1
854632904,2026-08-31,North Kivu,Butembo,Katwa,Vuhika,Denominational school,ECC,Moderate,Involved in Ebola response,KPI,0,1
857307057,2026-08-30,North Kivu,Butembo,Katwa,Masuli,Faith-based health care facility,ECC,High,Involved in Ebola response,KPI,1,1
858859254,2026-09-04,North Kivu,Beni,Beni,Mandrandele,Church,ECC,High,Involved in Ebola response,KPI,1,1
859495986,2026-08-31,North Kivu,Beni,Beni,Kasabinyole,Church,ECC,High,Involved in Ebola response,KPI,0,1
859495990,2026-08-31,North Kivu,Beni,Beni,Butsili,Church,ECC,High,Involved in Ebola response,KPI,0,1
859495993,2026-08-31,North Kivu,Beni,Beni,Butsili,Church,ECC,High,Involved in Ebola response,KPI,1,1
862786531,2026-09-09,North Kivu,Beni,Beni,Ngilinga Muloku,Church,ECC,High,Involved in Ebola response,KPI,0,1
862801808,2026-09-09,North Kivu,Beni,Beni,Kanzuli,Church,ECC,High,Involved in Ebola response,KPI,1,1
862818930,2026-09-09,North Kivu,Beni,Beni,Kanzuli,Church,ECC,Moderate,Involved in Ebola response,KPI,0,1
862836160,2026-09-09,North Kivu,Beni,Beni,Kanzuli,Denominational school,ECC,Moderate,Involved in Ebola response,KPI,0,1
862888563,2026-09-09,North Kivu,Beni,Beni,Kanzuli Nzuki,Denominational school,ECC,High,Involved in Ebola response,KPI,0,1
875869474,2026-09-21,North Kivu,Beni,Beni,Kasanga,Faith-based health care facility,ECC,Moderate,Involved in Ebola response,KPI,0,1
876079652,2026-09-23,North Kivu,Beni,Beni,Kasanga,Faith-based health care facility,ECC,Low,Involved in Ebola response,KPI,1,1
876920737,2026-09-22,Ituri,Djugu,Mangala,Tchele,Church,Roman Catholic Church,Low,Involved in Ebola response,KPI,1,1
876996119,2026-09-24,Ituri,Djugu,Mangala,Tchele,Church,Roman Catholic Church,Low,Involved in Ebola response,KPI,1,1
877017789,2026-09-24,Ituri,Djugu,Mangala,Tchele,Church,Roman Catholic Church,Low,Involved in Ebola response,KPI,1,1
877029755,2026-09-24,Ituri,Djugu,Mangala,Tchele,Church,Roman Catholic Church,Low,Involved in Ebola response,KPI,1,1
877043915,2026-09-24,Ituri,Djugu,Mangala,Tchele,Church,Roman Catholic Church,Low,Involved in Ebola response,KPI,1,1
878062446,2026-09-25,Ituri,Djugu,Lita,Mutumbi,Church,ECC,High,Involved in Ebola response,KPI,1,1
878062450,2026-09-25,Ituri,Djugu,Lita,Mutumbi,Church,ECC,Low,Involved in Ebola response,KPI,1,1
878062460,2026-09-25,Ituri,Djugu,Lita,Mutumbi,Church,ECC,Low,Involved in Ebola response,KPI,1,1
878062468,2026-09-25,Ituri,Djugu,Lita,Mutumbi,Church,ECC,High,Involved in Ebola response,KPI,1,1
878062475,2026-09-25,Ituri,Djugu,Lita,Mutumbi,Church,ECC,Moderate,Involved in Ebola response,KPI,1,1
878771972,2026-09-25,Ituri,Djugu,Mangala,Tchele,Church,Roman Catholic Church,Low,Involved in Ebola response,KPI,1,1
878771977,2026-09-26,Ituri,Djugu,Mangala,Tchele,Church,ECC,Low,Involved in Ebola response,KPI,1,1
878775076,2026-09-26,Ituri,Djugu,Mangala,Tchele,Church,ECC,Low,Involved in Ebola response,KPI,1,1
878784129,2026-09-26,Ituri,Djugu,Mangala,Tchele,Church,Roman Catholic Church,Low,Involved in Ebola response,KPI,1,1
878790544,2026-09-26,Ituri,Djugu,Mangala,Tchele,Church,Roman Catholic Church,Low,Involved in Ebola response,KPI,1,1
878794554,2026-09-26,Ituri,Djugu,Mangala,Tchele,Church,Roman Catholic Church,Low,Involved in Ebola response,KPI,1,1
878860056,2026-09-26,Ituri,Djugu,Mangala,Tchele,Church,Roman Catholic Church,Low,Involved in Ebola response,KPI,1,1
878863016,2026-09-26,Ituri,Djugu,Mangala,Tchele,Church,ECC,Low,Involved in Ebola response,KPI,1,1
878869824,2026-09-26,Ituri,Djugu,Mangala,Tchele,Church,ECC,Low,Involved in Ebola response,KPI,1,1
878896880,2026-09-26,Ituri,Djugu,Mangala,Tchele,Church,ECC,Low,Involved in Ebola response,KPI,1,1
878997028,2026-09-26,Ituri,Djugu,Lita,Bahwere,Denominational school,ECC,Low,Involved in Ebola response,KPI,0,1
878997035,2026-09-26,Ituri,Djugu,Lita,Bahwere,Denominational school,ECC,Low,Involved in Ebola response,KPI,0,1
878997051,2026-09-26,Ituri,Djugu,Lita,Bahwere,Church,ECC,Low,Involved in Ebola response,KPI,0,1
878997059,2026-09-26,Ituri,Djugu,Lita,Bahwere,Church,ECC,Moderate,Involved in Ebola response,KPI,1,1
878997068,2026-09-26,Ituri,Djugu,Lita,Bahwere,Denominational school,ECC,Moderate,Involved in Ebola response,KPI,1,1
878997075,2026-09-26,Ituri,Djugu,Lita,Bahwere,Church,Roman Catholic Church,Moderate,Involved in Ebola response,KPI,1,1
878997091,2026-09-26,Ituri,Djugu,Lita,Bahwere,Church,ECC,Moderate,Involved in Ebola response,KPI,1,1
878997100,2026-09-26,Ituri,Djugu,Lita,Bahwere,Denominational organization,ECC,Moderate,Involved in Ebola response,KPI,1,1
878997108,2026-09-26,Ituri,Djugu,Lita,Bahwere,Church,ECC,Low,Involved in Ebola response,KPI,1,1
878997115,2026-09-26,Ituri,Djugu,Lita,Bahwere,Church,ECC,Moderate,Involved in Ebola response,KPI,1,1
879117541,2026-09-26,Ituri,Djugu,Mangala,Tchele,Church,ECC,Low,Involved in Ebola response,KPI,0,1
879122054,2026-09-26,Ituri,Djugu,Mangala,Tchele,Church,ECC,Low,Involved in Ebola response,KPI,1,1
879202178,2026-09-25,Ituri,Djugu,Mangala,Tchele,Church,ECC,Low,Involved in Ebola response,KPI,1,1
879365390,2026-09-25,Ituri,Djugu,Mangala,Tchele,Church,ECC,Low,Involved in Ebola response,KPI,1,1
879365392,2026-09-25,Ituri,Djugu,Mangala,Tchele,Church,ECC,Low,Involved in Ebola response,KPI,1,1
879365398,2026-09-25,Ituri,Djugu,Mangala,Tchele,Church,ECC,Low,Involved in Ebola response,KPI,0,1
879365403,2026-09-25,Ituri,Djugu,Mangala,Tchele,Church,ECC,Low,Involved in Ebola response,KPI,1,1
879365407,2026-09-26,Ituri,Djugu,Mangala,Tchele,Church,ECC,Low,Involved in Ebola response,KPI,1,1
879365412,2026-09-26,Ituri,Djugu,Mangala,Tchele,Church,ECC,Low,Involved in Ebola response,KPI,1,1
879365414,2026-09-26,Ituri,Djugu,Mangala,Tchele,Church,ECC,Low,Involved in Ebola response,KPI,1,1
879365416,2026-09-26,Ituri,Djugu,Mangala,Tchele,Church,ECC,Low,Involved in Ebola response,KPI,1,1
879365422,2026-09-26,Ituri,Djugu,Mangala,Tchele,Church,ECC,Low,Involved in Ebola response,KPI,1,1
879365427,2026-09-26,Ituri,Djugu,Mangala,Tchele,Church,ECC,Low,Involved in Ebola response,KPI,0,1
879365432,2026-09-26,Ituri,Djugu,Mangala,Tchele,Church,ECC,Low,Involved in Ebola response,KPI,0,1
879365444,2026-09-26,Ituri,Djugu,Mangala,Tcy,Church,ECC,Low,Involved in Ebola response,KPI,1,1
879365450,2026-09-26,Ituri,Djugu,Mangala,Tchele,Church,ECC,Low,Involved in Ebola response,KPI,0,1
879365457,2026-09-26,Ituri,Djugu,Mangala,Tchele,Church,ECC,Low,Involved in Ebola response,KPI,1,1
879365462,2026-09-26,Ituri,Djugu,Mangala,Tchele,Church,ECC,Low,Involved in Ebola response,KPI,1,1
879365465,2026-09-26,Ituri,Djugu,Mangala,Tchele,Church,ECC,Low,Involved in Ebola response,KPI,1,1
879365468,2026-09-26,Ituri,Djugu,Mangala,Tchele,Church,ECC,Low,Involved in Ebola response,KPI,1,1
879365474,2026-09-26,Ituri,Djugu,Mangala,Tchele,Church,ECC,Low,Involved in Ebola response,KPI,1,1
879365478,2026-09-26,Ituri,Djugu,Mangala,Tchele,Church,ECC,Low,Involved in Ebola response,KPI,1,1
879552531,2026-09-27,Ituri,Djugu,Mangala,Tchele,Church,ECC,Low,Involved in Ebola response,KPI,1,1
879554947,2026-09-27,Ituri,Djugu,Mangala,Tchele,Church,ECC,Low,Involved in Ebola response,KPI,1,1
879635788,2026-09-27,Ituri,Djugu,Lita,Mutumbi,Faith-based health care facility,Roman Catholic Church,High,Involved in Ebola response,KPI,1,1
879635794,2026-09-27,Ituri,Djugu,Lita,Mutumbi,Church,Roman Catholic Church,Moderate,Involved in Ebola response,KPI,1,1
879635804,2026-09-27,Ituri,Djugu,Lita,Mutumbi,Church,ECC,High,Involved in Ebola response,KPI,1,1
879635814,2026-09-27,Ituri,Djugu,Lita,Mutumbi,Church,Roman Catholic Church,Moderate,Involved in Ebola response,KPI,1,1
879635826,2026-09-27,Ituri,Djugu,Lita,Mutumbi,Denominational school,ECC,Moderate,Involved in Ebola response,KPI,1,1
879685393,2026-09-23,Ituri,Djugu,Lita,Katoto,Faith-based health care facility,ECC,Low,Involved in Ebola response,KPI,1,1
879685396,2026-09-24,Ituri,Djugu,Lita,Katoto,Church,ECC,High,Involved in Ebola response,KPI,0,1
879685410,2026-09-25,Ituri,Djugu,Lita,Katoto,Church,ECC,Low,Involved in Ebola response,KPI,0,1
879685425,2026-09-25,Ituri,Djugu,Lita,Katoto,Church,ECC,Moderate,Involved in Ebola response,KPI,1,1
879685439,2026-09-25,Ituri,Djugu,Lita,Katoto,Church,ECC,High,Involved in Ebola response,KPI,0,1
879685455,2026-09-25,Ituri,Djugu,Lita,Katoto,Church,Roman Catholic Church,Low,Involved in Ebola response,KPI,0,1
879685474,2026-09-26,Ituri,Djugu,Lita,Katoto,Church,ECC,High,Involved in Ebola response,KPI,0,1
879685485,2026-09-26,Ituri,Djugu,Lita,Katoto,Church,Roman Catholic Church,Moderate,Involved in Ebola response,KPI,1,1
879685494,2026-09-26,Ituri,Djugu,Lita,Katoto,Church,Roman Catholic Church,Moderate,Involved in Ebola response,KPI,1,1
879685509,2026-09-27,Ituri,Djugu,Lita,Katoto,Church,ECC,Low,Involved in Ebola response,KPI,1,1
879685519,2026-09-27,Ituri,Djugu,Lita,Katoto,Church,ECC,Low,Involved in Ebola response,KPI,1,1
879685625,2026-09-27,Ituri,Djugu,Lita,Katoto,Church,ECC,Low,Involved in Ebola response,KPI,1,1
879685659,2026-09-27,Ituri,Djugu,Lita,Katoto,Church,ECC,Low,Involved in Ebola response,KPI,0,1
879685672,2026-09-27,Ituri,Djugu,Lita,Katoto,Church,Roman Catholic Church,Low,Involved in Ebola response,KPI,1,1
879685682,2026-09-27,Ituri,Djugu,Lita,Katoto,Church,Roman Catholic Church,High,Involved in Ebola response,KPI,1,1
879685686,2026-09-27,Ituri,Djugu,Lita,Katoto,Church,Roman Catholic Church,Low,Involved in Ebola response,KPI,1,1
879686019,2026-09-27,Ituri,Djugu,Lita,Katoto,Church,ECC,Low,Involved in Ebola response,KPI,1,1
879686043,2026-09-27,Ituri,Djugu,Lita,Katoto,Church,ECC,Moderate,Involved in Ebola response,KPI,1,1
879686056,2026-09-27,Ituri,Djugu,Lita,Katoto,Church,ECC,Moderate,Involved in Ebola response,KPI,1,1
879686066,2026-09-27,Ituri,Djugu,Lita,Katoto,Church,ECC,Low,Involved in Ebola response,KPI,0,1
841199154,2026-08-16,North Kivu,Beni,Beni,Kanzuli,Church,ECC,Moderate,Trained on Ebola,KPI,0,2
841548610,2026-08-17,North Kivu,Beni,Beni,Kanzuli,Church,ECC,Low,Trained on Ebola,KPI,0,2
842785213,2026-08-18,North Kivu,Beni,Beni,Kanzuli,Church,ECC,Moderate,Trained on Ebola,KPI,0,2
843341124,2026-08-18,North Kivu,Beni,Beni,Ngongolio,Church,ECC,High,Trained on Ebola,KPI,0,2
843348882,2026-08-18,North Kivu,Beni,Beni,Ngongolio,Church,ECC,High,Trained on Ebola,KPI,0,2
843365757,2026-08-18,North Kivu,Beni,Beni,Tamende,Church,ECC,High,Trained on Ebola,KPI,0,2
843369063,2026-08-18,North Kivu,Beni,Beni,Ngongolio,Church,ECC,High,Trained on Ebola,KPI,0,2
843770142,2026-08-19,North Kivu,Beni,Beni,Boikene,Church,ECC,High,Trained on Ebola,KPI,1,2
843828499,2026-08-18,North Kivu,Beni,Beni,Tamende,Church,ECC,Low,Trained on Ebola,KPI,0,2
843841750,2026-08-19,North Kivu,Beni,Beni,Tamende,Church,Roman Catholic Church,Moderate,Trained on Ebola,KPI,1,2
843887195,2026-08-19,North Kivu,Beni,Beni,Boikene,Denominational school,ECC,Moderate,Trained on Ebola,KPI,0,2
843917903,2026-08-19,North Kivu,Beni,Beni,Boikene,Church,ECC,High,Trained on Ebola,KPI,1,2
843940314,2026-08-19,North Kivu,Beni,Beni,Boikene,Church,ECC,High,Trained on Ebola,KPI,1,2
843992799,2026-08-19,North Kivu,Beni,Beni,Boikene,Church,ECC,High,Trained on Ebola,KPI,1,2
844181691,2026-08-19,North Kivu,Beni,Beni,Boikene,Church,ECC,High,Trained on Ebola,KPI,1,2
845990019,2026-08-21,North Kivu,Beni,Beni,Mabakanga,Faith-based health care facility,ECC,Moderate,Trained on Ebola,KPI,0,2
846487418,2026-08-21,North Kivu,Beni,Beni,Kanzuli,Church,ECC,High,Trained on Ebola,KPI,1,2
846728240,2026-08-22,North Kivu,Beni,Beni,Boikene,Church,ECC,Moderate,Trained on Ebola,KPI,0,2
846742619,2026-08-22,North Kivu,Beni,Beni,Boikene,Church,ECC,Moderate,Trained on Ebola,KPI,0,2
846748689,2026-08-22,North Kivu,Beni,Beni,Boikene,Denominational school,ECC,High,Trained on Ebola,KPI,1,2
847057490,2026-08-22,North Kivu,Beni,Beni,Mandrandele,Church,ECC,High,Trained on Ebola,KPI,1,2
847069287,2026-08-22,North Kivu,Beni,Beni,Mandrandele,Church,ECC,High,Trained on Ebola,KPI,0,2
847082157,2026-08-22,North Kivu,Beni,Beni,Mandrandele,Church,ECC,High,Trained on Ebola,KPI,1,2
847268921,2026-08-23,North Kivu,Beni,Beni,Kasabinyole,Church,ECC,Low,Trained on Ebola,KPI,0,2
847273941,2026-08-23,North Kivu,Beni,Beni,Kasabinyole,Church,ECC,Low,Trained on Ebola,KPI,0,2
847285482,2026-08-23,North Kivu,Beni,Beni,Tuungane,Church,ECC,Low,Trained on Ebola,KPI,0,2
847289604,2026-08-23,North Kivu,Beni,Beni,Tuungane,Denominational school,ECC,Low,Trained on Ebola,KPI,0,2
847293655,2026-08-23,North Kivu,Beni,Beni,Tuungane,Denominational school,ECC,Low,Trained on Ebola,KPI,0,2
847297827,2026-08-23,North Kivu,Beni,Beni,Tuungane,Church,ECC,Low,Trained on Ebola,KPI,0,2
847302416,2026-08-23,North Kivu,Beni,Beni,Tuungane,Church,ECC,Low,Trained on Ebola,KPI,0,2
847307012,2026-08-23,North Kivu,Beni,Beni,Anglicane,Denominational school,ECC,Low,Trained on Ebola,KPI,0,2
847311861,2026-08-23,North Kivu,Beni,Beni,Anglicane,Church,ECC,Low,Trained on Ebola,KPI,0,2
847586408,2026-08-23,North Kivu,Beni,Beni,Kuka,Church,ECC,Moderate,Trained on Ebola,KPI,0,2
847600556,2026-08-23,North Kivu,Beni,Beni,Kuka,Church,ECC,High,Trained on Ebola,KPI,0,2
847610633,2026-08-23,North Kivu,Beni,Beni,Kuka,Church,ECC,High,Trained on Ebola,KPI,1,2
847862794,2026-08-14,North Kivu,Beni,Beni,Malepe,Church,ECC,High,Trained on Ebola,KPI,0,2
849046030,2026-08-25,North Kivu,Beni,Beni,Ngongolio,Church,ECC,High,Trained on Ebola,KPI,0,2
850045824,2026-08-26,North Kivu,Beni,Beni,Mangothe,Church,ECC,Moderate,Trained on Ebola,KPI,0,2
850145543,2026-08-24,North Kivu,Beni,Beni,Malepe,Church,ECC,High,Trained on Ebola,KPI,0,2
850180468,2026-08-26,North Kivu,Beni,Beni,Butanuka,Church,ECC,High,Trained on Ebola,KPI,0,2
850508336,2026-08-26,North Kivu,Beni,Beni,Mabakanga,Faith-based health care facility,ECC,Low,Trained on Ebola,KPI,0,2
850633361,2026-08-26,North Kivu,Beni,Beni,Tamende,Church,ECC,Low,Trained on Ebola,KPI,0,2
850649059,2026-08-26,North Kivu,Beni,Beni,Mabakanga,Church,ECC,Moderate,Trained on Ebola,KPI,1,2
850652676,2026-08-26,North Kivu,Beni,Beni,Gongolio,Church,Roman Catholic Church,Low,Trained on Ebola,KPI,1,2
850657352,2026-08-26,North Kivu,Beni,Beni,Mabakanga,Church,ECC,High,Trained on Ebola,KPI,1,2
850690706,2026-08-26,North Kivu,Beni,Beni,Mandrandele,Church,ECC,High,Trained on Ebola,KPI,0,2
851141363,2026-08-26,North Kivu,Beni,Beni,Boikene,Church,ECC,High,Trained on Ebola,KPI,1,2
851144057,2026-08-27,North Kivu,Beni,Beni,Malepe,Church,ECC,High,Trained on Ebola,KPI,1,2
851154720,2026-08-27,North Kivu,Beni,Beni,Malepe,Church,ECC,High,Trained on Ebola,KPI,1,2
851221822,2026-08-27,North Kivu,Beni,Beni,Malepe,Church,ECC,High,Trained on Ebola,KPI,1,2
851246506,2026-08-27,North Kivu,Beni,Beni,Malepe,Church,ECC,High,Trained on Ebola,KPI,1,2
851251697,2026-08-27,North Kivu,Beni,Beni,Rwangoma,Church,ECC,Moderate,Trained on Ebola,KPI,0,2
851267049,2026-08-27,North Kivu,Beni,Beni,Butanuka,Denominational school,ECC,High,Trained on Ebola,KPI,0,2
851289789,2026-08-27,North Kivu,Beni,Beni,Butanuka,Denominational organization,ECC,High,Trained on Ebola,KPI,1,2
851322369,2026-08-27,North Kivu,Beni,Beni,Rwangoma,Church,ECC,Moderate,Trained on Ebola,KPI,0,2
852140309,2026-08-28,North Kivu,Butembo,Katwa,Mitoya,Denominational school,ECC,Moderate,Trained on Ebola,KPI,1,2
852167593,2026-08-28,North Kivu,Beni,Beni,Kanzuli,Denominational school,ECC,Low,Trained on Ebola,KPI,0,2
852170534,2026-08-28,North Kivu,Butembo,Katwa,Katwa,Denominational school,ECC,High,Trained on Ebola,KPI,1,2
852209874,2026-08-28,North Kivu,Beni,Beni,Kanzuli,Church,ECC,Moderate,Trained on Ebola,KPI,1,2
852221246,2026-08-28,North Kivu,Beni,Beni,Malepe,Church,ECC,Low,Trained on Ebola,KPI,1,2
852223652,2026-08-28,North Kivu,Butembo,Katwa,Mitoya,Church,ECC,High,Trained on Ebola,KPI,1,2
852306872,2026-08-28,North Kivu,Beni,Beni,Kasabinyole,Church,ECC,Low,Trained on Ebola,KPI,1,2
852311269,2026-08-28,North Kivu,Beni,Beni,Gbadolite,Church,ECC,Moderate,Trained on Ebola,KPI,1,2
852311817,2026-08-28,North Kivu,Beni,Beni,Kanzuli,Church,ECC,Low,Trained on Ebola,KPI,0,2
853058765,2026-08-29,North Kivu,Beni,Beni,Kanzuli,Church,ECC,Low,Trained on Ebola,KPI,1,2
853068833,2026-08-29,North Kivu,Beni,Beni,Kanzuli,Church,ECC,Low,Trained on Ebola,KPI,1,2
853700686,2026-08-30,North Kivu,Butembo,Katwa,Katwa,Denominational school,ECC,Low,Trained on Ebola,KPI,0,2
853885257,2026-08-29,North Kivu,Beni,Beni,Beni,Church,ECC,Moderate,Trained on Ebola,KPI,1,2
854183549,2026-08-14,North Kivu,Beni,Beni,Kasabinyole,Church,ECC,High,Trained on Ebola,KPI,1,2
854192402,2026-08-31,North Kivu,Beni,Beni,Mabolio,Church,ECC,Low,Trained on Ebola,KPI,0,2
854226558,2026-08-31,North Kivu,Lubero,Lubero,Rughenda,Church,ECC,Moderate,Trained on Ebola,KPI,1,2
854295690,2026-08-26,North Kivu,Beni,Beni,Malepe,Church,ECC,Moderate,Trained on Ebola,KPI,0,2
854335472,2026-08-31,North Kivu,Butembo,Katwa,Katwa,Church,ECC,Low,Trained on Ebola,KPI,0,2
854361138,2026-08-31,North Kivu,Beni,Beni,Kanzuli,Church,ECC,Moderate,Trained on Ebola,KPI,0,2
854632904,2026-08-31,North Kivu,Butembo,Katwa,Vuhika,Denominational school,ECC,Moderate,Trained on Ebola,KPI,0,2
857307057,2026-08-30,North Kivu,Butembo,Katwa,Masuli,Faith-based health care facility,ECC,High,Trained on Ebola,KPI,1,2
858859254,2026-09-04,North Kivu,Beni,Beni,Mandrandele,Church,ECC,High,Trained on Ebola,KPI,1,2
859495986,2026-08-31,North Kivu,Beni,Beni,Kasabinyole,Church,ECC,High,Trained on Ebola,KPI,0,2
859495990,2026-08-31,North Kivu,Beni,Beni,Butsili,Church,ECC,High,Trained on Ebola,KPI,0,2
859495993,2026-08-31,North Kivu,Beni,Beni,Butsili,Church,ECC,High,Trained on Ebola,KPI,0,2
862786531,2026-09-09,North Kivu,Beni,Beni,Ngilinga Muloku,Church,ECC,High,Trained on Ebola,KPI,1,2
862801808,2026-09-09,North Kivu,Beni,Beni,Kanzuli,Church,ECC,High,Trained on Ebola,KPI,1,2
862818930,2026-09-09,North Kivu,Beni,Beni,Kanzuli,Church,ECC,Moderate,Trained on Ebola,KPI,0,2
862836160,2026-09-09,North Kivu,Beni,Beni,Kanzuli,Denominational school,ECC,Moderate,Trained on Ebola,KPI,0,2
862888563,2026-09-09,North Kivu,Beni,Beni,Kanzuli Nzuki,Denominational school,ECC,High,Trained on Ebola,KPI,0,2
875869474,2026-09-21,North Kivu,Beni,Beni,Kasanga,Faith-based health care facility,ECC,Moderate,Trained on Ebola,KPI,0,2
876079652,2026-09-23,North Kivu,Beni,Beni,Kasanga,Faith-based health care facility,ECC,Low,Trained on Ebola,KPI,0,2
876920737,2026-09-22,Ituri,Djugu,Mangala,Tchele,Church,Roman Catholic Church,Low,Trained on Ebola,KPI,1,2
876996119,2026-09-24,Ituri,Djugu,Mangala,Tchele,Church,Roman Catholic Church,Low,Trained on Ebola,KPI,1,2
877017789,2026-09-24,Ituri,Djugu,Mangala,Tchele,Church,Roman Catholic Church,Low,Trained on Ebola,KPI,1,2
877029755,2026-09-24,Ituri,Djugu,Mangala,Tchele,Church,Roman Catholic Church,Low,Trained on Ebola,KPI,1,2
877043915,2026-09-24,Ituri,Djugu,Mangala,Tchele,Church,Roman Catholic Church,Low,Trained on Ebola,KPI,1,2
878062446,2026-09-25,Ituri,Djugu,Lita,Mutumbi,Church,ECC,High,Trained on Ebola,KPI,0,2
878062450,2026-09-25,Ituri,Djugu,Lita,Mutumbi,Church,ECC,Low,Trained on Ebola,KPI,1,2
878062460,2026-09-25,Ituri,Djugu,Lita,Mutumbi,Church,ECC,Low,Trained on Ebola,KPI,0,2
878062468,2026-09-25,Ituri,Djugu,Lita,Mutumbi,Church,ECC,High,Trained on Ebola,KPI,1,2
878062475,2026-09-25,Ituri,Djugu,Lita,Mutumbi,Church,ECC,Moderate,Trained on Ebola,KPI,0,2
878771972,2026-09-25,Ituri,Djugu,Mangala,Tchele,Church,Roman Catholic Church,Low,Trained on Ebola,KPI,1,2
878771977,2026-09-26,Ituri,Djugu,Mangala,Tchele,Church,ECC,Low,Trained on Ebola,KPI,1,2
878775076,2026-09-26,Ituri,Djugu,Mangala,Tchele,Church,ECC,Low,Trained on Ebola,KPI,1,2
878784129,2026-09-26,Ituri,Djugu,Mangala,Tchele,Church,Roman Catholic Church,Low,Trained on Ebola,KPI,1,2
878790544,2026-09-26,Ituri,Djugu,Mangala,Tchele,Church,Roman Catholic Church,Low,Trained on Ebola,KPI,1,2
878794554,2026-09-26,Ituri,Djugu,Mangala,Tchele,Church,Roman Catholic Church,Low,Trained on Ebola,KPI,1,2
878860056,2026-09-26,Ituri,Djugu,Mangala,Tchele,Church,Roman Catholic Church,Low,Trained on Ebola,KPI,1,2
878863016,2026-09-26,Ituri,Djugu,Mangala,Tchele,Church,ECC,Low,Trained on Ebola,KPI,1,2
878869824,2026-09-26,Ituri,Djugu,Mangala,Tchele,Church,ECC,Low,Trained on Ebola,KPI,1,2
878896880,2026-09-26,Ituri,Djugu,Mangala,Tchele,Church,ECC,Low,Trained on Ebola,KPI,1,2
878997028,2026-09-26,Ituri,Djugu,Lita,Bahwere,Denominational school,ECC,Low,Trained on Ebola,KPI,0,2
878997035,2026-09-26,Ituri,Djugu,Lita,Bahwere,Denominational school,ECC,Low,Trained on Ebola,KPI,0,2
878997051,2026-09-26,Ituri,Djugu,Lita,Bahwere,Church,ECC,Low,Trained on Ebola,KPI,0,2
878997059,2026-09-26,Ituri,Djugu,Lita,Bahwere,Church,ECC,Moderate,Trained on Ebola,KPI,1,2
878997068,2026-09-26,Ituri,Djugu,Lita,Bahwere,Denominational school,ECC,Moderate,Trained on Ebola,KPI,1,2
878997075,2026-09-26,Ituri,Djugu,Lita,Bahwere,Church,Roman Catholic Church,Moderate,Trained on Ebola,KPI,1,2
878997091,2026-09-26,Ituri,Djugu,Lita,Bahwere,Church,ECC,Moderate,Trained on Ebola,KPI,1,2
878997100,2026-09-26,Ituri,Djugu,Lita,Bahwere,Denominational organization,ECC,Moderate,Trained on Ebola,KPI,1,2
878997108,2026-09-26,Ituri,Djugu,Lita,Bahwere,Church,ECC,Low,Trained on Ebola,KPI,1,2
878997115,2026-09-26,Ituri,Djugu,Lita,Bahwere,Church,ECC,Moderate,Trained on Ebola,KPI,1,2
879117541,2026-09-26,Ituri,Djugu,Mangala,Tchele,Church,ECC,Low,Trained on Ebola,KPI,1,2
879122054,2026-09-26,Ituri,Djugu,Mangala,Tchele,Church,ECC,Low,Trained on Ebola,KPI,1,2
879202178,2026-09-25,Ituri,Djugu,Mangala,Tchele,Church,ECC,Low,Trained on Ebola,KPI,1,2
879365390,2026-09-25,Ituri,Djugu,Mangala,Tchele,Church,ECC,Low,Trained on Ebola,KPI,1,2
879365392,2026-09-25,Ituri,Djugu,Mangala,Tchele,Church,ECC,Low,Trained on Ebola,KPI,1,2
879365398,2026-09-25,Ituri,Djugu,Mangala,Tchele,Church,ECC,Low,Trained on Ebola,KPI,1,2
879365403,2026-09-25,Ituri,Djugu,Mangala,Tchele,Church,ECC,Low,Trained on Ebola,KPI,1,2
879365407,2026-09-26,Ituri,Djugu,Mangala,Tchele,Church,ECC,Low,Trained on Ebola,KPI,0,2
879365412,2026-09-26,Ituri,Djugu,Mangala,Tchele,Church,ECC,Low,Trained on Ebola,KPI,1,2
879365414,2026-09-26,Ituri,Djugu,Mangala,Tchele,Church,ECC,Low,Trained on Ebola,KPI,1,2
879365416,2026-09-26,Ituri,Djugu,Mangala,Tchele,Church,ECC,Low,Trained on Ebola,KPI,1,2
879365422,2026-09-26,Ituri,Djugu,Mangala,Tchele,Church,ECC,Low,Trained on Ebola,KPI,1,2
879365427,2026-09-26,Ituri,Djugu,Mangala,Tchele,Church,ECC,Low,Trained on Ebola,KPI,1,2
879365432,2026-09-26,Ituri,Djugu,Mangala,Tchele,Church,ECC,Low,Trained on Ebola,KPI,1,2
879365444,2026-09-26,Ituri,Djugu,Mangala,Tcy,Church,ECC,Low,Trained on Ebola,KPI,1,2
879365450,2026-09-26,Ituri,Djugu,Mangala,Tchele,Church,ECC,Low,Trained on Ebola,KPI,1,2
879365457,2026-09-26,Ituri,Djugu,Mangala,Tchele,Church,ECC,Low,Trained on Ebola,KPI,1,2
879365462,2026-09-26,Ituri,Djugu,Mangala,Tchele,Church,ECC,Low,Trained on Ebola,KPI,1,2
879365465,2026-09-26,Ituri,Djugu,Mangala,Tchele,Church,ECC,Low,Trained on Ebola,KPI,1,2
879365468,2026-09-26,Ituri,Djugu,Mangala,Tchele,Church,ECC,Low,Trained on Ebola,KPI,1,2
879365474,2026-09-26,Ituri,Djugu,Mangala,Tchele,Church,ECC,Low,Trained on Ebola,KPI,1,2
879365478,2026-09-26,Ituri,Djugu,Mangala,Tchele,Church,ECC,Low,Trained on Ebola,KPI,1,2
879552531,2026-09-27,Ituri,Djugu,Mangala,Tchele,Church,ECC,Low,Trained on Ebola,KPI,1,2
879554947,2026-09-27,Ituri,Djugu,Mangala,Tchele,Church,ECC,Low,Trained on Ebola,KPI,1,2
879635788,2026-09-27,Ituri,Djugu,Lita,Mutumbi,Faith-based health care facility,Roman Catholic Church,High,Trained on Ebola,KPI,0,2
879635794,2026-09-27,Ituri,Djugu,Lita,Mutumbi,Church,Roman Catholic Church,Moderate,Trained on Ebola,KPI,1,2
879635804,2026-09-27,Ituri,Djugu,Lita,Mutumbi,Church,ECC,High,Trained on Ebola,KPI,1,2
879635814,2026-09-27,Ituri,Djugu,Lita,Mutumbi,Church,Roman Catholic Church,Moderate,Trained on Ebola,KPI,1,2
879635826,2026-09-27,Ituri,Djugu,Lita,Mutumbi,Denominational school,ECC,Moderate,Trained on Ebola,KPI,0,2
879685393,2026-09-23,Ituri,Djugu,Lita,Katoto,Faith-based health care facility,ECC,Low,Trained on Ebola,KPI,0,2
879685396,2026-09-24,Ituri,Djugu,Lita,Katoto,Church,ECC,High,Trained on Ebola,KPI,0,2
879685410,2026-09-25,Ituri,Djugu,Lita,Katoto,Church,ECC,Low,Trained on Ebola,KPI,0,2
879685425,2026-09-25,Ituri,Djugu,Lita,Katoto,Church,ECC,Moderate,Trained on Ebola,KPI,1,2
879685439,2026-09-25,Ituri,Djugu,Lita,Katoto,Church,ECC,High,Trained on Ebola,KPI,0,2
879685455,2026-09-25,Ituri,Djugu,Lita,Katoto,Church,Roman Catholic Church,Low,Trained on Ebola,KPI,0,2
879685474,2026-09-26,Ituri,Djugu,Lita,Katoto,Church,ECC,High,Trained on Ebola,KPI,0,2
879685485,2026-09-26,Ituri,Djugu,Lita,Katoto,Church,Roman Catholic Church,Moderate,Trained on Ebola,KPI,0,2
879685494,2026-09-26,Ituri,Djugu,Lita,Katoto,Church,Roman Catholic Church,Moderate,Trained on Ebola,KPI,0,2
879685509,2026-09-27,Ituri,Djugu,Lita,Katoto,Church,ECC,Low,Trained on Ebola,KPI,1,2
879685519,2026-09-27,Ituri,Djugu,Lita,Katoto,Church,ECC,Low,Trained on Ebola,KPI,1,2
879685625,2026-09-27,Ituri,Djugu,Lita,Katoto,Church,ECC,Low,Trained on Ebola,KPI,1,2
879685659,2026-09-27,Ituri,Djugu,Lita,Katoto,Church,ECC,Low,Trained on Ebola,KPI,0,2
879685672,2026-09-27,Ituri,Djugu,Lita,Katoto,Church,Roman Catholic Church,Low,Trained on Ebola,KPI,0,2
879685682,2026-09-27,Ituri,Djugu,Lita,Katoto,Church,Roman Catholic Church,High,Trained on Ebola,KPI,0,2
879685686,2026-09-27,Ituri,Djugu,Lita,Katoto,Church,Roman Catholic Church,Low,Trained on Ebola,KPI,0,2
879686019,2026-09-27,Ituri,Djugu,Lita,Katoto,Church,ECC,Low,Trained on Ebola,KPI,1,2
879686043,2026-09-27,Ituri,Djugu,Lita,Katoto,Church,ECC,Moderate,Trained on Ebola,KPI,1,2
879686056,2026-09-27,Ituri,Djugu,Lita,Katoto,Church,ECC,Moderate,Trained on Ebola,KPI,1,2
879686066,2026-09-27,Ituri,Djugu,Lita,Katoto,Church,ECC,Low,Trained on Ebola,KPI,0,2
841199154,2026-08-16,North Kivu,Beni,Beni,Kanzuli,Church,ECC,Moderate,Willing to participate,KPI,1,3
841548610,2026-08-17,North Kivu,Beni,Beni,Kanzuli,Church,ECC,Low,Willing to participate,KPI,1,3
842785213,2026-08-18,North Kivu,Beni,Beni,Kanzuli,Church,ECC,Moderate,Willing to participate,KPI,0,3
843341124,2026-08-18,North Kivu,Beni,Beni,Ngongolio,Church,ECC,High,Willing to participate,KPI,1,3
843348882,2026-08-18,North Kivu,Beni,Beni,Ngongolio,Church,ECC,High,Willing to participate,KPI,1,3
843365757,2026-08-18,North Kivu,Beni,Beni,Tamende,Church,ECC,High,Willing to participate,KPI,1,3
843369063,2026-08-18,North Kivu,Beni,Beni,Ngongolio,Church,ECC,High,Willing to participate,KPI,1,3
843770142,2026-08-19,North Kivu,Beni,Beni,Boikene,Church,ECC,High,Willing to participate,KPI,1,3
843828499,2026-08-18,North Kivu,Beni,Beni,Tamende,Church,ECC,Low,Willing to participate,KPI,1,3
843841750,2026-08-19,North Kivu,Beni,Beni,Tamende,Church,Roman Catholic Church,Moderate,Willing to participate,KPI,1,3
843887195,2026-08-19,North Kivu,Beni,Beni,Boikene,Denominational school,ECC,Moderate,Willing to participate,KPI,1,3
843917903,2026-08-19,North Kivu,Beni,Beni,Boikene,Church,ECC,High,Willing to participate,KPI,1,3
843940314,2026-08-19,North Kivu,Beni,Beni,Boikene,Church,ECC,High,Willing to participate,KPI,1,3
843992799,2026-08-19,North Kivu,Beni,Beni,Boikene,Church,ECC,High,Willing to participate,KPI,1,3
844181691,2026-08-19,North Kivu,Beni,Beni,Boikene,Church,ECC,High,Willing to participate,KPI,1,3
845990019,2026-08-21,North Kivu,Beni,Beni,Mabakanga,Faith-based health care facility,ECC,Moderate,Willing to participate,KPI,1,3
846487418,2026-08-21,North Kivu,Beni,Beni,Kanzuli,Church,ECC,High,Willing to participate,KPI,1,3
846728240,2026-08-22,North Kivu,Beni,Beni,Boikene,Church,ECC,Moderate,Willing to participate,KPI,1,3
846742619,2026-08-22,North Kivu,Beni,Beni,Boikene,Church,ECC,Moderate,Willing to participate,KPI,1,3
846748689,2026-08-22,North Kivu,Beni,Beni,Boikene,Denominational school,ECC,High,Willing to participate,KPI,1,3
847057490,2026-08-22,North Kivu,Beni,Beni,Mandrandele,Church,ECC,High,Willing to participate,KPI,1,3
847069287,2026-08-22,North Kivu,Beni,Beni,Mandrandele,Church,ECC,High,Willing to participate,KPI,1,3
847082157,2026-08-22,North Kivu,Beni,Beni,Mandrandele,Church,ECC,High,Willing to participate,KPI,1,3
847268921,2026-08-23,North Kivu,Beni,Beni,Kasabinyole,Church,ECC,Low,Willing to participate,KPI,1,3
847273941,2026-08-23,North Kivu,Beni,Beni,Kasabinyole,Church,ECC,Low,Willing to participate,KPI,1,3
847285482,2026-08-23,North Kivu,Beni,Beni,Tuungane,Church,ECC,Low,Willing to participate,KPI,1,3
847289604,2026-08-23,North Kivu,Beni,Beni,Tuungane,Denominational school,ECC,Low,Willing to participate,KPI,1,3
847293655,2026-08-23,North Kivu,Beni,Beni,Tuungane,Denominational school,ECC,Low,Willing to participate,KPI,1,3
847297827,2026-08-23,North Kivu,Beni,Beni,Tuungane,Church,ECC,Low,Willing to participate,KPI,1,3
847302416,2026-08-23,North Kivu,Beni,Beni,Tuungane,Church,ECC,Low,Willing to participate,KPI,1,3
847307012,2026-08-23,North Kivu,Beni,Beni,Anglicane,Denominational school,ECC,Low,Willing to participate,KPI,1,3
847311861,2026-08-23,North Kivu,Beni,Beni,Anglicane,Church,ECC,Low,Willing to participate,KPI,1,3
847586408,2026-08-23,North Kivu,Beni,Beni,Kuka,Church,ECC,Moderate,Willing to participate,KPI,1,3
847600556,2026-08-23,North Kivu,Beni,Beni,Kuka,Church,ECC,High,Willing to participate,KPI,1,3
847610633,2026-08-23,North Kivu,Beni,Beni,Kuka,Church,ECC,High,Willing to participate,KPI,1,3
847862794,2026-08-14,North Kivu,Beni,Beni,Malepe,Church,ECC,High,Willing to participate,KPI,1,3
849046030,2026-08-25,North Kivu,Beni,Beni,Ngongolio,Church,ECC,High,Willing to participate,KPI,1,3
850045824,2026-08-26,North Kivu,Beni,Beni,Mangothe,Church,ECC,Moderate,Willing to participate,KPI,1,3
850145543,2026-08-24,North Kivu,Beni,Beni,Malepe,Church,ECC,High,Willing to participate,KPI,1,3
850180468,2026-08-26,North Kivu,Beni,Beni,Butanuka,Church,ECC,High,Willing to participate,KPI,1,3
850508336,2026-08-26,North Kivu,Beni,Beni,Mabakanga,Faith-based health care facility,ECC,Low,Willing to participate,KPI,1,3
850633361,2026-08-26,North Kivu,Beni,Beni,Tamende,Church,ECC,Low,Willing to participate,KPI,1,3
850649059,2026-08-26,North Kivu,Beni,Beni,Mabakanga,Church,ECC,Moderate,Willing to participate,KPI,1,3
850652676,2026-08-26,North Kivu,Beni,Beni,Gongolio,Church,Roman Catholic Church,Low,Willing to participate,KPI,1,3
850657352,2026-08-26,North Kivu,Beni,Beni,Mabakanga,Church,ECC,High,Willing to participate,KPI,1,3
850690706,2026-08-26,North Kivu,Beni,Beni,Mandrandele,Church,ECC,High,Willing to participate,KPI,0,3
851141363,2026-08-26,North Kivu,Beni,Beni,Boikene,Church,ECC,High,Willing to participate,KPI,1,3
851144057,2026-08-27,North Kivu,Beni,Beni,Malepe,Church,ECC,High,Willing to participate,KPI,1,3
851154720,2026-08-27,North Kivu,Beni,Beni,Malepe,Church,ECC,High,Willing to participate,KPI,1,3
851221822,2026-08-27,North Kivu,Beni,Beni,Malepe,Church,ECC,High,Willing to participate,KPI,1,3
851246506,2026-08-27,North Kivu,Beni,Beni,Malepe,Church,ECC,High,Willing to participate,KPI,1,3
851251697,2026-08-27,North Kivu,Beni,Beni,Rwangoma,Church,ECC,Moderate,Willing to participate,KPI,1,3
851267049,2026-08-27,North Kivu,Beni,Beni,Butanuka,Denominational school,ECC,High,Willing to participate,KPI,1,3
851289789,2026-08-27,North Kivu,Beni,Beni,Butanuka,Denominational organization,ECC,High,Willing to participate,KPI,1,3
851322369,2026-08-27,North Kivu,Beni,Beni,Rwangoma,Church,ECC,Moderate,Willing to participate,KPI,1,3
852140309,2026-08-28,North Kivu,Butembo,Katwa,Mitoya,Denominational school,ECC,Moderate,Willing to participate,KPI,1,3
852167593,2026-08-28,North Kivu,Beni,Beni,Kanzuli,Denominational school,ECC,Low,Willing to participate,KPI,1,3
852170534,2026-08-28,North Kivu,Butembo,Katwa,Katwa,Denominational school,ECC,High,Willing to participate,KPI,1,3
852209874,2026-08-28,North Kivu,Beni,Beni,Kanzuli,Church,ECC,Moderate,Willing to participate,KPI,1,3
852221246,2026-08-28,North Kivu,Beni,Beni,Malepe,Church,ECC,Low,Willing to participate,KPI,1,3
852223652,2026-08-28,North Kivu,Butembo,Katwa,Mitoya,Church,ECC,High,Willing to participate,KPI,1,3
852306872,2026-08-28,North Kivu,Beni,Beni,Kasabinyole,Church,ECC,Low,Willing to participate,KPI,1,3
852311269,2026-08-28,North Kivu,Beni,Beni,Gbadolite,Church,ECC,Moderate,Willing to participate,KPI,1,3
852311817,2026-08-28,North Kivu,Beni,Beni,Kanzuli,Church,ECC,Low,Willing to participate,KPI,1,3
853058765,2026-08-29,North Kivu,Beni,Beni,Kanzuli,Church,ECC,Low,Willing to participate,KPI,1,3
853068833,2026-08-29,North Kivu,Beni,Beni,Kanzuli,Church,ECC,Low,Willing to participate,KPI,1,3
853700686,2026-08-30,North Kivu,Butembo,Katwa,Katwa,Denominational school,ECC,Low,Willing to participate,KPI,1,3
853885257,2026-08-29,North Kivu,Beni,Beni,Beni,Church,ECC,Moderate,Willing to participate,KPI,1,3
854183549,2026-08-14,North Kivu,Beni,Beni,Kasabinyole,Church,ECC,High,Willing to participate,KPI,1,3
854192402,2026-08-31,North Kivu,Beni,Beni,Mabolio,Church,ECC,Low,Willing to participate,KPI,1,3
854226558,2026-08-31,North Kivu,Lubero,Lubero,Rughenda,Church,ECC,Moderate,Willing to participate,KPI,0,3
854295690,2026-08-26,North Kivu,Beni,Beni,Malepe,Church,ECC,Moderate,Willing to participate,KPI,1,3
854335472,2026-08-31,North Kivu,Butembo,Katwa,Katwa,Church,ECC,Low,Willing to participate,KPI,0,3
854361138,2026-08-31,North Kivu,Beni,Beni,Kanzuli,Church,ECC,Moderate,Willing to participate,KPI,1,3
854632904,2026-08-31,North Kivu,Butembo,Katwa,Vuhika,Denominational school,ECC,Moderate,Willing to participate,KPI,0,3
857307057,2026-08-30,North Kivu,Butembo,Katwa,Masuli,Faith-based health care facility,ECC,High,Willing to participate,KPI,1,3
858859254,2026-09-04,North Kivu,Beni,Beni,Mandrandele,Church,ECC,High,Willing to participate,KPI,1,3
859495986,2026-08-31,North Kivu,Beni,Beni,Kasabinyole,Church,ECC,High,Willing to participate,KPI,1,3
859495990,2026-08-31,North Kivu,Beni,Beni,Butsili,Church,ECC,High,Willing to participate,KPI,1,3
859495993,2026-08-31,North Kivu,Beni,Beni,Butsili,Church,ECC,High,Willing to participate,KPI,1,3
862786531,2026-09-09,North Kivu,Beni,Beni,Ngilinga Muloku,Church,ECC,High,Willing to participate,KPI,1,3
862801808,2026-09-09,North Kivu,Beni,Beni,Kanzuli,Church,ECC,High,Willing to participate,KPI,1,3
862818930,2026-09-09,North Kivu,Beni,Beni,Kanzuli,Church,ECC,Moderate,Willing to participate,KPI,1,3
862836160,2026-09-09,North Kivu,Beni,Beni,Kanzuli,Denominational school,ECC,Moderate,Willing to participate,KPI,1,3
862888563,2026-09-09,North Kivu,Beni,Beni,Kanzuli Nzuki,Denominational school,ECC,High,Willing to participate,KPI,1,3
875869474,2026-09-21,North Kivu,Beni,Beni,Kasanga,Faith-based health care facility,ECC,Moderate,Willing to participate,KPI,1,3
876079652,2026-09-23,North Kivu,Beni,Beni,Kasanga,Faith-based health care facility,ECC,Low,Willing to participate,KPI,1,3
876920737,2026-09-22,Ituri,Djugu,Mangala,Tchele,Church,Roman Catholic Church,Low,Willing to participate,KPI,1,3
876996119,2026-09-24,Ituri,Djugu,Mangala,Tchele,Church,Roman Catholic Church,Low,Willing to participate,KPI,0,3
877017789,2026-09-24,Ituri,Djugu,Mangala,Tchele,Church,Roman Catholic Church,Low,Willing to participate,KPI,0,3
877029755,2026-09-24,Ituri,Djugu,Mangala,Tchele,Church,Roman Catholic Church,Low,Willing to participate,KPI,0,3
877043915,2026-09-24,Ituri,Djugu,Mangala,Tchele,Church,Roman Catholic Church,Low,Willing to participate,KPI,1,3
878062446,2026-09-25,Ituri,Djugu,Lita,Mutumbi,Church,ECC,High,Willing to participate,KPI,1,3
878062450,2026-09-25,Ituri,Djugu,Lita,Mutumbi,Church,ECC,Low,Willing to participate,KPI,1,3
878062460,2026-09-25,Ituri,Djugu,Lita,Mutumbi,Church,ECC,Low,Willing to participate,KPI,1,3
878062468,2026-09-25,Ituri,Djugu,Lita,Mutumbi,Church,ECC,High,Willing to participate,KPI,1,3
878062475,2026-09-25,Ituri,Djugu,Lita,Mutumbi,Church,ECC,Moderate,Willing to participate,KPI,1,3
878771972,2026-09-25,Ituri,Djugu,Mangala,Tchele,Church,Roman Catholic Church,Low,Willing to participate,KPI,0,3
878771977,2026-09-26,Ituri,Djugu,Mangala,Tchele,Church,ECC,Low,Willing to participate,KPI,0,3
878775076,2026-09-26,Ituri,Djugu,Mangala,Tchele,Church,ECC,Low,Willing to participate,KPI,1,3
878784129,2026-09-26,Ituri,Djugu,Mangala,Tchele,Church,Roman Catholic Church,Low,Willing to participate,KPI,1,3
878790544,2026-09-26,Ituri,Djugu,Mangala,Tchele,Church,Roman Catholic Church,Low,Willing to participate,KPI,1,3
878794554,2026-09-26,Ituri,Djugu,Mangala,Tchele,Church,Roman Catholic Church,Low,Willing to participate,KPI,1,3
878860056,2026-09-26,Ituri,Djugu,Mangala,Tchele,Church,Roman Catholic Church,Low,Willing to participate,KPI,1,3
878863016,2026-09-26,Ituri,Djugu,Mangala,Tchele,Church,ECC,Low,Willing to participate,KPI,0,3
878869824,2026-09-26,Ituri,Djugu,Mangala,Tchele,Church,ECC,Low,Willing to participate,KPI,0,3
878896880,2026-09-26,Ituri,Djugu,Mangala,Tchele,Church,ECC,Low,Willing to participate,KPI,0,3
878997028,2026-09-26,Ituri,Djugu,Lita,Bahwere,Denominational school,ECC,Low,Willing to participate,KPI,1,3
878997035,2026-09-26,Ituri,Djugu,Lita,Bahwere,Denominational school,ECC,Low,Willing to participate,KPI,1,3
878997051,2026-09-26,Ituri,Djugu,Lita,Bahwere,Church,ECC,Low,Willing to participate,KPI,1,3
878997059,2026-09-26,Ituri,Djugu,Lita,Bahwere,Church,ECC,Moderate,Willing to participate,KPI,1,3
878997068,2026-09-26,Ituri,Djugu,Lita,Bahwere,Denominational school,ECC,Moderate,Willing to participate,KPI,1,3
878997075,2026-09-26,Ituri,Djugu,Lita,Bahwere,Church,Roman Catholic Church,Moderate,Willing to participate,KPI,1,3
878997091,2026-09-26,Ituri,Djugu,Lita,Bahwere,Church,ECC,Moderate,Willing to participate,KPI,1,3
878997100,2026-09-26,Ituri,Djugu,Lita,Bahwere,Denominational organization,ECC,Moderate,Willing to participate,KPI,1,3
878997108,2026-09-26,Ituri,Djugu,Lita,Bahwere,Church,ECC,Low,Willing to participate,KPI,1,3
878997115,2026-09-26,Ituri,Djugu,Lita,Bahwere,Church,ECC,Moderate,Willing to participate,KPI,1,3
879117541,2026-09-26,Ituri,Djugu,Mangala,Tchele,Church,ECC,Low,Willing to participate,KPI,0,3
879122054,2026-09-26,Ituri,Djugu,Mangala,Tchele,Church,ECC,Low,Willing to participate,KPI,0,3
879202178,2026-09-25,Ituri,Djugu,Mangala,Tchele,Church,ECC,Low,Willing to participate,KPI,1,3
879365390,2026-09-25,Ituri,Djugu,Mangala,Tchele,Church,ECC,Low,Willing to participate,KPI,1,3
879365392,2026-09-25,Ituri,Djugu,Mangala,Tchele,Church,ECC,Low,Willing to participate,KPI,1,3
879365398,2026-09-25,Ituri,Djugu,Mangala,Tchele,Church,ECC,Low,Willing to participate,KPI,0,3
879365403,2026-09-25,Ituri,Djugu,Mangala,Tchele,Church,ECC,Low,Willing to participate,KPI,1,3
879365407,2026-09-26,Ituri,Djugu,Mangala,Tchele,Church,ECC,Low,Willing to participate,KPI,1,3
879365412,2026-09-26,Ituri,Djugu,Mangala,Tchele,Church,ECC,Low,Willing to participate,KPI,1,3
879365414,2026-09-26,Ituri,Djugu,Mangala,Tchele,Church,ECC,Low,Willing to participate,KPI,1,3
879365416,2026-09-26,Ituri,Djugu,Mangala,Tchele,Church,ECC,Low,Willing to participate,KPI,1,3
879365422,2026-09-26,Ituri,Djugu,Mangala,Tchele,Church,ECC,Low,Willing to participate,KPI,1,3
879365427,2026-09-26,Ituri,Djugu,Mangala,Tchele,Church,ECC,Low,Willing to participate,KPI,1,3
879365432,2026-09-26,Ituri,Djugu,Mangala,Tchele,Church,ECC,Low,Willing to participate,KPI,1,3
879365444,2026-09-26,Ituri,Djugu,Mangala,Tcy,Church,ECC,Low,Willing to participate,KPI,0,3
879365450,2026-09-26,Ituri,Djugu,Mangala,Tchele,Church,ECC,Low,Willing to participate,KPI,1,3
879365457,2026-09-26,Ituri,Djugu,Mangala,Tchele,Church,ECC,Low,Willing to participate,KPI,1,3
879365462,2026-09-26,Ituri,Djugu,Mangala,Tchele,Church,ECC,Low,Willing to participate,KPI,1,3
879365465,2026-09-26,Ituri,Djugu,Mangala,Tchele,Church,ECC,Low,Willing to participate,KPI,1,3
879365468,2026-09-26,Ituri,Djugu,Mangala,Tchele,Church,ECC,Low,Willing to participate,KPI,1,3
879365474,2026-09-26,Ituri,Djugu,Mangala,Tchele,Church,ECC,Low,Willing to participate,KPI,1,3
879365478,2026-09-26,Ituri,Djugu,Mangala,Tchele,Church,ECC,Low,Willing to participate,KPI,1,3
879552531,2026-09-27,Ituri,Djugu,Mangala,Tchele,Church,ECC,Low,Willing to participate,KPI,1,3
879554947,2026-09-27,Ituri,Djugu,Mangala,Tchele,Church,ECC,Low,Willing to participate,KPI,1,3
879635788,2026-09-27,Ituri,Djugu,Lita,Mutumbi,Faith-based health care facility,Roman Catholic Church,High,Willing to participate,KPI,1,3
879635794,2026-09-27,Ituri,Djugu,Lita,Mutumbi,Church,Roman Catholic Church,Moderate,Willing to participate,KPI,1,3
879635804,2026-09-27,Ituri,Djugu,Lita,Mutumbi,Church,ECC,High,Willing to participate,KPI,1,3
879635814,2026-09-27,Ituri,Djugu,Lita,Mutumbi,Church,Roman Catholic Church,Moderate,Willing to participate,KPI,0,3
879635826,2026-09-27,Ituri,Djugu,Lita,Mutumbi,Denominational school,ECC,Moderate,Willing to participate,KPI,1,3
879685393,2026-09-23,Ituri,Djugu,Lita,Katoto,Faith-based health care facility,ECC,Low,Willing to participate,KPI,0,3
879685396,2026-09-24,Ituri,Djugu,Lita,Katoto,Church,ECC,High,Willing to participate,KPI,0,3
879685410,2026-09-25,Ituri,Djugu,Lita,Katoto,Church,ECC,Low,Willing to participate,KPI,1,3
879685425,2026-09-25,Ituri,Djugu,Lita,Katoto,Church,ECC,Moderate,Willing to participate,KPI,1,3
879685439,2026-09-25,Ituri,Djugu,Lita,Katoto,Church,ECC,High,Willing to participate,KPI,1,3
879685455,2026-09-25,Ituri,Djugu,Lita,Katoto,Church,Roman Catholic Church,Low,Willing to participate,KPI,0,3
879685474,2026-09-26,Ituri,Djugu,Lita,Katoto,Church,ECC,High,Willing to participate,KPI,0,3
879685485,2026-09-26,Ituri,Djugu,Lita,Katoto,Church,Roman Catholic Church,Moderate,Willing to participate,KPI,0,3
879685494,2026-09-26,Ituri,Djugu,Lita,Katoto,Church,Roman Catholic Church,Moderate,Willing to participate,KPI,0,3
879685509,2026-09-27,Ituri,Djugu,Lita,Katoto,Church,ECC,Low,Willing to participate,KPI,1,3
879685519,2026-09-27,Ituri,Djugu,Lita,Katoto,Church,ECC,Low,Willing to participate,KPI,0,3
879685625,2026-09-27,Ituri,Djugu,Lita,Katoto,Church,ECC,Low,Willing to participate,KPI,1,3
879685659,2026-09-27,Ituri,Djugu,Lita,Katoto,Church,ECC,Low,Willing to participate,KPI,0,3
879685672,2026-09-27,Ituri,Djugu,Lita,Katoto,Church,Roman Catholic Church,Low,Willing to participate,KPI,0,3
879685682,2026-09-27,Ituri,Djugu,Lita,Katoto,Church,Roman Catholic Church,High,Willing to participate,KPI,0,3
879685686,2026-09-27,Ituri,Djugu,Lita,Katoto,Church,Roman Catholic Church,Low,Willing to participate,KPI,0,3
879686019,2026-09-27,Ituri,Djugu,Lita,Katoto,Church,ECC,Low,Willing to participate,KPI,1,3
879686043,2026-09-27,Ituri,Djugu,Lita,Katoto,Church,ECC,Moderate,Willing to participate,KPI,1,3
879686056,2026-09-27,Ituri,Djugu,Lita,Katoto,Church,ECC,Moderate,Willing to participate,KPI,1,3
879686066,2026-09-27,Ituri,Djugu,Lita,Katoto,Church,ECC,Low,Willing to participate,KPI,1,3
